id,usgs_id,name,alternate_names,name_source,name_source_id,name_match_method,area_km2,population,population_year,population_source,population_method,latitude,longitude,ne_feature_id,ne_name,sovereign_state,country,map_unit,map_subunit,region,subregion
1002855,318879,Java,"[""Nusa Were"", ""Noesawere""]",USGS Global Islands,318879,source-primary,126641.633185,155009888.2567288,2025,WorldPop R2025A 2025 1km,1km-raster,-7.327605341999941,109.61374106053503,1159320845,Indonesia,Indonesia,Indonesia,Indonesia,Indonesia,Asia,South-Eastern Asia
1002853,318877,Honshu,[],USGS Global Islands,318877,source-primary,227852.438814,99855130.94995165,2025,WorldPop R2025A 2025 1km,1km-raster,37.49015666350007,139.83526516736217,1159320941,Honshu,Japan,Japan,Japan,Honshu,Asia,Eastern Asia
1003236,319260,Great Britain,[],USGS Global Islands,319260,source-primary,219076.388993,66752883.95253806,2025,WorldPop R2025A 2025 1km,1km-raster,54.315183639000054,-1.917224192873607,1159320743,England,United Kingdom,United Kingdom,England,England,Europe,Northern Europe
1002858,318882,Luzon,"[""Lu\u00e7on""]",USGS Global Islands,318882,source-primary,104239.602041,59980998.409805536,2025,WorldPop R2025A 2025 1km,1km-raster,15.592701963000053,120.75606654767844,1159321169,Philippines,Philippines,Philippines,Philippines,Philippines,Asia,South-Eastern Asia
1002883,318907,Sumatra,[],USGS Global Islands,318907,source-primary,425283.080335,55832847.58866971,2025,WorldPop R2025A 2025 1km,1km-raster,-0.14290207499993812,101.57120266549458,1159320845,Indonesia,Indonesia,Indonesia,Indonesia,Indonesia,Asia,South-Eastern Asia
1002859,318883,Madagascar,[],USGS Global Islands,318883,source-primary,589438.117224,31900545.402770225,2025,WorldPop R2025A 2025 1km,1km-raster,-18.772127083499953,46.71128025277784,1159321051,Madagascar,Madagascar,Madagascar,Madagascar,Madagascar,Africa,Eastern Africa
1002862,318886,Mindanao,"[""Igat Island""]",USGS Global Islands,318886,source-primary,93858.9429743,24381692.379094914,2025,WorldPop R2025A 2025 1km,1km-raster,7.6896714905000465,125.23677511490972,1159321169,Philippines,Philippines,Philippines,Philippines,Philippines,Asia,South-Eastern Asia
1002846,318870,Borneo,[],USGS Global Islands,318870,source-primary,718332.88262,23072245.799960084,2025,WorldPop R2025A 2025 1km,1km-raster,1.4296582730000296,114.74095346631768,1159320845,Indonesia,Indonesia,Indonesia,Indonesia,Indonesia,Asia,South-Eastern Asia
1002852,318876,Hispaniola,"[""Cayo La Bocaina""]",USGS Global Islands,318876,source-primary,73972.1071875,22907366.90471039,2025,WorldPop R2025A 2025 1km,1km-raster,18.778272767000033,-70.54258423248193,1159320563,Dominican Rep.,Dominican Republic,Dominican Republic,Dominican Republic,Dominican Republic,Americas,Caribbean
1003243,319267,Taiwan,[],USGS Global Islands,319267,source-primary,35773.0319498,22876831.75631915,2025,WorldPop R2025A 2025 1km,1km-raster,23.598142623500053,120.84237129507852,1159321335,Taiwan,Taiwan,Taiwan,Taiwan,Taiwan,Asia,Eastern Asia
1002881,318905,Sri Lanka,"[""Ceylan""]",USGS Global Islands,318905,source-primary,65490.4568797,22699387.48604288,2025,WorldPop R2025A 2025 1km,1km-raster,7.876803516000052,80.63879322748487,1159321025,Sri Lanka,Sri Lanka,Sri Lanka,Sri Lanka,Sri Lanka,Asia,Southern Asia
1002882,318906,Sulawesi,[],USGS Global Islands,318906,source-primary,168848.646272,18745868.43719122,2025,WorldPop R2025A 2025 1km,1km-raster,-1.9758598814999573,120.29464442855729,1159320845,Indonesia,Indonesia,Indonesia,Indonesia,Indonesia,Asia,South-Eastern Asia
1003237,319261,New Guinea,[],USGS Global Islands,319261,source-primary,768675.411372,13733173.342337642,2025,WorldPop R2025A 2025 1km,1km-raster,-5.522815703999953,142.62248289427217,1159321177,Papua New Guinea,Papua New Guinea,Papua New Guinea,Papua New Guinea,Papua New Guinea,Oceania,Melanesia
1002857,318881,Kyushu,"[""Kiou Siou""]",USGS Global Islands,318881,source-primary,36734.1979093,11890853.075464193,2025,WorldPop R2025A 2025 1km,1km-raster,32.48222437000004,131.14500036112685,1159320957,Kyushu,Japan,Japan,Japan,Kyushu,Asia,Eastern Asia
1002847,318871,Cuba,[],USGS Global Islands,318871,source-primary,104952.91853,10840208.262909276,2025,WorldPop R2025A 2025 1km,1km-raster,21.516799969500056,-77.95830064322902,1159320527,Cuba,Cuba,Cuba,Cuba,Cuba,Americas,Caribbean
1002850,318874,Hainan,"[""Hai Nan""]",USGS Global Islands,318874,source-primary,34062.7798547,10088292.508346455,2025,WorldPop R2025A 2025 1km,1km-raster,19.16104137000005,109.62947105625702,1159320479,Hainan,China,China,China,Hainan,Asia,Eastern Asia
1002957,318981,Long,"[""Youngs"", ""Plumb Island""]",USGS Global Islands,318981,source-primary,3501.33614927,7776319.528645544,2025,WorldPop R2025A 2025 1km,1km-raster,40.85144426250005,-73.09921584878607,1159321393,United States of America,United States of America,United States of America,United States of America,United States,Americas,Northern America
1002854,318878,Ireland,[],USGS Global Islands,318878,source-primary,83882.6205832,7160357.086170646,2025,WorldPop R2025A 2025 1km,1km-raster,53.41555111300008,-7.966505458326555,1159320877,Ireland,Ireland,Ireland,Ireland,Ireland,Europe,Northern Europe
1003232,319256,Singapore,[],USGS Global Islands,319256,source-primary,629.336591841,5842647.285211444,2025,WorldPop R2025A 2025 1km,1km-raster,1.3459863055000483,103.83157935625161,1159321247,Singapore,Singapore,Singapore,Singapore,Singapore,Asia,South-Eastern Asia
1003238,319262,Hokkaido,[],USGS Global Islands,319262,source-primary,77628.1627405,5113622.352787431,2025,WorldPop R2025A 2025 1km,1km-raster,43.45888900800006,143.3314781461243,1159320945,Hokkaido,Japan,Japan,Japan,Hokkaido,Asia,Eastern Asia
1009202,325547,Salsette Island,[],USGS Global Islands,325547,source-primary,631.395532648,4855559.011634802,2025,WorldPop R2025A 2025 1km,1km-raster,19.105456275500046,72.89287576685814,1159320855,India,India,India,India,India,Asia,Southern Asia
1002863,318887,Negros,"[""Pitogo Island""]",USGS Global Islands,318887,source-primary,12769.1180066,4768793.784866792,2025,WorldPop R2025A 2025 1km,1km-raster,10.021032868000049,123.00619508211895,1159321169,Philippines,Philippines,Philippines,Philippines,Philippines,Asia,South-Eastern Asia
1002877,318901,Sicily,[],USGS Global Islands,318901,source-primary,25454.2830835,4716685.4583102055,2025,WorldPop R2025A 2025 1km,1km-raster,37.47249693050006,14.139004521585239,1159320929,Sicily,Italy,Italy,Italy,Sicily,Europe,Southern Europe
1002869,318893,Panay,"[""Juraojurao Islet""]",USGS Global Islands,318893,source-primary,11418.6000491,4451870.133118261,2025,WorldPop R2025A 2025 1km,1km-raster,11.173046344000028,122.55179762716477,1159321169,Philippines,Philippines,Philippines,Philippines,Philippines,Asia,South-Eastern Asia
1002922,318946,Bali,"[""Poelau Taboean"", ""Duiven Eiland""]",USGS Global Islands,318946,source-primary,5378.69916463,4449339.939757359,2025,WorldPop R2025A 2025 1km,1km-raster,-8.454863096499935,115.27088304938346,1159320845,Indonesia,Indonesia,Indonesia,Indonesia,Indonesia,Asia,South-Eastern Asia
1002937,318961,Cebu,[],USGS Global Islands,318961,source-primary,4418.66546436,4339561.4822716005,2025,WorldPop R2025A 2025 1km,1km-raster,10.349446352500024,123.78153972986743,1159321169,Philippines,Philippines,Philippines,Philippines,Philippines,Asia,South-Eastern Asia
1002890,318914,North Island,[],USGS Global Islands,318914,source-primary,114399.885892,3954592.8104718076,2025,WorldPop R2025A 2025 1km,1km-raster,-38.003507148999944,175.95644896720623,1159321145,North I.,New Zealand,New Zealand,New Zealand,North Island,Oceania,Australia and New Zealand
1002934,318958,Lombok,[],USGS Global Islands,318958,source-primary,4540.28734715,3907551.9929519235,2025,WorldPop R2025A 2025 1km,1km-raster,-8.583577056999928,116.35827119493092,1159320845,Indonesia,Indonesia,Indonesia,Indonesia,Indonesia,Asia,South-Eastern Asia
1002939,318963,Madura,"[""Pulau Madura""]",USGS Global Islands,318963,source-primary,4452.43809729,3906600.859496081,2025,WorldPop R2025A 2025 1km,1km-raster,-7.058428447999972,113.28509169558268,1159320845,Indonesia,Indonesia,Indonesia,Indonesia,Indonesia,Asia,South-Eastern Asia
1002876,318900,Shikoku,[],USGS Global Islands,318900,source-primary,18325.1415869,3486551.844139345,2025,WorldPop R2025A 2025 1km,1km-raster,33.56053019850006,133.37330274645097,1159320949,Shikoku,Japan,Japan,Japan,Shikoku,Asia,Eastern Asia
1002886,318910,Timor,[],USGS Global Islands,318910,source-primary,28608.2002199,3374828.150342363,2025,WorldPop R2025A 2025 1km,1km-raster,-9.346005315999946,124.63726603658068,1159321317,Timor-Leste,East Timor,East Timor,East Timor,East Timor,Asia,South-Eastern Asia
1002905,318929,Puerto Rico,[],USGS Global Islands,318929,source-primary,8712.23774398,3206454.045078906,2025,WorldPop R2025A 2025 1km,1km-raster,18.221176063500053,-66.40342513441,1159321363,Puerto Rico,United States of America,Puerto Rico,Puerto Rico,Puerto Rico,Americas,Caribbean
1018413,337106,Mekong Delta,[],USGS Global Islands,337106,source-primary,4439.70847445,2910238.8993467693,2025,WorldPop R2025A 2025 1km,1km-raster,10.050082956500063,106.04121806122122,1159321417,Vietnam,Vietnam,Vietnam,Vietnam,Vietnam,Asia,South-Eastern Asia
1002896,318920,Jamaica,"[""Jama\u00efque""]",USGS Global Islands,318920,source-primary,10977.6690502,2806390.2382513424,2025,WorldPop R2025A 2025 1km,1km-raster,18.114884762500054,-77.15997076299033,1159320931,Jamaica,Jamaica,Jamaica,Jamaica,Jamaica,Americas,Caribbean
1002914,318938,Zealand,"[""Sjaelland""]",USGS Global Islands,318938,source-primary,7178.38414598,2586896.785686043,2025,WorldPop R2025A 2025 1km,1km-raster,55.546639568000046,11.698207197827582,1159320547,Denmark,Denmark,Denmark,Denmark,Denmark,Europe,Northern Europe
1002912,318936,Leyte,[],USGS Global Islands,318936,source-primary,7012.44318638,2377289.990560321,2025,WorldPop R2025A 2025 1km,1km-raster,10.781342893500039,124.89334793646267,1159321169,Philippines,Philippines,Philippines,Philippines,Philippines,Asia,South-Eastern Asia
1009790,326173,Mu Yu,[],USGS Global Islands,326173,source-primary,141.459099422,2109666.8060741425,2025,WorldPop R2025A 2025 1km,1km-raster,24.491506205000036,118.13330535947392,1159320481,China,China,China,China,China,Asia,Eastern Asia
1002849,318873,Flores,[],USGS Global Islands,318873,source-primary,14037.4111946,1918520.0242714996,2025,WorldPop R2025A 2025 1km,1km-raster,-8.509878388999965,120.5980030929259,1159320845,Indonesia,Indonesia,Indonesia,Indonesia,Indonesia,Asia,South-Eastern Asia
1009329,325685,Jazīrat al Qaţ‘ah,"[""Bubiyan""]",USGS Global Islands,325685,source-primary,2514.04327749,1917775.9583636888,2025,WorldPop R2025A 2025 1km,1km-raster,30.239239461500063,48.13208997733747,1159320891,Iraq,Iraq,Iraq,Iraq,Iraq,Asia,Western Asia
1002528,337794,Île de Dinh Vu,[],GNS,-4934551,point-in-polygon,859.30458481,1823169.1234925985,2025,WorldPop R2025A 2025 1km,1km-raster,20.877955328500036,106.56580036116966,1159321417,Vietnam,Vietnam,Vietnam,Vietnam,Vietnam,Asia,South-Eastern Asia
1003053,319077,Bhola,[],USGS Global Islands,319077,source-primary,1288.37126565,1715258.3827753072,2025,WorldPop R2025A 2025 1km,1km-raster,22.400132360500038,90.76482113927264,1159320407,Bangladesh,Bangladesh,Bangladesh,Bangladesh,Bangladesh,Asia,Southern Asia
1002884,318908,Sumbawa,"[""Gili Kaki""]",USGS Global Islands,318908,source-primary,14417.998233,1597847.7653397587,2025,WorldPop R2025A 2025 1km,1km-raster,-8.594875607499972,117.27167866719972,1159320845,Indonesia,Indonesia,Indonesia,Indonesia,Indonesia,Asia,South-Eastern Asia
1002872,318896,Samar,"[""Balinatio Island""]",USGS Global Islands,318896,source-primary,12441.5324047,1591435.0218237482,2025,WorldPop R2025A 2025 1km,1km-raster,11.769173438500047,125.22303097867689,1159321169,Philippines,Philippines,Philippines,Philippines,Philippines,Asia,South-Eastern Asia
1002873,318897,Sardinia,[],USGS Global Islands,318897,source-primary,23799.0145155,1537985.5921337253,2025,WorldPop R2025A 2025 1km,1km-raster,40.06160259500004,9.097847845716204,1159320921,Sardinia,Italy,Italy,Italy,Sardinia,Europe,Southern Europe
1003057,319081,Sao Luis,"[""Maranh\u00e3o"", ""S\u00e3o Luiz do Maranh\u00e3o""]",USGS Global Islands,319081,source-primary,855.22065773,1535374.3543681933,2025,WorldPop R2025A 2025 1km,1km-raster,-2.59284654399994,-44.23720517693539,1159320441,Brazil,Brazil,Brazil,Brazil,Brazil,Americas,South America
1003040,319064,Zanzibar,"[""Unguja""]",USGS Global Islands,319064,source-primary,1591.06688202,1519153.3657522225,2025,WorldPop R2025A 2025 1km,1km-raster,-6.100163728999945,39.3197786313162,1159321341,Zanzibar,United Republic of Tanzania,United Republic of Tanzania,Zanzibar,Zanzibar,Africa,Eastern Africa
1002931,318955,Trinidad,[],USGS Global Islands,318955,source-primary,4828.91527119,1429746.2097679204,2025,WorldPop R2025A 2025 1km,1km-raster,10.442743325500032,-61.26127018372943,1159321323,Trinidad,Trinidad and Tobago,Trinidad and Tobago,Trinidad and Tobago,Trinidad,Americas,Caribbean
1002891,318915,Mindoro,[],USGS Global Islands,318915,source-primary,9799.97599708,1402960.4420298599,2025,WorldPop R2025A 2025 1km,1km-raster,12.86950387400006,121.13389632452686,1159321169,Philippines,Philippines,Philippines,Philippines,Philippines,Asia,South-Eastern Asia
1002904,318928,Cyprus,[],USGS Global Islands,318928,source-primary,9262.22692391,1351733.664928678,2025,WorldPop R2025A 2025 1km,1km-raster,35.12963710550005,33.22982896432161,1159320533,Cyprus,Cyprus,Cyprus,Cyprus,Cyprus,Asia,Western Asia
1003180,319204,Bahrain,"[""Bahrein""]",USGS Global Islands,319204,source-primary,633.354525432,1322995.3536730674,2025,WorldPop R2025A 2025 1km,1km-raster,26.032132724000064,50.552752783497716,1159320413,Bahrain,Bahrain,Bahrain,Bahrain,Bahrain,Asia,Western Asia
1002502,337715,Letkya Kyun,[],GNS,9268589,point-in-polygon,1668.8093266,1289760.478324246,2025,WorldPop R2025A 2025 1km,1km-raster,16.846277358000037,95.84327234543855,1159321067,Myanmar,Myanmar,Myanmar,Myanmar,Myanmar,Asia,South-Eastern Asia
1003077,319101,Okinawa,[],USGS Global Islands,319101,source-primary,1204.42256516,1264871.848014593,2025,WorldPop R2025A 2025 1km,1km-raster,26.475852175000057,127.91299333058484,1159320947,Nansei-shoto,Japan,Japan,Japan,Nanseishoto,Asia,Eastern Asia
1002952,318976,Bohol,[],USGS Global Islands,318976,source-primary,3769.80951747,1226480.4748065597,2025,WorldPop R2025A 2025 1km,1km-raster,9.880546364500049,124.20586401896588,1159321169,Philippines,Philippines,Philippines,Philippines,Philippines,Asia,South-Eastern Asia
1002879,318903,South Island,[],USGS Global Islands,318903,source-primary,150644.1652,1221005.4547812724,2025,WorldPop R2025A 2025 1km,1km-raster,-43.58684615749996,171.21189482202678,1159321147,South I.,New Zealand,New Zealand,New Zealand,South Island,Oceania,Australia and New Zealand
1003013,319037,Mauritius,"[""Maurice""]",USGS Global Islands,319037,source-primary,1863.41313065,1219817.2529098846,2025,WorldPop R2025A 2025 1km,1km-raster,-20.252926560499958,57.59004436678585,1159321079,Mauritius,Mauritius,Mauritius,Mauritius,Mauritius,Africa,Eastern Africa
1002893,318917,Bangka,[],USGS Global Islands,318917,source-primary,11534.3954837,1177460.6728376285,2025,WorldPop R2025A 2025 1km,1km-raster,-2.3084105059999445,106.02856696661638,1159320845,Indonesia,Indonesia,Indonesia,Indonesia,Indonesia,Asia,South-Eastern Asia
1003356,319380,Batam,[],USGS Global Islands,319380,source-primary,391.015173092,1171509.3775455626,2025,WorldPop R2025A 2025 1km,1km-raster,1.0899370840000415,103.98700158140137,1159320845,Indonesia,Indonesia,Indonesia,Indonesia,Indonesia,Asia,South-Eastern Asia
1021741,336259,Mathbaria,[],Banglapedia / Pirojpur local geography,mathbaria-region,local-geographic-landmass,1181.51313022,1167264.6959039597,2025,WorldPop R2025A 2025 1km,1km-raster,22.296477611500052,89.98800323090398,1159320407,Bangladesh,Bangladesh,Bangladesh,Bangladesh,Bangladesh,Asia,Southern Asia
1000314,326198,Nantai Dao,[],USGS Global Islands,326198,source-primary,123.485349725,1130937.802658081,2025,WorldPop R2025A 2025 1km,1km-raster,26.03530650250005,119.29750548529124,1159320481,China,China,China,China,China,Asia,Eastern Asia
1001967,336270,Betagi,[],Banglapedia / Barguna local geography,betagi-region,local-geographic-landmass,1089.94674976,1085318.2421936989,2025,WorldPop R2025A 2025 1km,1km-raster,22.370933210500027,90.17199039673989,1159320407,Bangladesh,Bangladesh,Bangladesh,Bangladesh,Bangladesh,Asia,Southern Asia
1009754,326133,Hong Kong Island,[],USGS Global Islands,326133,source-primary,82.6515047063,1080809.9141272902,2025,WorldPop R2025A 2025 1km,1km-raster,22.244535756500028,114.20556075110122,1159320473,Hong Kong,China,Hong Kong S.A.R.,Hong Kong S.A.R.,Hong Kong S.A.R.,Asia,Eastern Asia
1001975,336278,Jhalokathi,[],Bangladesh local geography,jhalokathi-region,local-geographic-landmass,519.339161403,1004124.4306411743,2025,WorldPop R2025A 2025 1km,1km-raster,22.731905180500036,90.23932297273433,1159320407,Bangladesh,Bangladesh,Bangladesh,Bangladesh,Bangladesh,Asia,Southern Asia
1003039,319063,Oahu,[],USGS Global Islands,319063,source-primary,1552.159221,977925.5704997331,2025,WorldPop R2025A 2025 1km,1km-raster,21.483240294500064,-158.03636645850779,1159321395,Hawaii,United States of America,United States of America,United States of America,Hawaii,Oceania,Polynesia
1002868,318892,Palawan,[],USGS Global Islands,318892,source-primary,11425.4262131,976812.1687937294,2025,WorldPop R2025A 2025 1km,1km-raster,9.876966659500027,118.67647371707199,1159321169,Philippines,Philippines,Philippines,Philippines,Philippines,Asia,South-Eastern Asia
1018264,336924,Phuket,"[""Junkseylon""]",USGS Global Islands,336924,source-primary,522.084422105,967124.4501982331,2025,WorldPop R2025A 2025 1km,1km-raster,7.979050964000066,98.33551376249767,1159321305,Thailand,Thailand,Thailand,Thailand,Thailand,Asia,South-Eastern Asia
1003005,319029,Tenerife,[],USGS Global Islands,319029,source-primary,2039.59443147,932897.5737514679,2025,WorldPop R2025A 2025 1km,1km-raster,28.294338136500073,-16.621330085221896,1159320589,Canary Is.,Spain,Spain,Spain,Canary Islands,Europe,Southern Europe
1002955,318979,Majorca,[],USGS Global Islands,318979,source-primary,3625.36636379,926674.5554741132,2025,WorldPop R2025A 2025 1km,1km-raster,39.61343862100006,2.8804813850446873,1159320593,Balearic Is.,Spain,Spain,Spain,Balearic Islands,Europe,Southern Europe
1003798,319824,Delmarva,[],USGS Global Islands,319824,source-primary,13883.8227838,909663.0294902932,2025,WorldPop R2025A 2025 1km,1km-raster,38.33803205800007,-75.38401642478217,1159321393,United States of America,United States of America,United States of America,United States of America,United States,Americas,Northern America
1002947,318971,Nias,"[""Pulau Nias""]",USGS Global Islands,318971,source-primary,4122.28734709,880038.5097266084,2025,WorldPop R2025A 2025 1km,1km-raster,1.0440536225000585,97.644958418418,1159320845,Indonesia,Indonesia,Indonesia,Indonesia,Indonesia,Asia,South-Eastern Asia
1002983,319007,Reunion,[],USGS Global Islands,319007,source-primary,2507.7213669,865008.6189272326,2025,WorldPop R2025A 2025 1km,1km-raster,-21.130061154999964,55.53662882320111,1159320661,Réunion,France,France,Reunion,Réunion,Africa,Eastern Africa
1002887,318911,Vancouver,[],USGS Global Islands,318911,source-primary,31849.4037499,861835.1514192105,2025,WorldPop R2025A 2025 1km,1km-raster,49.59272548000004,-125.70280294339462,1159320467,Canada,Canada,Canada,Canada,Canada,Americas,Northern America
1018897,337763,Nam Thái Bình,[],Vietnam hydraulic planning sources,nam-thai-binh-hydraulic-region,local-regional-landmass,628.123059055,853752.2782174051,2025,WorldPop R2025A 2025 1km,1km-raster,20.40159448700004,106.43480386252146,1159321417,Vietnam,Vietnam,Vietnam,Vietnam,Vietnam,Asia,South-Eastern Asia
1003045,319069,Gran Canaria,[],USGS Global Islands,319069,source-primary,1560.2484732,847850.9243218895,2025,WorldPop R2025A 2025 1km,1km-raster,27.958692296500033,-15.605372055706844,1159320589,Canary Is.,Spain,Spain,Spain,Canary Islands,Europe,Southern Europe
1003450,319474,Penang,[],USGS Global Islands,319474,source-primary,302.66172862,836837.5199803921,2025,WorldPop R2025A 2025 1km,1km-raster,5.369645509000065,100.25275881244578,1159321083,Malaysia,Malaysia,Malaysia,Malaysia,Malaysia,Asia,South-Eastern Asia
1002898,318922,Sumba,[],USGS Global Islands,318922,source-primary,10910.2569066,820589.3856938613,2025,WorldPop R2025A 2025 1km,1km-raster,-9.796495545499965,120.15208887776012,1159320845,Indonesia,Indonesia,Indonesia,Indonesia,Indonesia,Asia,South-Eastern Asia
1021763,337069,Ben Tre,[],USGS Global Islands,337069,source-primary,1211.86811047,811827.3589178016,2025,WorldPop R2025A 2025 1km,1km-raster,10.160348000000056,106.58442409997093,1159321417,Vietnam,Vietnam,Vietnam,Vietnam,Vietnam,Asia,South-Eastern Asia
1017977,336220,Amtali,[],Bangladesh local geography,amtali-region,local-geographic-landmass,943.251480801,793324.8620538808,2025,WorldPop R2025A 2025 1km,1km-raster,22.118032156000027,90.29472029236635,1159320407,Bangladesh,Bangladesh,Bangladesh,Bangladesh,Bangladesh,Asia,Southern Asia
1002864,318888,New Britain,[],USGS Global Islands,318888,source-primary,35359.2636458,764098.2505233842,2025,WorldPop R2025A 2025 1km,1km-raster,-5.223741080499963,151.55635339711677,1159321177,Papua New Guinea,Papua New Guinea,Papua New Guinea,Papua New Guinea,Papua New Guinea,Oceania,Melanesia
1002899,318923,Fiji,"[""Viti Levu""]",USGS Global Islands,318923,source-primary,10633.0272714,737567.5940422029,2025,WorldPop R2025A 2025 1km,1km-raster,-17.794259144999955,177.97855124184042,1159320625,Fiji,Fiji,Fiji,Fiji,Fiji,Oceania,Melanesia
1003135,319159,Jolo,"[""Jolo Island""]",USGS Global Islands,319159,source-primary,838.362139692,717666.232497278,2025,WorldPop R2025A 2025 1km,1km-raster,5.971184259500063,121.1559185930306,1159321169,Philippines,Philippines,Philippines,Philippines,Philippines,Asia,South-Eastern Asia
1006258,322444,Île de Petit-Bassam,[],USGS Global Islands,322444,source-primary,30.8811264607,705729.2880859375,2025,WorldPop R2025A 2025 1km,1km-raster,5.295267060500038,-3.9785474268052616,1159320507,Côte d'Ivoire,Ivory Coast,Ivory Coast,Ivory Coast,Ivory Coast,Africa,Western Africa
1009248,325602,Char Diāra,[],USGS Global Islands,325602,source-primary,846.745447863,683037.4465041161,2025,WorldPop R2025A 2025 1km,1km-raster,22.331403294500035,90.51154538202823,1159320407,Bangladesh,Bangladesh,Bangladesh,Bangladesh,Bangladesh,Asia,Southern Asia
1009965,326350,Zhoushan Dao,"[""Zhoushan"", ""Zhoushan dao""]",USGS Global Islands,326350,source-primary,512.031412498,656498.7633245245,2025,WorldPop R2025A 2025 1km,1km-raster,30.062699539500073,122.13155110052871,1159320481,China,China,China,China,China,Asia,Eastern Asia
1003015,319039,Jeju,"[""Cheju Do""]",USGS Global Islands,319039,source-primary,1840.52537969,655822.8718675277,2025,WorldPop R2025A 2025 1km,1km-raster,33.38063325150006,126.54781304291318,1159320997,Jejudo,South Korea,South Korea,South Korea,Jejudo,Asia,Eastern Asia
1002520,337761,Hải Hậu–Giao Thủy,[],Vietnam provincial planning geography,hai-hau-giao-thuy-region,local-geographic-landmass,539.175923614,651208.1847190261,2025,WorldPop R2025A 2025 1km,1km-raster,20.191417041500074,106.2707476930436,1159321417,Vietnam,Vietnam,Vietnam,Vietnam,Vietnam,Asia,South-Eastern Asia
1002963,318987,Masbate,"[""Masbate Island""]",USGS Global Islands,318987,source-primary,3185.00145494,641485.2286284143,2025,WorldPop R2025A 2025 1km,1km-raster,12.16130112700003,123.74486968677047,1159321169,Philippines,Philippines,Philippines,Philippines,Philippines,Asia,South-Eastern Asia
1021476,322205,Ilha de São Vicente,[],USGS Global Islands,322205,source-primary,59.6979885073,620584.618927002,2025,WorldPop R2025A 2025 1km,1km-raster,-23.954458040499958,-46.36304138784614,1159320441,Brazil,Brazil,Brazil,Brazil,Brazil,Americas,South America
1021767,337698,Angyi Island,[],Burma Gazetteer - Syriam District,historical-gazetteer-angyi,local-historical-landmass,1678.83041151,616297.6584930924,2025,WorldPop R2025A 2025 1km,1km-raster,16.53236383400005,96.06488443994755,1159321067,Myanmar,Myanmar,Myanmar,Myanmar,Myanmar,Asia,South-Eastern Asia
1002909,318933,Crete,"[""Nisos Spinalonga""]",USGS Global Islands,318933,source-primary,8277.68082051,579444.9739257516,2025,WorldPop R2025A 2025 1km,1km-raster,35.308155802000044,24.46374627732185,1159320811,Greece,Greece,Greece,Greece,Greece,Europe,Southern Europe
1003127,319151,Pemba,[],USGS Global Islands,319151,source-primary,976.797335872,578469.7374882533,2025,WorldPop R2025A 2025 1km,1km-raster,-5.1681988084999375,39.79857191220913,1159321341,Zanzibar,United Republic of Tanzania,United Republic of Tanzania,Zanzibar,Zanzibar,Africa,Eastern Africa
1002885,318909,Tasmania,"[""Tasmanie""]",USGS Global Islands,318909,source-primary,64287.5376207,562501.1993812711,2025,WorldPop R2025A 2025 1km,1km-raster,-42.14227167749996,146.67197847761506,1159320371,Tasmania,Australia,Australia,Australia,Tasmania,Oceania,Australia and New Zealand
1003102,319126,Margarita,"[""Isla de Margarita""]",USGS Global Islands,319126,source-primary,929.805742371,542002.8605981058,2025,WorldPop R2025A 2025 1km,1km-raster,11.02149734650007,-63.90732161428773,1159321411,Venezuela,Venezuela,Venezuela,Venezuela,Venezuela,Americas,South America
1021762,337068,Cù Lao Giài,"[""C\u00f9 Lao Gi\u00e0i""]",USGS Global Islands,337068,source-alternate,903.060859124,539717.8409585953,2025,WorldPop R2025A 2025 1km,1km-raster,10.077265386500073,106.35300645779995,1159321417,Vietnam,Vietnam,Vietnam,Vietnam,Vietnam,Asia,South-Eastern Asia
1002588,338008,Noordereiland,[],GNS,-2982104,point-in-polygon,241.993470919,530825.0166638517,2025,WorldPop R2025A 2025 1km,1km-raster,51.81833991800005,4.6111761932590944,1159321105,Netherlands,Netherlands,Netherlands,Netherlands,Netherlands,Europe,Western Europe
1018389,337070,Mactan,"[""Mactan Island""]",USGS Global Islands,337070,source-primary,60.1271487068,527612.5615501404,2025,WorldPop R2025A 2025 1km,1km-raster,10.288825439500044,123.96955463064299,1159321169,Philippines,Philippines,Philippines,Philippines,Philippines,Asia,South-Eastern Asia
1002874,318898,Seram,[],USGS Global Islands,318898,source-primary,17394.1822955,517447.4219265934,2025,WorldPop R2025A 2025 1km,1km-raster,-3.322586781999945,130.22316777563,1159320845,Indonesia,Indonesia,Indonesia,Indonesia,Indonesia,Asia,South-Eastern Asia
1003069,319093,Chongming,[],USGS Global Islands,319093,source-primary,1444.05001646,517150.366646131,2025,WorldPop R2025A 2025 1km,1km-raster,31.654208158000046,121.54013739768794,1159320481,China,China,China,China,China,Asia,Eastern Asia
1002851,318875,Halmahera,[],USGS Global Islands,318875,source-primary,17989.045786,512352.3878862094,2025,WorldPop R2025A 2025 1km,1km-raster,0.6541206440000451,127.93188584367846,1159320845,Indonesia,Indonesia,Indonesia,Indonesia,Indonesia,Asia,South-Eastern Asia
1003009,319033,Bioko,"[""Fernando Poo""]",USGS Global Islands,319033,source-primary,1936.54221489,509723.41795699426,2025,WorldPop R2025A 2025 1km,1km-raster,3.498539361500036,8.714051840324512,1159320805,Bioko,Equatorial Guinea,Equatorial Guinea,Equatorial Guinea,Bioko,Africa,Middle Africa
1002495,337708,Maubin Island,[],World Bank / historical Burma delta reclamation sources,worldbank-maubin-island,local-historical-landmass,1805.00869161,507732.8940985732,2025,WorldPop R2025A 2025 1km,1km-raster,16.60813246850003,95.55506293361839,1159321067,Myanmar,Myanmar,Myanmar,Myanmar,Myanmar,Asia,South-Eastern Asia
1018864,337660,Thaungkadôn Kyun,[],GNS,-646599,point-in-polygon,2292.74738305,497379.66168223653,2025,WorldPop R2025A 2025 1km,1km-raster,16.06169504850004,95.54728462783962,1159321067,Myanmar,Myanmar,Myanmar,Myanmar,Myanmar,Asia,South-Eastern Asia
1002865,318889,Newfoundland,[],USGS Global Islands,318889,source-primary,108971.102623,492208.3849834018,2025,WorldPop R2025A 2025 1km,1km-raster,49.12085866000007,-56.693733458344326,1159320467,Canada,Canada,Canada,Canada,Canada,Americas,Northern America
1003523,319547,Malta,"[""Malte""]",USGS Global Islands,319547,source-primary,245.81488765,485453.2622449398,2025,WorldPop R2025A 2025 1km,1km-raster,35.902713798000036,14.41370299084805,1159321065,Malta,Malta,Malta,Malta,Malta,Europe,Southern Europe
1002971,318995,Funen,[],USGS Global Islands,318995,source-primary,2994.30012865,476929.0405693185,2025,WorldPop R2025A 2025 1km,1km-raster,55.324704230000066,10.346623415566112,1159320547,Denmark,Denmark,Denmark,Denmark,Denmark,Europe,Northern Europe
1014573,332255,Staten,"[""Staten Island""]",USGS Global Islands,332255,source-primary,150.583396763,475595.58745550556,2025,WorldPop R2025A 2025 1km,1km-raster,40.57186061400006,-74.14373323151901,1159321393,United States of America,United States of America,United States of America,United States of America,United States,Americas,Northern America
1006069,322181,Ilha de Santa Catarina,"[""Santa Catharina"", ""Santa Catarina""]",USGS Global Islands,322181,source-primary,421.793021117,460715.9284518226,2025,WorldPop R2025A 2025 1km,1km-raster,-27.609434169999957,-48.49250232869803,1159320441,Brazil,Brazil,Brazil,Brazil,Brazil,Americas,South America
1003070,319094,Basilan,"[""Basilan Island""]",USGS Global Islands,319094,source-primary,1236.26399683,449816.9800958952,2025,WorldPop R2025A 2025 1km,1km-raster,6.579208789500058,122.03554855727955,1159321169,Philippines,Philippines,Philippines,Philippines,Philippines,Asia,South-Eastern Asia
1003104,319128,Grande Comore,"[""Grande Comoro"", ""Ngazidja""]",USGS Global Islands,319128,source-primary,1012.34230718,419678.52526721696,2025,WorldPop R2025A 2025 1km,1km-raster,-11.652021632499952,43.33118585102912,1159320521,Comoros,Comoros,Comoros,Comoros,Comoros,Africa,Eastern Africa
1003144,319168,Ambon,[],USGS Global Islands,319168,source-primary,774.209856202,417849.58340324805,2025,WorldPop R2025A 2025 1km,1km-raster,-3.6422121494999544,128.0803300530221,1159320845,Indonesia,Indonesia,Indonesia,Indonesia,Indonesia,Asia,South-Eastern Asia
1002871,318895,Sakhalin,"[""Sakhaline""]",USGS Global Islands,318895,source-primary,74326.9928697,417690.4196618338,2025,WorldPop R2025A 2025 1km,1km-raster,50.15553839000006,143.02911142681538,1159321205,Russia,Russia,Russia,Russia,Russia,Asia,Central Asia
1009251,325605,Sandwīp Island,[],USGS Global Islands,325605,source-primary,227.629669901,408219.3841050863,2025,WorldPop R2025A 2025 1km,1km-raster,22.498930455500073,91.49036143168863,1159320407,Bangladesh,Bangladesh,Bangladesh,Bangladesh,Bangladesh,Asia,Southern Asia
1002940,318964,Buton,[],USGS Global Islands,318964,source-primary,4504.87232045,400865.6695497637,2025,WorldPop R2025A 2025 1km,1km-raster,-5.034262898999941,122.88541724872965,1159320845,Indonesia,Indonesia,Indonesia,Indonesia,Indonesia,Asia,South-Eastern Asia
1002975,318999,Muna,"[""Pulau Muna""]",USGS Global Islands,318999,source-primary,2936.21958427,383134.3733366439,2025,WorldPop R2025A 2025 1km,1km-raster,-5.026176034499969,122.53217828095593,1159320845,Indonesia,Indonesia,Indonesia,Indonesia,Indonesia,Asia,South-Eastern Asia
1009810,326193,Haitan Dao,"[""Haitan"", ""Hailan dao""]",USGS Global Islands,326193,source-primary,283.620118485,375942.32079357246,2025,WorldPop R2025A 2025 1km,1km-raster,25.532771877000044,119.76012407835836,1159320481,China,China,China,China,China,Asia,Eastern Asia
1003234,319258,Iceland,[],USGS Global Islands,319258,source-primary,100693.652419,369868.35500566225,2025,WorldPop R2025A 2025 1km,1km-raster,64.96602058350007,-18.441480008677722,1159320917,Iceland,Iceland,Iceland,Iceland,Iceland,Europe,Northern Europe
1002476,337687,Labutta Island,[],World Bank Paddyland II / delta reclamation sources,worldbank-labutta-island,local-historical-landmass,1361.94974282,368497.064087882,2025,WorldPop R2025A 2025 1km,1km-raster,16.275930456000054,94.81106235239596,1159321067,Myanmar,Myanmar,Myanmar,Myanmar,Myanmar,Asia,South-Eastern Asia
1003080,319104,Bintan,[],USGS Global Islands,319104,source-primary,1160.67185563,367426.8945735264,2025,WorldPop R2025A 2025 1km,1km-raster,1.0203422815000351,104.57025088857307,1159320845,Indonesia,Indonesia,Indonesia,Indonesia,Indonesia,Asia,South-Eastern Asia
1003329,319353,Anjouan,[],USGS Global Islands,319353,source-primary,430.217204643,351614.53941098595,2025,WorldPop R2025A 2025 1km,1km-raster,-12.22434792699994,44.40867225804493,1159320521,Comoros,Comoros,Comoros,Comoros,Comoros,Africa,Eastern Africa
1018399,337085,Vung Tau,[],USGS Global Islands,337085,source-primary,70.9158284084,351294.81570756435,2025,WorldPop R2025A 2025 1km,1km-raster,10.390206456500039,107.12723212458829,1159321417,Vietnam,Vietnam,Vietnam,Vietnam,Vietnam,Asia,South-Eastern Asia
1009698,326077,Île des Deux Songs,"[""Deux Songs""]",USGS Global Islands,326077,source-primary,239.536394776,348715.5719089508,2025,WorldPop R2025A 2025 1km,1km-raster,20.94328163700004,106.68034170964293,1159321417,Vietnam,Vietnam,Vietnam,Vietnam,Vietnam,Asia,South-Eastern Asia
1003131,319155,Guadeloupe,[],USGS Global Islands,319155,source-primary,1443.44652131,346859.30619321956,2025,WorldPop R2025A 2025 1km,1km-raster,16.230205872000028,-61.6872171023569,1159320653,Guadeloupe,France,France,Guadeloupe,Guadeloupe,Americas,Caribbean
1003063,319087,Ramree,[],USGS Global Islands,319087,source-primary,1398.28924828,345087.10195726977,2025,WorldPop R2025A 2025 1km,1km-raster,19.14275067500006,93.78844444388608,1159321067,Myanmar,Myanmar,Myanmar,Myanmar,Myanmar,Asia,South-Eastern Asia
1002050,336369,Gajaria,[],Gajaria Upazila local government,https://dae.gajaria.munshiganj.gov.bd/pages/static-pages/6995dea035ce18e1c07af4e8,local-authority-landmass,161.942160236,344924.1914587021,2025,WorldPop R2025A 2025 1km,1km-raster,23.581816060500046,90.63457558964525,1159320407,Bangladesh,Bangladesh,Bangladesh,Bangladesh,Bangladesh,Asia,Southern Asia
1003246,319270,Corsica,"[""Algajola Rocks"", ""Danger d' Algajola""]",USGS Global Islands,319270,source-primary,8723.74568639,337080.25634332374,2025,WorldPop R2025A 2025 1km,1km-raster,42.187736511000054,9.068294959835923,1159320673,Corsica,France,France,France,Corsica,Europe,Southern Europe
1003081,319105,Martinique,[],USGS Global Islands,319105,source-primary,1106.91798577,327696.97804174037,2025,WorldPop R2025A 2025 1km,1km-raster,14.636928604000047,-61.01583800127861,1159320657,Martinique,France,France,Martinique,Martinique,Americas,Caribbean
1002924,318948,Guadalcanal,[],USGS Global Islands,318948,source-primary,5359.93376569,326762.0643724922,2025,WorldPop R2025A 2025 1km,1km-raster,-9.59602509949994,160.14579229272522,1159321249,Solomon Is.,Solomon Islands,Solomon Islands,Solomon Islands,Solomon Islands,Oceania,Melanesia
1002860,318884,Marajo,[],USGS Global Islands,318884,source-primary,31387.7639812,326170.7324176946,2025,WorldPop R2025A 2025 1km,1km-raster,-0.960101465499946,-49.208840510769285,1159320441,Brazil,Brazil,Brazil,Brazil,Brazil,Americas,South America
1002936,318960,Belitung,[],USGS Global Islands,318960,source-primary,4611.6300649,318438.593781086,2025,WorldPop R2025A 2025 1km,1km-raster,-2.899286178999944,107.90594885818614,1159320845,Indonesia,Indonesia,Indonesia,Indonesia,Indonesia,Asia,South-Eastern Asia
1002933,318957,North Jutlandic,[],USGS Global Islands,318957,source-primary,4678.36866941,295678.536885752,2025,WorldPop R2025A 2025 1km,1km-raster,57.16579352300005,9.921436471367286,1159320547,Denmark,Denmark,Denmark,Denmark,Denmark,Europe,Northern Europe
1009296,325650,Jazīrat al Muḩarraq,"[""al Muharraq"", ""Al muharraq""]",USGS Global Islands,325650,source-primary,65.5969819093,294859.5989362225,2025,WorldPop R2025A 2025 1km,1km-raster,26.25895686700005,50.63116910107585,1159320413,Bahrain,Bahrain,Bahrain,Bahrain,Bahrain,Asia,Western Asia
1003518,319542,New Providence,[],USGS Global Islands,319542,source-primary,215.525759764,293587.57140808564,2025,WorldPop R2025A 2025 1km,1km-raster,25.031773120000054,-77.39360039994406,1159320415,Bahamas,The Bahamas,The Bahamas,The Bahamas,The Bahamas,Americas,Caribbean
1000322,326408,Taiping Chow (historical),[],USGS Global Islands,326408,source-primary,224.337779087,290674.9415054321,2025,WorldPop R2025A 2025 1km,1km-raster,32.182212989500044,119.83887588417095,1159320481,China,China,China,China,China,Asia,Eastern Asia
1003193,319217,Santiago,"[""Sao Tiago (Santiago)"", ""Sao Tiago""]",USGS Global Islands,319217,source-primary,1001.31945091,287189.84128251974,2025,WorldPop R2025A 2025 1km,1km-raster,15.119076187000047,-23.634612604233418,1159320523,Cabo Verde,Cabo Verde,Cabo Verde,Cabo Verde,Cabo Verde,Africa,Western Africa
1019067,338009,Hompelvoet,"[""Hompelvoet""]",USGS Global Islands,338009,source-alternate,294.82793105,286665.61300222954,2025,WorldPop R2025A 2025 1km,1km-raster,51.886950692000056,4.150977278801955,1159321105,Netherlands,Netherlands,Netherlands,Netherlands,Netherlands,Europe,Western Europe
1006089,322207,Ilha de Santo Amaro,[],USGS Global Islands,322207,source-primary,133.332879688,284830.6103427373,2025,WorldPop R2025A 2025 1km,1km-raster,-23.949416011999972,-46.23729909062662,1159320441,Brazil,Brazil,Brazil,Brazil,Brazil,Americas,South America
1003304,319328,Barbados,[],USGS Global Islands,319328,source-primary,432.464731145,275664.8932644129,2025,WorldPop R2025A 2025 1km,1km-raster,13.190276054000066,-59.55964459378454,1159320449,Barbados,Barbados,Barbados,Barbados,Barbados,Americas,Caribbean
1003381,319405,Mayotte,[],USGS Global Islands,319405,source-primary,358.127841791,270803.36803806585,2025,WorldPop R2025A 2025 1km,1km-raster,-12.825965804999953,45.14915796301568,1159320659,Mayotte,France,France,Mayotte,Mayotte,Africa,Eastern Africa
1009241,325593,South Hātia Island,[],USGS Global Islands,325593,source-primary,379.817436768,266810.078602828,2025,WorldPop R2025A 2025 1km,1km-raster,22.235007464500057,91.127151284758,1159320407,Bangladesh,Bangladesh,Bangladesh,Bangladesh,Bangladesh,Asia,Southern Asia
1002397,337451,Mergui Island,[],GNS,-626907,point-in-polygon,258.797808274,264847.6684722927,2025,WorldPop R2025A 2025 1km,1km-raster,12.409091784000054,98.7173293765035,1159321067,Myanmar,Myanmar,Myanmar,Myanmar,Myanmar,Asia,South-Eastern Asia
1009223,325568,Sāgar Island,[],USGS Global Islands,325568,source-primary,239.974044517,260643.89256399908,2025,WorldPop R2025A 2025 1km,1km-raster,21.757788079000022,88.1207061087309,1159320855,India,India,India,India,India,Asia,Southern Asia
1006867,323084,Anyer,[],USGS Global Islands,323084,source-primary,2209.96871443,258543.7903450995,2025,WorldPop R2025A 2025 1km,1km-raster,-3.112897917999959,114.48485893152218,1159320845,Indonesia,Indonesia,Indonesia,Indonesia,Indonesia,Asia,South-Eastern Asia
1003048,319072,Cataduanes,"[""Catanduanes""]",USGS Global Islands,319072,source-primary,1442.54510402,255105.077565178,2025,WorldPop R2025A 2025 1km,1km-raster,13.809280980500034,124.27478795744426,1159321169,Philippines,Philippines,Philippines,Philippines,Philippines,Asia,South-Eastern Asia
1003244,319268,New Caledonia,[],USGS Global Islands,319268,source-primary,16287.518092,247602.78627552735,2025,WorldPop R2025A 2025 1km,1km-raster,-21.236577033999964,165.24587700879994,1159320641,New Caledonia,France,New Caledonia,New Caledonia,New Caledonia,Oceania,Melanesia
1002902,318926,Bougainville,"[""Bougainville Island""]",USGS Global Islands,318926,source-primary,8693.546608,246711.7826417815,2025,WorldPop R2025A 2025 1km,1km-raster,-6.143646769999947,155.21031166361243,1159321175,Bougainville,Papua New Guinea,Papua New Guinea,Bougainville,Bougainville,Oceania,Melanesia
1007515,323759,Pulau Tarakan,"[""Arakan"", ""Tarakan""]",USGS Global Islands,323759,source-primary,251.918463757,246170.7815452407,2025,WorldPop R2025A 2025 1km,1km-raster,3.3404518360000566,117.59910816874495,1159320845,Indonesia,Indonesia,Indonesia,Indonesia,Indonesia,Asia,South-Eastern Asia
1009267,325621,Jazīrat Abū Z̧aby,[],USGS Global Islands,325621,source-primary,94.1840928349,242823.4635925293,2025,WorldPop R2025A 2025 1km,1km-raster,24.46854783750004,54.37062097451742,1159320329,United Arab Emirates,United Arab Emirates,United Arab Emirates,United Arab Emirates,United Arab Emirates,Asia,Western Asia
1003159,319183,Madeira,"[""Mad\u00e8re""]",USGS Global Islands,319183,source-primary,738.765661144,239286.34498270735,2025,WorldPop R2025A 2025 1km,1km-raster,32.75183776450004,-16.981592879216397,1159321191,Madeira,Portugal,Portugal,Madeira,Madeira,Europe,Southern Europe
1010327,326721,Koje To,"[""Cargodo"", ""Kyosai-to""]",USGS Global Islands,326721,source-primary,388.031288057,238360.2929680081,2025,WorldPop R2025A 2025 1km,1km-raster,34.87134740700003,128.58938559414662,1159321003,South Korea,South Korea,South Korea,South Korea,South Korea,Asia,Eastern Asia
1003123,319147,Marinduque,"[""Salvaria Island""]",USGS Global Islands,319147,source-primary,900.17820648,232545.18480543833,2025,WorldPop R2025A 2025 1km,1km-raster,13.383819743500055,121.98138275715824,1159321169,Philippines,Philippines,Philippines,Philippines,Philippines,Asia,South-Eastern Asia
1005296,321371,Lulu,[],USGS Global Islands,321371,source-primary,122.358416906,227535.69715098868,2025,WorldPop R2025A 2025 1km,1km-raster,49.156358356000055,-123.10280195013569,1159320467,Canada,Canada,Canada,Canada,Canada,Americas,Northern America
1003076,319100,South Andaman,[],USGS Global Islands,319100,source-primary,1245.71919885,223528.77293048523,2025,WorldPop R2025A 2025 1km,1km-raster,11.859681928500038,92.6657606275377,1159320849,Andaman Is.,India,India,India,Andaman Is.,Asia,South-Eastern Asia
1017804,335991,Sittwe,[],USGS Global Islands,335991,source-primary,193.724628643,221071.26195729704,2025,WorldPop R2025A 2025 1km,1km-raster,20.20425566250006,92.83825006903295,1159321067,Myanmar,Myanmar,Myanmar,Myanmar,Myanmar,Asia,South-Eastern Asia
1003138,319162,Sao Tome,"[""Sao-Tom\u00e9""]",USGS Global Islands,319162,source-primary,847.401178577,216589.4283052996,2025,WorldPop R2025A 2025 1km,1km-raster,0.21807475000002796,6.596744225500941,1159321279,São Tomé,São Tomé and Principe,São Tomé and Principe,São Tomé and Principe,São Tomé,Africa,Middle Africa
1018965,337872,Dongshan,"[""Tung-shan"", ""Tung-shan Tao""]",USGS Global Islands,337872,source-primary,189.549868664,212514.6659247838,2025,WorldPop R2025A 2025 1km,1km-raster,23.675614369000044,117.44415162487512,1159320481,China,China,China,China,China,Asia,Eastern Asia
1013155,330346,Bonny,[],USGS Global Islands,330346,source-primary,216.645346548,210625.13197192654,2025,WorldPop R2025A 2025 1km,1km-raster,4.453161799500066,7.244673149023504,1159321089,Nigeria,Nigeria,Nigeria,Nigeria,Nigeria,Africa,Western Africa
1009704,326083,Donghai Dao,[],USGS Global Islands,326083,source-primary,277.707791754,207548.3496061422,2025,WorldPop R2025A 2025 1km,1km-raster,21.00774129800004,110.40816019201097,1159320481,China,China,China,China,China,Asia,Eastern Asia
1003812,319838,Cape Cod,"[""Osterville Grand Island"", ""Amrita Island""]",USGS Global Islands,319838,source-primary,1046.51195092,204099.85140040272,2025,WorldPop R2025A 2025 1km,1km-raster,41.798924229500045,-69.9975181730834,1159321393,United States of America,United States of America,United States of America,United States of America,United States,Americas,Northern America
1002584,337998,Noord Beveland,[],GNS,-2982049,point-in-polygon,589.245562887,200147.74095365906,2025,WorldPop R2025A 2025 1km,1km-raster,51.495115955000074,3.747810347572197,1159321105,Netherlands,Netherlands,Netherlands,Netherlands,Netherlands,Europe,Western Europe
1006103,322221,Governador Island,"[""Governador"", ""Villegagnon""]",USGS Global Islands,322221,source-primary,36.1772678537,199416.8546142578,2025,WorldPop R2025A 2025 1km,1km-raster,-22.80676189099995,-43.220599692740436,1159320441,Brazil,Brazil,Brazil,Brazil,Brazil,Americas,South America
1009215,325560,Maheskhali Island,[],USGS Global Islands,325560,source-primary,260.432102165,197878.413008372,2025,WorldPop R2025A 2025 1km,1km-raster,21.607232089000036,91.92701876700166,1159320407,Bangladesh,Bangladesh,Bangladesh,Bangladesh,Bangladesh,Asia,Southern Asia
1003240,319264,Tierra del Fuego,"[""Terre de Feu""]",USGS Global Islands,319264,source-primary,47369.9496233,193711.20365478637,2025,WorldPop R2025A 2025 1km,1km-raster,-53.75556468999994,-68.93280844196266,1159320499,Chile,Chile,Chile,Chile,Chile,Americas,South America
1002900,318924,Hawaii,"[""Hawai'i"", ""Big Island""]",USGS Global Islands,318924,source-primary,10438.3873348,193483.9642984081,2025,WorldPop R2025A 2025 1km,1km-raster,19.588094139500043,-155.44789859567544,1159321395,Hawaii,United States of America,United States of America,United States of America,Hawaii,Oceania,Polynesia
1007304,323539,Ternate Island,"[""Ternate"", ""Pulau Ternate""]",USGS Global Islands,323539,source-primary,102.203329997,192707.18112373084,2025,WorldPop R2025A 2025 1km,1km-raster,0.8102600605000418,127.34085080593093,1159320845,Indonesia,Indonesia,Indonesia,Indonesia,Indonesia,Asia,South-Eastern Asia
1002908,318932,Buru,[],USGS Global Islands,318932,source-primary,8527.75825216,190526.34485951412,2025,WorldPop R2025A 2025 1km,1km-raster,-3.4580286304999674,126.65489030439733,1159320845,Indonesia,Indonesia,Indonesia,Indonesia,Indonesia,Asia,South-Eastern Asia
1003217,319241,Guimaras,"[""Guimaras Island""]",USGS Global Islands,319241,source-primary,571.821468421,189056.51602232456,2025,WorldPop R2025A 2025 1km,1km-raster,10.579982043000058,122.60926448253764,1159321169,Philippines,Philippines,Philippines,Philippines,Philippines,Asia,South-Eastern Asia
1003322,319346,Curacao,[],USGS Global Islands,319346,source-primary,428.503086621,184182.1492849851,2025,WorldPop R2025A 2025 1km,1km-raster,12.215004024500047,-69.0420764398111,1159321099,Curaçao,Netherlands,Curaçao,Curaçao,Curaçao,Americas,Caribbean
1009755,326134,Lantau Island,[],USGS Global Islands,326134,source-primary,164.950751724,180349.20802080716,2025,WorldPop R2025A 2025 1km,1km-raster,22.271311794500036,113.94414137556319,1159320473,Hong Kong,China,Hong Kong S.A.R.,Hong Kong S.A.R.,Hong Kong S.A.R.,Asia,Eastern Asia
1013851,331315,del Carmen,[],USGS Global Islands,331315,source-primary,117.026614303,179130.77032592005,2025,WorldPop R2025A 2025 1km,1km-raster,18.70460830250005,-91.66268109805401,1159321055,Mexico,Mexico,Mexico,Mexico,Mexico,Americas,Central America
1003191,319215,Saint Lucia,"[""St. Lucia"", ""Sainte-Lucie""]",USGS Global Islands,319215,source-primary,603.664703153,174883.59362736504,2025,WorldPop R2025A 2025 1km,1km-raster,13.908549119500037,-60.97807360181164,1159321019,Saint Lucia,Saint Lucia,Saint Lucia,Saint Lucia,Saint Lucia,Americas,Caribbean
1003094,319118,Tahiti,"[""Tahiti Nui""]",USGS Global Islands,319118,source-primary,1045.54051044,173859.21805051062,2025,WorldPop R2025A 2025 1km,1km-raster,-17.687076855499953,-149.44490597509827,1159320643,Fr. Polynesia,France,French Polynesia,French Polynesia,French Polynesia,Oceania,Polynesia
1021484,323321,Île Mandji,"[""Ile aux Pigeons""]",USGS Global Islands,323321,source-primary,438.954576008,170143.8823590321,2025,WorldPop R2025A 2025 1km,1km-raster,-0.8262478399999509,8.896536045382083,1159320693,Gabon,Gabon,Gabon,Gabon,Gabon,Africa,Middle Africa
1002999,319023,Alor,"[""Pulau Alor""]",USGS Global Islands,319023,source-primary,2118.72783512,167696.45692387808,2025,WorldPop R2025A 2025 1km,1km-raster,-8.290895813999953,124.7776081056074,1159320845,Indonesia,Indonesia,Indonesia,Indonesia,Indonesia,Asia,South-Eastern Asia
1017915,336121,Kalapara,[],Bangladesh WARPO Inventory of Coastal and Estuarine Islands & Chars,warpo-2002-kalapara,local-authority-landmass,239.863474835,167449.97155350447,2025,WorldPop R2025A 2025 1km,1km-raster,21.893817241500045,90.21715836829216,1159320407,Bangladesh,Bangladesh,Bangladesh,Bangladesh,Bangladesh,Asia,Southern Asia
1009216,325561,Patibania Island,[],USGS Global Islands,325561,source-primary,146.059416393,164938.83166366816,2025,WorldPop R2025A 2025 1km,1km-raster,21.662761057500063,88.26970033195097,1159320855,India,India,India,India,India,Asia,Southern Asia
1003227,319251,Guam,"[""Cabras Island""]",USGS Global Islands,319251,source-primary,543.076668484,164569.2092070953,2025,WorldPop R2025A 2025 1km,1km-raster,13.449314481000044,144.75594273366704,1159321359,Guam,United States of America,Guam,Guam,Guam,Oceania,Micronesia
1002919,318943,Prince Edward,[],USGS Global Islands,318943,source-primary,5742.76000021,162900.19737754762,2025,WorldPop R2025A 2025 1km,1km-raster,46.503489781500065,-63.615773035564565,1159320467,Canada,Canada,Canada,Canada,Canada,Americas,Northern America
1003281,319305,Biliran,"[""Biliran Island""]",USGS Global Islands,319305,source-primary,498.131596861,162004.54951260332,2025,WorldPop R2025A 2025 1km,1km-raster,11.58387382500004,124.48562753132721,1159321169,Philippines,Philippines,Philippines,Philippines,Philippines,Asia,South-Eastern Asia
1003147,319171,Lanzarote,[],USGS Global Islands,319171,source-primary,814.983146714,161119.8122119473,2025,WorldPop R2025A 2025 1km,1km-raster,29.040733695000057,-13.634175522478703,1159320589,Canary Is.,Spain,Spain,Spain,Canary Islands,Europe,Southern Europe
1018740,337477,Tablas,"[""Tablas Island""]",USGS Global Islands,337477,source-primary,674.263746188,160482.7741382892,2025,WorldPop R2025A 2025 1km,1km-raster,12.379670864000047,122.0196798025737,1159321169,Philippines,Philippines,Philippines,Philippines,Philippines,Asia,South-Eastern Asia
1002950,318974,Malaita,"[""Mala\u00efta""]",USGS Global Islands,318974,source-primary,3725.20922619,159663.064043262,2025,WorldPop R2025A 2025 1km,1km-raster,-8.954757102999935,160.95132003324113,1159321249,Solomon Is.,Solomon Islands,Solomon Islands,Solomon Islands,Solomon Islands,Oceania,Melanesia
1003050,319074,Qeshm,[],USGS Global Islands,319074,source-primary,1489.89150408,158725.72565402254,2025,WorldPop R2025A 2025 1km,1km-raster,26.76915993800003,55.851779422114674,1159320881,Iran,Iran,Iran,Iran,Iran,Asia,Southern Asia
1003088,319112,Upolu,[],USGS Global Islands,319112,source-primary,1126.44974093,158569.27824769414,2025,WorldPop R2025A 2025 1km,1km-raster,-13.920755603999964,-171.77496543988826,1159321423,Samoa,Samoa,Samoa,Samoa,Samoa,Oceania,Polynesia
1002907,318931,Chiloe,[],USGS Global Islands,318931,source-primary,8315.86737279,158180.95560904365,2025,WorldPop R2025A 2025 1km,1km-raster,-42.599290119499955,-73.96057537926382,1159320499,Chile,Chile,Chile,Chile,Chile,Americas,South America
1003262,319286,Ibiza,"[""Iviza""]",USGS Global Islands,319286,source-primary,569.004148978,155916.2998835392,2025,WorldPop R2025A 2025 1km,1km-raster,38.975181579000065,1.4193132880161563,1159320593,Balearic Is.,Spain,Spain,Spain,Balearic Islands,Europe,Southern Europe
1018942,337823,Taipa,"[""Colowan Island"", ""Chiu-ao""]",USGS Global Islands,337823,source-primary,20.1539530106,155796.76776885986,2025,WorldPop R2025A 2025 1km,1km-raster,22.14085221900004,113.5635946102817,1159320475,Macao,China,Macao S.A.R,Macao S.A.R,Macao S.A.R,Asia,Eastern Asia
1001940,336235,Dumki,[],Bangladesh local geography,dumki-region,local-geographic-landmass,144.066500563,155304.69635009766,2025,WorldPop R2025A 2025 1km,1km-raster,22.42616052500003,90.35469442351388,1159320407,Bangladesh,Bangladesh,Bangladesh,Bangladesh,Bangladesh,Asia,Southern Asia
1003253,319277,Euboea,"[""Negrepont"", ""Eub\u00e9e""]",USGS Global Islands,319277,source-primary,3661.64881002,154828.353650659,2025,WorldPop R2025A 2025 1km,1km-raster,38.49375915500008,23.911078402605728,1159320811,Greece,Greece,Greece,Greece,Greece,Europe,Southern Europe
1001911,336185,Lot-126,[],USGS Global Islands,336185,source-primary,161.153187543,154214.1192779565,2025,WorldPop R2025A 2025 1km,1km-raster,22.107089691000056,88.67452028133692,1159320855,India,India,India,India,India,Asia,Southern Asia
1002911,318935,New Ireland,"[""Mumu Island""]",USGS Global Islands,318935,source-primary,7026.20467266,153885.27890199565,2025,WorldPop R2025A 2025 1km,1km-raster,-3.702389511999968,152.43528620381636,1159321177,Papua New Guinea,Papua New Guinea,Papua New Guinea,Papua New Guinea,Papua New Guinea,Oceania,Melanesia
1017823,336012,Minbya,[],Myanmar local geography,minbya-region,local-geographic-landmass,190.596692155,152172.53376927358,2025,WorldPop R2025A 2025 1km,1km-raster,20.33800504450005,93.25434185486233,1159321067,Myanmar,Myanmar,Myanmar,Myanmar,Myanmar,Asia,South-Eastern Asia
1002459,337666,Yele kyun,[],GNS,21453937,point-in-polygon,626.939123189,151290.8029206402,2025,WorldPop R2025A 2025 1km,1km-raster,16.302422031500043,95.79772601172508,1159321067,Myanmar,Myanmar,Myanmar,Myanmar,Myanmar,Asia,South-Eastern Asia
1001960,336260,Bakerganj,[],Bangladesh local geography,bakerganj-region,local-geographic-landmass,146.867810961,147312.33124637604,2025,WorldPop R2025A 2025 1km,1km-raster,22.582581175500053,90.43809899129973,1159320407,Bangladesh,Bangladesh,Bangladesh,Bangladesh,Bangladesh,Asia,Southern Asia
1003047,319071,Great Karimun,"[""Karimun"", ""Karimun Besar""]",USGS Global Islands,319071,source-primary,121.741433262,145484.05284653127,2025,WorldPop R2025A 2025 1km,1km-raster,1.0622906880000471,103.35573239333303,1159320845,Indonesia,Indonesia,Indonesia,Indonesia,Indonesia,Asia,South-Eastern Asia
1003011,319035,Maui,[],USGS Global Islands,319035,source-primary,1883.69291473,144758.59196462884,2025,WorldPop R2025A 2025 1km,1km-raster,20.803841114500045,-156.31158791022324,1159321395,Hawaii,United States of America,United States of America,United States of America,Hawaii,Oceania,Polynesia
1003287,319311,Phu Quoc,"[""Koh Tron""]",USGS Global Islands,319311,source-primary,561.183169845,143215.4784812245,2025,WorldPop R2025A 2025 1km,1km-raster,10.228531904500045,104.01428506317863,1159321417,Vietnam,Vietnam,Vietnam,Vietnam,Vietnam,Asia,South-Eastern Asia
1003075,319099,Rote,[],USGS Global Islands,319099,source-primary,1246.27017817,143112.28584526718,2025,WorldPop R2025A 2025 1km,1km-raster,-10.687331587499955,123.20803469286622,1159320845,Indonesia,Indonesia,Indonesia,Indonesia,Indonesia,Asia,South-Eastern Asia
1003010,319034,Biak,"[""Biak-Supiori"", ""Mamaki""]",USGS Global Islands,319034,source-primary,2506.76753085,140837.34547251416,2025,WorldPop R2025A 2025 1km,1km-raster,-0.9087574024999583,135.9249195738214,1159320845,Indonesia,Indonesia,Indonesia,Indonesia,Indonesia,Asia,South-Eastern Asia
1018901,337768,Tiên Lãng,[],Hải Phòng local geography,tien-lang-region,local-geographic-landmass,148.832841875,140316.28223147988,2025,WorldPop R2025A 2025 1km,1km-raster,20.686194555500066,106.59828846101348,1159321417,Vietnam,Vietnam,Vietnam,Vietnam,Vietnam,Asia,South-Eastern Asia
1000272,325399,Vypīn Island,[],USGS Global Islands,325399,source-primary,61.899441554,139795.0442905426,2025,WorldPop R2025A 2025 1km,1km-raster,10.073283809000031,76.21181482392231,1159320855,India,India,India,India,India,Asia,Southern Asia
1003363,319387,Wight,[],USGS Global Islands,319387,source-primary,382.14107783,138875.6692277795,2025,WorldPop R2025A 2025 1km,1km-raster,50.67100970750005,-1.3330771378745716,1159320743,England,United Kingdom,United Kingdom,England,England,Europe,Northern Europe
1017834,336024,Bhitarkanika,[],USGS Global Islands,336024,source-primary,429.623102242,138766.4054557479,2025,WorldPop R2025A 2025 1km,1km-raster,20.639674175500062,86.87549636511935,1159320855,India,India,India,India,India,Asia,Southern Asia
1002527,337791,Cù Lao Hai Sông,[],Kinh Môn local government,kinh-mon-cu-lao-hai-song,local-historical-landmass,120.117532638,136730.17239379883,2025,WorldPop R2025A 2025 1km,1km-raster,20.999810857000057,106.48792586932362,1159321417,Vietnam,Vietnam,Vietnam,Vietnam,Vietnam,Asia,South-Eastern Asia
1003248,319272,Cape Breton,[],USGS Global Islands,319272,source-primary,10515.9378074,134833.7751631795,2025,WorldPop R2025A 2025 1km,1km-raster,46.294981002500066,-60.936092410663136,1159320467,Canada,Canada,Canada,Canada,Canada,Americas,Northern America
1003456,319480,Nosy Be,"[""Nossy B\u00e9""]",USGS Global Islands,319480,source-primary,280.506041836,134257.90437400414,2025,WorldPop R2025A 2025 1km,1km-raster,-13.311306486999968,48.253617549506544,1159321051,Madagascar,Madagascar,Madagascar,Madagascar,Madagascar,Africa,Eastern Africa
1003036,319060,Rantau,"[""Tebingtinggi""]",USGS Global Islands,319060,source-primary,1581.7444571,133926.33873449848,2025,WorldPop R2025A 2025 1km,1km-raster,0.907736477500066,102.58058722831584,1159320845,Indonesia,Indonesia,Indonesia,Indonesia,Indonesia,Asia,South-Eastern Asia
1003068,319092,Lembata,"[""Kawoela"", ""Lomblen""]",USGS Global Islands,319092,source-primary,1264.83324238,131688.80010502294,2025,WorldPop R2025A 2025 1km,1km-raster,-8.37711258899995,123.54527842694782,1159320845,Indonesia,Indonesia,Indonesia,Indonesia,Indonesia,Asia,South-Eastern Asia
1009977,326362,Daishan Dao,"[""Dai Shan"", ""Daishan""]",USGS Global Islands,326362,source-primary,115.816600936,130830.01658535187,2025,WorldPop R2025A 2025 1km,1km-raster,30.28699958550004,122.1481598751989,1159320481,China,China,China,China,China,Asia,Eastern Asia
1017621,335783,Diviseema,[],Krishna delta regional geography,diviseema,local-regional-landmass,473.121517091,130574.26761259575,2025,WorldPop R2025A 2025 1km,1km-raster,15.926924199000041,80.99948194361183,1159320855,India,India,India,India,India,Asia,Southern Asia
1003153,319177,Sao Miguel,[],USGS Global Islands,319177,source-primary,743.531239913,128210.60028786155,2025,WorldPop R2025A 2025 1km,1km-raster,37.809228062000045,-25.4730989654787,1159321189,Azores,Portugal,Portugal,Azores,Azores,Europe,Southern Europe
1009226,325571,Kutubdia Island,"[""Kutubdia""]",USGS Global Islands,325571,source-primary,66.6122970005,126468.36771774292,2025,WorldPop R2025A 2025 1km,1km-raster,21.83569293700006,91.86667528117306,1159320407,Bangladesh,Bangladesh,Bangladesh,Bangladesh,Bangladesh,Asia,Southern Asia
1003794,319820,Bantayan,"[""Bantaya""]",USGS Global Islands,319820,source-primary,114.765912393,124612.89200592041,2025,WorldPop R2025A 2025 1km,1km-raster,11.219473517500063,123.72850339312863,1159321169,Philippines,Philippines,Philippines,Philippines,Philippines,Asia,South-Eastern Asia
1003001,319025,Laut,"[""Pulau Tokong""]",USGS Global Islands,319025,source-primary,2089.527189,123916.75892838904,2025,WorldPop R2025A 2025 1km,1km-raster,-3.647333832999948,116.15377463324225,1159320845,Indonesia,Indonesia,Indonesia,Indonesia,Indonesia,Asia,South-Eastern Asia
1003277,319301,Andonara,"[""Adonara"", ""Adoenara""]",USGS Global Islands,319301,source-primary,509.316970766,122962.57126704438,2025,WorldPop R2025A 2025 1km,1km-raster,-8.315911040499941,123.1657228350094,1159320845,Indonesia,Indonesia,Indonesia,Indonesia,Indonesia,Asia,South-Eastern Asia
1003224,319248,Sangir,"[""Sangihe (Sangir)""]",USGS Global Islands,319248,source-primary,553.017716393,122774.10189399749,2025,WorldPop R2025A 2025 1km,1km-raster,3.5381644660000404,125.55508875893668,1159320845,Indonesia,Indonesia,Indonesia,Indonesia,Indonesia,Asia,South-Eastern Asia
1003031,319055,Fuerteventura,[],USGS Global Islands,319055,source-primary,1665.13022246,122422.97852179769,2025,WorldPop R2025A 2025 1km,1km-raster,28.401585776500042,-14.003971870025971,1159320589,Canary Is.,Spain,Spain,Spain,Canary Islands,Europe,Southern Europe
1002481,337692,Wakema,[],Myanmar local geography,wakema-region,local-geographic-landmass,297.308276449,121317.96739339855,2025,WorldPop R2025A 2025 1km,1km-raster,16.52586389900003,95.17650274184945,1159321067,Myanmar,Myanmar,Myanmar,Myanmar,Myanmar,Asia,South-Eastern Asia
1010253,326646,Awaji Shima,[],USGS Global Islands,326646,source-primary,596.69290783,121135.91765812978,2025,WorldPop R2025A 2025 1km,1km-raster,34.40116125800006,134.8333707777017,1159320955,Japan,Japan,Japan,Japan,Japan,Asia,Eastern Asia
1002001,336306,Muladi,[],Bangladesh local geography,muladi-region,local-geographic-landmass,135.278308366,120417.93517482281,2025,WorldPop R2025A 2025 1km,1km-raster,22.89154481050005,90.37762543684744,1159320407,Bangladesh,Bangladesh,Bangladesh,Bangladesh,Bangladesh,Asia,Southern Asia
1001995,336300,Mehendiganj,[],Bangladesh local geography,mehendiganj-region,local-geographic-landmass,127.351597888,120375.8925743103,2025,WorldPop R2025A 2025 1km,1km-raster,22.883317129000034,90.41748802450195,1159320407,Bangladesh,Bangladesh,Bangladesh,Bangladesh,Bangladesh,Asia,Southern Asia
1003271,319295,Jerba,"[""Djerba""]",USGS Global Islands,319295,source-primary,508.945246238,119876.09348297864,2025,WorldPop R2025A 2025 1km,1km-raster,33.773227494000054,10.884663578790754,1159321327,Tunisia,Tunisia,Tunisia,Tunisia,Tunisia,Africa,Northern Africa
1001970,336273,Batiaghata,[],Bangladesh local geography,batiaghata-region,local-geographic-landmass,116.600461422,119404.29633617401,2025,WorldPop R2025A 2025 1km,1km-raster,22.677959260500074,89.48274050374383,1159320407,Bangladesh,Bangladesh,Bangladesh,Bangladesh,Bangladesh,Asia,Southern Asia
1003058,319082,Rhodes,"[""Rodhos""]",USGS Global Islands,319082,source-primary,1403.06711803,118816.55647891469,2025,WorldPop R2025A 2025 1km,1km-raster,36.17215745100006,27.91952265757137,1159320811,Greece,Greece,Greece,Greece,Greece,Europe,Southern Europe
1013128,330315,Male,[],USGS Global Islands,330315,source-primary,2.3194306865,118801.966796875,2025,WorldPop R2025A 2025 1km,1km-raster,4.1735309815000505,73.51031076926762,1159321053,Maldives,Maldives,Maldives,Maldives,Maldives,Asia,Southern Asia
1014362,331950,Santa Rosa,"[""Santa Rosa""]",USGS Global Islands,331950,source-alternate,440.297440239,116901.81264605423,2025,WorldPop R2025A 2025 1km,1km-raster,30.27481472550005,-85.92908326003842,1159321393,United States of America,United States of America,United States of America,United States of America,United States,Americas,Northern America
1018867,337669,Bilugyun,[],USGS Global Islands,337669,source-primary,410.003192499,112318.75130201643,2025,WorldPop R2025A 2025 1km,1km-raster,16.351944716500043,97.52297333589783,1159321067,Myanmar,Myanmar,Myanmar,Myanmar,Myanmar,Asia,South-Eastern Asia
1003601,319626,Aruba,[],USGS Global Islands,319626,source-primary,179.473505402,107407.49342437745,2025,WorldPop R2025A 2025 1km,1km-raster,12.517887991000066,-69.98264574312103,1159321097,Aruba,Netherlands,Aruba,Aruba,Aruba,Americas,Caribbean
1003420,319444,Grenada,"[""Grenade""]",USGS Global Islands,319444,source-primary,313.743307087,106521.41255486304,2025,WorldPop R2025A 2025 1km,1km-raster,12.110246442000033,-61.68693267886106,1159320813,Grenada,Grenada,Grenada,Grenada,Grenada,Americas,Caribbean
1003497,319521,Samal,"[""Samal Island""]",USGS Global Islands,319521,source-primary,251.489590195,106361.3870210655,2025,WorldPop R2025A 2025 1km,1km-raster,7.045311924500027,125.74996044840523,1159321169,Philippines,Philippines,Philippines,Philippines,Philippines,Asia,South-Eastern Asia
1002487,337700,Mawlamyinegyun,[],Myanmar local geography,mawlamyinegyun-region,local-geographic-landmass,633.073401293,106009.51595554546,2025,WorldPop R2025A 2025 1km,1km-raster,16.49306652550007,95.24735905438763,1159321067,Myanmar,Myanmar,Myanmar,Myanmar,Myanmar,Asia,South-Eastern Asia
1002991,319015,Yapen,[],USGS Global Islands,319015,source-primary,2273.20711975,105170.28493177719,2025,WorldPop R2025A 2025 1km,1km-raster,-1.7558032339999556,136.36606992115267,1159320845,Indonesia,Indonesia,Indonesia,Indonesia,Indonesia,Asia,South-Eastern Asia
1021755,336759,Old Chantier Island,"[""Old Chantier Island""]",USGS Global Islands,336759,source-alternate,19.3283318221,104328.46459834772,2025,WorldPop R2025A 2025 1km,1km-raster,31.212407989500036,32.32240533049959,1159320575,Egypt,Egypt,Egypt,Egypt,Egypt,Africa,Northern Africa
1002082,336414,Char Meghna,[],GeoNames / local Raipura geography,geonames-1206629,local-char-name,79.88558315,104241.17513203621,2025,WorldPop R2025A 2025 1km,1km-raster,23.914537591000055,90.89375524592427,1159320407,Bangladesh,Bangladesh,Bangladesh,Bangladesh,Bangladesh,Asia,Southern Asia
1001931,336217,Harishpur,[],USGS Global Islands,336217,source-primary,202.22756379,103754.49397277832,2025,WorldPop R2025A 2025 1km,1km-raster,22.263784781000055,88.87922099151879,1159320855,India,India,India,India,India,Asia,Southern Asia
1002989,319013,Peleng,"[""Pulau Balatindakan""]",USGS Global Islands,319013,source-primary,2336.4480217,103678.98748577443,2025,WorldPop R2025A 2025 1km,1km-raster,-1.3987404819999654,123.3507057230626,1159320845,Indonesia,Indonesia,Indonesia,Indonesia,Indonesia,Asia,South-Eastern Asia
1003152,319176,Dinagat,"[""Dinagat Island""]",USGS Global Islands,319176,source-primary,835.124250455,103519.51727618891,2025,WorldPop R2025A 2025 1km,1km-raster,10.138639892000043,125.57799701875194,1159321169,Philippines,Philippines,Philippines,Philippines,Philippines,Asia,South-Eastern Asia
1003406,319430,Siquijor,"[""Siquijor Island""]",USGS Global Islands,319430,source-primary,320.153381719,102958.84175598623,2025,WorldPop R2025A 2025 1km,1km-raster,9.19835587700004,123.55954788313986,1159321169,Philippines,Philippines,Philippines,Philippines,Philippines,Asia,South-Eastern Asia
1002595,338023,Wilhelmsburg,[],Hamburg municipal government,https://www.hamburg.de/leben-in-hamburg/bezirke-hamburg/stadtteile-bezirk-hamburg-mitte/wilhelmsburg-374328,local-authority-landmass,44.0073795904,101736.05039974768,2025,WorldPop R2025A 2025 1km,1km-raster,53.49944958650005,10.015160322904496,1159320539,Germany,Germany,Germany,Germany,Germany,Europe,Western Europe
1013235,330470,Labuan,"[""Laboehan""]",USGS Global Islands,330470,source-primary,91.4729747343,100614.73478317261,2025,WorldPop R2025A 2025 1km,1km-raster,5.319679292000046,115.2193810581536,1159321083,Malaysia,Malaysia,Malaysia,Malaysia,Malaysia,Asia,South-Eastern Asia
1003122,319146,Bengkalis,"[""Pulau Bengkalis""]",USGS Global Islands,319146,source-primary,906.187431107,100600.97505714495,2025,WorldPop R2025A 2025 1km,1km-raster,1.4300366690000317,102.39353599109074,1159320845,Indonesia,Indonesia,Indonesia,Indonesia,Indonesia,Asia,South-Eastern Asia
1008601,324922,Jersey,[],USGS Global Islands,324922,source-primary,124.114144961,100227.4889543876,2025,WorldPop R2025A 2025 1km,1km-raster,49.212314863000046,-2.125683898413806,1159320725,Jersey,United Kingdom,Jersey,Jersey,Jersey,Europe,Northern Europe
1003692,319718,Mahe,"[""Mah\u00e9""]",USGS Global Islands,319718,source-primary,154.477099791,98482.65432566855,2025,WorldPop R2025A 2025 1km,1km-raster,-4.683716485499957,55.4924602738306,1159321291,Seychelles,Seychelles,Seychelles,Seychelles,Seychelles,Africa,Eastern Africa
1003251,319275,Vanua Levu east of dateline,[],USGS Global Islands,319275,source-primary,5784.12843093,98192.42667299103,2025,WorldPop R2025A 2025 1km,1km-raster,-16.575410842499963,179.23716404986544,1159320625,Fiji,Fiji,Fiji,Fiji,Fiji,Oceania,Melanesia
1017984,336249,Putney Island,"[""Putney Island"", ""Golpasan""]",USGS Global Islands,336249,source-alternate,372.274354419,98180.92901630835,2025,WorldPop R2025A 2025 1km,1km-raster,22.41931718050006,89.53643057446345,1159320407,Bangladesh,Bangladesh,Bangladesh,Bangladesh,Bangladesh,Asia,Southern Asia
1003386,319410,Langkawi,[],USGS Global Islands,319410,source-primary,366.886050526,97437.28693442121,2025,WorldPop R2025A 2025 1km,1km-raster,6.3676219410000385,99.79277346107801,1159321083,Malaysia,Malaysia,Malaysia,Malaysia,Malaysia,Asia,South-Eastern Asia
1009239,325588,Sākuchia Char,"[""Manpura""]",USGS Global Islands,325588,source-primary,108.40415563,97356.28990400014,2025,WorldPop R2025A 2025 1km,1km-raster,22.19791860950005,90.96122620345804,1159320407,Bangladesh,Bangladesh,Bangladesh,Bangladesh,Bangladesh,Asia,Southern Asia
1018424,337126,Pacijan,"[""Poro"", ""Poro Island""]",USGS Global Islands,337126,source-primary,196.115932652,97138.2411366683,2025,WorldPop R2025A 2025 1km,1km-raster,10.652148321000055,124.44997385271174,1159321169,Philippines,Philippines,Philippines,Philippines,Philippines,Asia,South-Eastern Asia
1006218,322365,Ilha do Mosqueiro,[],USGS Global Islands,322365,source-primary,210.366137963,95825.76091655785,2025,WorldPop R2025A 2025 1km,1km-raster,-1.1410473689999492,-48.39542650661157,1159320441,Brazil,Brazil,Brazil,Brazil,Brazil,Americas,South America
1001959,336258,Dacope,[],Bangladesh local geography,dacope-region,local-geographic-landmass,78.9489030674,95147.78350067139,2025,WorldPop R2025A 2025 1km,1km-raster,22.582006603000053,89.46155427629782,1159320407,Bangladesh,Bangladesh,Bangladesh,Bangladesh,Bangladesh,Asia,Southern Asia
1003170,319194,Menorca,"[""Isla Colom"", ""Isla de Col\u00f3n""]",USGS Global Islands,319194,source-primary,696.330899995,94085.50442158693,2025,WorldPop R2025A 2025 1km,1km-raster,39.949805145000056,4.046167248383076,1159320593,Balearic Is.,Spain,Spain,Spain,Balearic Islands,Europe,Southern Europe
1017816,336003,Pauktaw,[],Myanmar local geography,pauktaw-region,local-geographic-landmass,286.957597353,93661.65521265843,2025,WorldPop R2025A 2025 1km,1km-raster,20.265926180998417,93.0565511670217,1159321067,Myanmar,Myanmar,Myanmar,Myanmar,Myanmar,Asia,South-Eastern Asia
1003012,319036,Bacan,"[""Gilalang Island"", ""Pulau Gilalang""]",USGS Global Islands,319036,source-primary,1811.25306026,93524.87429813671,2025,WorldPop R2025A 2025 1km,1km-raster,-0.5860518034999416,127.49420823962237,1159320845,Indonesia,Indonesia,Indonesia,Indonesia,Indonesia,Asia,South-Eastern Asia
1017576,335705,Wallarpat Island,"[""Wallarpat Island""]",USGS Global Islands,335705,source-alternate,44.8457451536,92428.83938598633,2025,WorldPop R2025A 2025 1km,1km-raster,9.78745668250005,76.35263353739674,1159320855,India,India,India,India,India,Asia,Southern Asia
1007678,323933,Île de la Gonâve,"[""Gonave"", ""Gon\u00e2ve""]",USGS Global Islands,323933,source-primary,681.981749657,92218.53977795881,2025,WorldPop R2025A 2025 1km,1km-raster,18.832074527500055,-73.01721500970379,1159320839,Haiti,Haiti,Haiti,Haiti,Haiti,Americas,Caribbean
1003182,319206,Salayar,"[""Selayar"", ""Lelayar""]",USGS Global Islands,319206,source-primary,649.693223586,91212.18875544466,2025,WorldPop R2025A 2025 1km,1km-raster,-6.1321653679999315,120.50004598809534,1159320845,Indonesia,Indonesia,Indonesia,Indonesia,Indonesia,Asia,South-Eastern Asia
1010387,326781,Yeongjongdo,"[""Yonchon"", ""Yeiso To""]",USGS Global Islands,326781,source-primary,135.927596832,90910.64364810847,2025,WorldPop R2025A 2025 1km,1km-raster,37.482360495500046,126.4807019018109,1159321003,South Korea,South Korea,South Korea,South Korea,South Korea,Asia,Eastern Asia
1003229,319253,Cozumel,[],USGS Global Islands,319253,source-primary,481.091135394,90794.95183658152,2025,WorldPop R2025A 2025 1km,1km-raster,20.431995973000028,-86.92057787919225,1159321055,Mexico,Mexico,Mexico,Mexico,Mexico,Americas,Central America
1003574,319598,Olutanga,"[""Olutange""]",USGS Global Islands,319598,source-primary,187.072894614,90584.8081253767,2025,WorldPop R2025A 2025 1km,1km-raster,7.359388285500046,122.85602211716221,1159321169,Philippines,Philippines,Philippines,Philippines,Philippines,Asia,South-Eastern Asia
1002587,338006,Hoeksche Waard,[],USGS Global Islands,338006,source-primary,267.173418754,90179.1879930499,2025,WorldPop R2025A 2025 1km,1km-raster,51.767551166500056,4.435128278374014,1159321105,Netherlands,Netherlands,Netherlands,Netherlands,Netherlands,Europe,Western Europe
1009232,325577,Char Jamuna,"[""Char Ganga""]",USGS Global Islands,325577,source-primary,224.335442643,89552.47548645742,2025,WorldPop R2025A 2025 1km,1km-raster,21.950314515500025,90.45044452629521,1159320407,Bangladesh,Bangladesh,Bangladesh,Bangladesh,Bangladesh,Asia,Southern Asia
1003199,319223,Corfu,"[""Kerkira""]",USGS Global Islands,319223,source-primary,592.819607656,89349.37436243208,2025,WorldPop R2025A 2025 1km,1km-raster,39.59164424100007,19.859077300922422,1159320811,Greece,Greece,Greece,Greece,Greece,Europe,Southern Europe
1003125,319149,Efate,"[""Efat\u00e9""]",USGS Global Islands,319149,source-primary,893.540578225,88765.80842477868,2025,WorldPop R2025A 2025 1km,1km-raster,-17.67074057299996,168.3655325443743,1159321421,Vanuatu,Vanuatu,Vanuatu,Vanuatu,Vanuatu,Oceania,Melanesia
1003466,319490,Antigua,[],USGS Global Islands,319490,source-primary,273.658137911,87999.42853698213,2025,WorldPop R2025A 2025 1km,1km-raster,17.085684065000066,-61.79352607200787,1159320347,Antigua,Antigua and Barbuda,Antigua and Barbuda,Antigua,Antigua,Americas,Caribbean
1002472,337683,Phú Vang,[],Huế local geography,phu-vang-region,local-geographic-landmass,87.5437581675,87900.94313955307,2025,WorldPop R2025A 2025 1km,1km-raster,16.457584192500036,107.77779495068854,1159321417,Vietnam,Vietnam,Vietnam,Vietnam,Vietnam,Asia,South-Eastern Asia
1002958,318982,Socotra,[],USGS Global Islands,318982,source-primary,3597.25842558,87723.65892079365,2025,WorldPop R2025A 2025 1km,1km-raster,12.50886139450003,53.89213338001485,1159321427,Socotra,Yemen,Yemen,Yemen,Suqutra,Asia,Western Asia
1012920,330077,Sumatra,"[""Sumatra""]",USGS Global Islands,330077,source-alternate,787.15729746,86960.77130336645,2025,WorldPop R2025A 2025 1km,1km-raster,-1.1285823374999495,104.01251446264496,1159320845,Indonesia,Indonesia,Indonesia,Indonesia,Indonesia,Asia,South-Eastern Asia
1018314,336977,Panglao,[],USGS Global Islands,336977,source-primary,91.1690714883,86838.91615486145,2025,WorldPop R2025A 2025 1km,1km-raster,9.59532671750003,123.80628021698006,1159321169,Philippines,Philippines,Philippines,Philippines,Philippines,Asia,South-Eastern Asia
1003022,319046,Simeulue,[],USGS Global Islands,319046,source-primary,1738.35622479,86830.28796825609,2025,WorldPop R2025A 2025 1km,1km-raster,2.6289867805000426,96.02207375925434,1159320845,Indonesia,Indonesia,Indonesia,Indonesia,Indonesia,Asia,South-Eastern Asia
1001948,336244,Hingalganj,[],West Bengal / Sundarbans local geography,hingalganj-island,local-regional-landmass,172.133153062,86552.0184249878,2025,WorldPop R2025A 2025 1km,1km-raster,22.437960236000038,88.96885414820477,1159320855,India,India,India,India,India,Asia,Southern Asia
1009062,325396,Pāmban Island,"[""Pamban""]",USGS Global Islands,325396,source-primary,79.8715979136,86537.48044407538,2025,WorldPop R2025A 2025 1km,1km-raster,9.23665042400006,79.32495163837845,1159320855,India,India,India,India,India,Asia,Southern Asia
1017682,335849,Munaung,[],USGS Global Islands,335849,source-primary,465.969100945,85594.51087011305,2025,WorldPop R2025A 2025 1km,1km-raster,18.79317748400004,93.6328489304272,1159321067,Myanmar,Myanmar,Myanmar,Myanmar,Myanmar,Asia,South-Eastern Asia
1010006,326391,Changxing Dao,"[""Blockhouse"", ""Ch'ang-hsing Sha""]",USGS Global Islands,326391,source-primary,109.310852496,85236.31444680691,2025,WorldPop R2025A 2025 1km,1km-raster,31.40477596200003,121.68900393288759,1159320481,China,China,China,China,China,Asia,Eastern Asia
1001982,336285,Gobindapur,[],Bangladesh WARPO Inventory of Coastal and Estuarine Islands & Chars,warpo-2002-gobindapur,local-authority-landmass,100.330579378,84610.78837394714,2025,WorldPop R2025A 2025 1km,1km-raster,22.843293953000057,90.55526211149811,1159320407,Bangladesh,Bangladesh,Bangladesh,Bangladesh,Bangladesh,Asia,Southern Asia
1003371,319395,St Vincent,"[""St. Vincent"", ""Saint-Vincent""]",USGS Global Islands,319395,source-primary,344.332572796,84188.99764254106,2025,WorldPop R2025A 2025 1km,1km-raster,13.253126239500062,-61.19526041237934,1159321409,St. Vin. and Gren.,Saint Vincent and the Grenadines,Saint Vincent and the Grenadines,Saint Vincent and the Grenadines,Saint Vincent and the Grenadines,Americas,Caribbean
1003372,319396,Sawu,"[""Raehawoe""]",USGS Global Islands,319396,source-primary,423.605553329,83693.63082029377,2025,WorldPop R2025A 2025 1km,1km-raster,-10.522144629999929,121.88775255557101,1159320845,Indonesia,Indonesia,Indonesia,Indonesia,Indonesia,Asia,South-Eastern Asia
1003341,319365,Siargao,"[""Laonan Island""]",USGS Global Islands,319365,source-primary,423.16292845,83411.5758632966,2025,WorldPop R2025A 2025 1km,1km-raster,9.904208863000065,126.04467536166192,1159321169,Philippines,Philippines,Philippines,Philippines,Philippines,Asia,South-Eastern Asia
1003496,319520,Camiguin,"[""Camiguin Island""]",USGS Global Islands,319520,source-primary,242.967781239,83105.2264148013,2025,WorldPop R2025A 2025 1km,1km-raster,9.16879062250004,124.71301673029531,1159321169,Philippines,Philippines,Philippines,Philippines,Philippines,Asia,South-Eastern Asia
1003172,319196,La Palma,[],USGS Global Islands,319196,source-primary,705.21933741,82347.94375872072,2025,WorldPop R2025A 2025 1km,1km-raster,28.655249359000038,-17.856262079526005,1159320589,Canary Is.,Spain,Spain,Spain,Canary Islands,Europe,Southern Europe
1002994,319018,Juventud,[],USGS Global Islands,319018,source-primary,2186.14521737,82031.62159616458,2025,WorldPop R2025A 2025 1km,1km-raster,21.687021660000056,-82.80929813704616,1159320527,Cuba,Cuba,Cuba,Cuba,Cuba,Americas,Caribbean
1003214,319238,Isle of Man,[],USGS Global Islands,319238,source-primary,572.661289503,81946.52883615106,2025,WorldPop R2025A 2025 1km,1km-raster,54.23550260700006,-4.51509481023383,1159320721,Isle of Man,United Kingdom,Isle of Man,Isle of Man,Isle of Man,Europe,Northern Europe
1018158,336770,Sharqi,"[""Kerkenah"", ""Shergui""]",USGS Global Islands,336770,source-primary,89.5348236096,81656.85988688469,2025,WorldPop R2025A 2025 1km,1km-raster,34.74587660500006,11.26365801608207,1159321327,Tunisia,Tunisia,Tunisia,Tunisia,Tunisia,Africa,Northern Africa
1006691,322902,Pulau Kaidulah,"[""Kai Dulah"", ""Kaidoelah""]",USGS Global Islands,322902,source-primary,98.0297326843,81396.84238587978,2025,WorldPop R2025A 2025 1km,1km-raster,-5.609634876999934,132.77398484438442,1159320845,Indonesia,Indonesia,Indonesia,Indonesia,Indonesia,Asia,South-Eastern Asia
1009235,325580,Kapālbera Char,[],USGS Global Islands,325580,source-primary,165.404772617,79501.48205298185,2025,WorldPop R2025A 2025 1km,1km-raster,22.075575055500053,90.54129379213506,1159320407,Bangladesh,Bangladesh,Bangladesh,Bangladesh,Bangladesh,Asia,Southern Asia
1017807,335994,Hnget Kyun,"[""Hnget Kyun""]",USGS Global Islands,335994,source-alternate,238.16122758,78957.79779334067,2025,WorldPop R2025A 2025 1km,1km-raster,20.177462428500064,93.34622654689797,1159321067,Myanmar,Myanmar,Myanmar,Myanmar,Myanmar,Asia,South-Eastern Asia
1003357,319381,Kai Kecil,"[""Nuhurowa""]",USGS Global Islands,319381,source-primary,419.752576121,78930.2886192718,2025,WorldPop R2025A 2025 1km,1km-raster,-5.7709234789999755,132.73727640259168,1159320845,Indonesia,Indonesia,Indonesia,Indonesia,Indonesia,Asia,South-Eastern Asia
1003509,319533,Ko Samui,"[""Samoi""]",USGS Global Islands,319533,source-primary,236.34262792,78441.88080000877,2025,WorldPop R2025A 2025 1km,1km-raster,9.501024159000053,99.99600143722446,1159321305,Thailand,Thailand,Thailand,Thailand,Thailand,Asia,South-Eastern Asia
1003511,319535,Sao Vicente,"[""Sao Vincente""]",USGS Global Islands,319535,source-primary,224.785587509,78068.53700918578,2025,WorldPop R2025A 2025 1km,1km-raster,16.850958674000054,-24.97106433555833,1159320523,Cabo Verde,Cabo Verde,Cabo Verde,Cabo Verde,Cabo Verde,Africa,Western Africa
1002489,337702,Shwelaung Island,[],Ayeyarwady Region Government,ayeyarwady-shwelaung-island,local-authority-landmass,271.521438612,76894.3019510681,2025,WorldPop R2025A 2025 1km,1km-raster,16.695042592500045,95.22296792039212,1159321067,Myanmar,Myanmar,Myanmar,Myanmar,Myanmar,Asia,South-Eastern Asia
1003030,319054,Lesbos,[],USGS Global Islands,319054,source-primary,1635.74860576,76611.9709302884,2025,WorldPop R2025A 2025 1km,1km-raster,39.17527779400004,25.999292293234422,1159320811,Greece,Greece,Greece,Greece,Greece,Europe,Southern Europe
1003408,319432,Ticao,"[""Bujo Island""]",USGS Global Islands,319432,source-primary,325.308619485,76405.283283331,2025,WorldPop R2025A 2025 1km,1km-raster,12.514360796000062,123.70965795389361,1159321169,Philippines,Philippines,Philippines,Philippines,Philippines,Asia,South-Eastern Asia
1003562,319586,Bawean,[],USGS Global Islands,319586,source-primary,199.501262759,75658.31043937399,2025,WorldPop R2025A 2025 1km,1km-raster,-5.791554567499929,112.66001338515645,1159320845,Indonesia,Indonesia,Indonesia,Indonesia,Indonesia,Asia,South-Eastern Asia
1009876,326261,Tongtou Dao,"[""Tungwan shan""]",USGS Global Islands,326261,source-primary,29.1351105107,74767.33720779569,2025,WorldPop R2025A 2025 1km,1km-raster,27.84122438600005,121.14344925754844,1159320481,China,China,China,China,China,Asia,Eastern Asia
1002457,337664,Mawlamyine Island,[],Myanmar geographical/historical sources,mawlamyinegyun-island,local-historical-landmass,55.8807583137,74585.93549728394,2025,WorldPop R2025A 2025 1km,1km-raster,16.396731583500042,95.28077376100106,1159321067,Myanmar,Myanmar,Myanmar,Myanmar,Myanmar,Asia,South-Eastern Asia
1002967,318991,Yamdena,"[""Pulau Mes""]",USGS Global Islands,318991,source-primary,3261.57911176,74518.69494103754,2025,WorldPop R2025A 2025 1km,1km-raster,-7.573475355499937,131.42712348262597,1159320845,Indonesia,Indonesia,Indonesia,Indonesia,Indonesia,Asia,South-Eastern Asia
1009221,325566,Pātharpratima Island,"[""Sanderson Island"", ""Sik\u00e5rpur Island""]",USGS Global Islands,325566,source-primary,96.5462694899,74335.53564119339,2025,WorldPop R2025A 2025 1km,1km-raster,21.786181253500047,88.34465968730434,1159320855,India,India,India,India,India,Asia,Southern Asia
1003521,319545,Nunukan,"[""East Nonokon"", ""Nunukan Timur""]",USGS Global Islands,319545,source-primary,237.645294941,73913.2553637588,2025,WorldPop R2025A 2025 1km,1km-raster,4.054847077000062,117.67296633702969,1159320845,Indonesia,Indonesia,Indonesia,Indonesia,Indonesia,Asia,South-Eastern Asia
1013093,330270,Pulau Indah,"[""Salat Mahang""]",USGS Global Islands,330270,source-primary,59.9531954498,73385.80131220818,2025,WorldPop R2025A 2025 1km,1km-raster,2.947142507000052,101.33009659491879,1159321083,Malaysia,Malaysia,Malaysia,Malaysia,Malaysia,Asia,South-Eastern Asia
1017895,336096,Patharpratima Island,[],Census-backed regional geography,patharpratima-island,local-regional-landmass,82.0154168346,72870.5056810379,2025,WorldPop R2025A 2025 1km,1km-raster,21.847330670000048,88.44315251943206,1159320855,India,India,India,India,India,Asia,Southern Asia
1003211,319235,Tawitawi,"[""Tawi-Tawi""]",USGS Global Islands,319235,source-primary,616.00115283,72540.98868357955,2025,WorldPop R2025A 2025 1km,1km-raster,5.1975595175000535,120.03427537218869,1159321169,Philippines,Philippines,Philippines,Philippines,Philippines,Asia,South-Eastern Asia
1003429,319453,Kundur,"[""Pulau Kundur""]",USGS Global Islands,319453,source-primary,311.510528743,72446.49239678471,2025,WorldPop R2025A 2025 1km,1km-raster,0.7668703425000558,103.42934658452123,1159320845,Indonesia,Indonesia,Indonesia,Indonesia,Indonesia,Asia,South-Eastern Asia
1003492,319516,Tonga,"[""Tonga (Tongatabu)"", ""New Amsterdam""]",USGS Global Islands,319516,source-primary,275.11014657,71621.67063115591,2025,WorldPop R2025A 2025 1km,1km-raster,-21.168110025999965,-175.27255399869773,1159321319,Tonga,Tonga,Tonga,Tonga,Tonga,Oceania,Polynesia
1003056,319080,Kauai,"[""Kaua'i"", ""Kaua\u00ef""]",USGS Global Islands,319080,source-primary,1438.73031988,70409.38754874581,2025,WorldPop R2025A 2025 1km,1km-raster,22.050271971000058,-159.5590622989085,1159321395,Hawaii,United States of America,United States of America,United States of America,Hawaii,Oceania,Polynesia
1002442,337643,Daunggyi Island,[],World Bank / JICA Ayeyarwady delta reclamation sources,daunggyi-island,local-historical-landmass,628.146836379,70164.66289341856,2025,WorldPop R2025A 2025 1km,1km-raster,16.057899803000055,95.20317980564275,1159321067,Myanmar,Myanmar,Myanmar,Myanmar,Myanmar,Asia,South-Eastern Asia
1018687,337414,Busuwanga,"[""Busuanga"", ""Calauit Island""]",USGS Global Islands,337414,source-primary,946.930259985,70049.22034052123,2025,WorldPop R2025A 2025 1km,1km-raster,12.145153495000045,120.02947784190648,1159321169,Philippines,Philippines,Philippines,Philippines,Philippines,Asia,South-Eastern Asia
1003339,319363,Burias,"[""Buria""]",USGS Global Islands,319363,source-primary,416.899947856,69131.00184655248,2025,WorldPop R2025A 2025 1km,1km-raster,12.925417410000051,123.141662351384,1159321169,Philippines,Philippines,Philippines,Philippines,Philippines,Asia,South-Eastern Asia
1009934,326319,Liuheng Dao,"[""Luhwang Shan"", ""Liu-heng""]",USGS Global Islands,326319,source-primary,103.095869029,68743.89243151154,2025,WorldPop R2025A 2025 1km,1km-raster,29.72433566750007,122.11588162234204,1159320481,China,China,China,China,China,Asia,Eastern Asia
1003335,319359,Mafia,[],USGS Global Islands,319359,source-primary,455.481169082,68464.79557416862,2025,WorldPop R2025A 2025 1km,1km-raster,-7.820268635499957,39.79095830494019,1159321337,Tanzania,United Republic of Tanzania,United Republic of Tanzania,Tanzania,Tanzania,Africa,Eastern Africa
1005249,321324,Oak Harbor,"[""Whidbey"", ""Whidbey Island""]",USGS Global Islands,321324,source-primary,445.791536338,67907.13523631281,2025,WorldPop R2025A 2025 1km,1km-raster,48.15802963200005,-122.59772589301099,1159321393,United States of America,United States of America,United States of America,United States of America,United States,Americas,Northern America
1003572,319596,Grand Cayman,"[""Grand Ca\u00efman""]",USGS Global Islands,319596,source-primary,202.214462832,67642.58306762633,2025,WorldPop R2025A 2025 1km,1km-raster,19.329529356500046,-81.17152791541754,1159320707,Cayman Is.,United Kingdom,Cayman Islands,Cayman Islands,Cayman Islands,Americas,Caribbean
1003188,319212,Anglesey,[],USGS Global Islands,319212,source-primary,722.519724748,67460.19496356198,2025,WorldPop R2025A 2025 1km,1km-raster,53.27811147050005,-4.332022918108242,1159320749,Wales,United Kingdom,United Kingdom,Wales,Wales,Europe,Northern Europe
1002034,336347,Hogla Char,[],USGS Global Islands,336347,source-primary,106.634313201,67431.65256029367,2025,WorldPop R2025A 2025 1km,1km-raster,23.387960401000072,90.43450608976983,1159320407,Bangladesh,Bangladesh,Bangladesh,Bangladesh,Bangladesh,Asia,Southern Asia
1002072,336399,Karimpur Char,[],Bangladesh World Bank WSS / local geography,karimpur-char,local-char-name,26.3859361825,67021.00099086761,2025,WorldPop R2025A 2025 1km,1km-raster,23.87850635250004,90.74258602755381,1159320407,Bangladesh,Bangladesh,Bangladesh,Bangladesh,Bangladesh,Asia,Southern Asia
1009771,326150,Wanqing Sha,[],USGS Global Islands,326150,source-primary,140.671127534,65453.74739821245,2025,WorldPop R2025A 2025 1km,1km-raster,22.65386292100007,113.59378162013607,1159320481,China,China,China,China,China,Asia,Eastern Asia
1013818,331277,Saint Martin/Sint Maarten,"[""St. Martin (St. Maarten)"", ""Sint Maarten""]",USGS Global Islands,331277,source-primary,89.2248874101,65122.855934620144,2025,WorldPop R2025A 2025 1km,1km-raster,18.065142788500054,-63.05135016467669,1159320639,St-Martin,France,Saint Martin,Saint Martin,Saint Martin,Americas,Caribbean
1002483,337695,Thongwa Island,[],World Bank Paddyland II / delta reclamation sources,worldbank-thongwa-island,local-historical-landmass,377.353737782,64898.22866998733,2025,WorldPop R2025A 2025 1km,1km-raster,16.58916013350006,95.79160266938106,1159321067,Myanmar,Myanmar,Myanmar,Myanmar,Myanmar,Asia,South-Eastern Asia
1021740,336246,Putney Island,"[""Putney Island"", ""Golpasan""]",USGS Global Islands,336246,source-alternate,62.3092697218,64894.719413757324,2025,WorldPop R2025A 2025 1km,1km-raster,22.494553529500052,89.44197155333744,1159320407,Bangladesh,Bangladesh,Bangladesh,Bangladesh,Bangladesh,Asia,Southern Asia
1007646,323901,Isla de Roatán,[],USGS Global Islands,323901,source-primary,124.121611548,64462.45899862817,2025,WorldPop R2025A 2025 1km,1km-raster,16.34893783600006,-86.50066053690524,1159320827,Honduras,Honduras,Honduras,Honduras,Honduras,Americas,Central America
1003438,319462,Tobago,[],USGS Global Islands,319462,source-primary,300.269921425,64317.61877794466,2025,WorldPop R2025A 2025 1km,1km-raster,11.239474235000046,-60.67297514275428,1159321325,Tobago,Trinidad and Tobago,Trinidad and Tobago,Trinidad and Tobago,Tobago,Americas,Caribbean
1013198,330433,Bongao,"[""Bongao Island""]",USGS Global Islands,330433,source-primary,10.8207897789,64159.336418151855,2025,WorldPop R2025A 2025 1km,1km-raster,5.02210499550003,119.75738066525761,,,,,,,,
1001964,336266,Char Charkimara,[],Bangladesh WARPO Inventory of Coastal and Estuarine Islands & Chars,warpo-2002-char-charkimara,local-authority-landmass,66.600958863,63325.78899413703,2025,WorldPop R2025A 2025 1km,1km-raster,22.64321103100005,90.59083896237064,1159320407,Bangladesh,Bangladesh,Bangladesh,Bangladesh,Bangladesh,Asia,Southern Asia
1003195,319219,Polillo,"[""Pollilo"", ""Polillo Island""]",USGS Global Islands,319219,source-primary,649.167002555,62823.634042943515,2025,WorldPop R2025A 2025 1km,1km-raster,14.843245570500045,121.929347200991,1159321169,Philippines,Philippines,Philippines,Philippines,Philippines,Asia,South-Eastern Asia
1009772,326153,Nan’ao Dao,"[""Namoa"", ""Nan ao Dao""]",USGS Global Islands,326153,source-primary,105.9394219,62632.09396651621,2025,WorldPop R2025A 2025 1km,1km-raster,23.43973554750005,117.07669015672839,1159320481,China,China,China,China,China,Asia,Eastern Asia
1018960,337864,Penghu,"[""Byosho"", ""P'eng-hu Tao""]",USGS Global Islands,337864,source-primary,67.6069410053,61969.030252456665,2025,WorldPop R2025A 2025 1km,1km-raster,23.55895973400004,119.61020240963452,1159321335,Taiwan,Taiwan,Taiwan,Taiwan,Taiwan,Asia,Eastern Asia
1003175,319199,Buka,[],USGS Global Islands,319199,source-primary,603.160024898,61640.09447328095,2025,WorldPop R2025A 2025 1km,1km-raster,-5.231115614499942,154.63138020099115,1159321175,Bougainville,Papua New Guinea,Papua New Guinea,Bougainville,Bougainville,Oceania,Melanesia
1008604,324925,Guernsey,[],USGS Global Islands,324925,source-primary,67.377543779,61615.9247007668,2025,WorldPop R2025A 2025 1km,1km-raster,49.46269264100005,-2.5825252915238157,1159320757,Guernsey,United Kingdom,Guernsey,Guernsey,Guernsey,Europe,Western Europe
1003797,319823,Tidore,"[""Pulau Tidore""]",USGS Global Islands,319823,source-primary,118.139017496,61472.734651393046,2025,WorldPop R2025A 2025 1km,1km-raster,0.6903139660000477,127.41160608895476,1159320845,Indonesia,Indonesia,Indonesia,Indonesia,Indonesia,Asia,South-Eastern Asia
1019939,338908,Namyetny,"[""Namyetny""]",USGS Global Islands,338908,source-alternate,78.3693102889,61022.52447211001,2025,WorldPop R2025A 2025 1km,1km-raster,64.63174191250005,40.56302372327269,1159321209,Russia,Russia,Russia,Russia,Russia,Europe,Eastern Europe
1003024,319048,Natuna Besar,"[""Pasir"", ""Sengua""]",USGS Global Islands,319048,source-primary,1622.54357992,60770.08657249726,2025,WorldPop R2025A 2025 1km,1km-raster,3.9294145415000514,108.18986004076817,1159320845,Indonesia,Indonesia,Indonesia,Indonesia,Indonesia,Asia,South-Eastern Asia
1009510,325867,Isola d’Ischia,[],USGS Global Islands,325867,source-primary,46.7322321396,60526.422231674194,2025,WorldPop R2025A 2025 1km,1km-raster,40.72687059650008,13.90973594151992,1159320927,Italy,Italy,Italy,Italy,Italy,Europe,Southern Europe
1013252,330487,Siasi,"[""Saisi"", ""Lapac""]",USGS Global Islands,330487,source-primary,75.7383948668,60456.98825061662,2025,WorldPop R2025A 2025 1km,1km-raster,5.541444244500042,120.8596206087114,1159321169,Philippines,Philippines,Philippines,Philippines,Philippines,Asia,South-Eastern Asia
1010407,326801,Ganghwado,"[""Ganghwa"", ""Kanghwa do""]",USGS Global Islands,326801,source-primary,330.929997167,60393.59165461204,2025,WorldPop R2025A 2025 1km,1km-raster,37.69572655700006,126.45500193032495,1159321003,South Korea,South Korea,South Korea,South Korea,South Korea,Asia,Eastern Asia
1018971,337878,Kinmen,[],USGS Global Islands,337878,source-primary,136.325168936,60377.557859659195,2025,WorldPop R2025A 2025 1km,1km-raster,24.459268910500043,118.38152917951786,1159321335,Taiwan,Taiwan,Taiwan,Taiwan,Taiwan,Asia,Eastern Asia
1003334,319358,Kangean,[],USGS Global Islands,319358,source-primary,431.284327906,60286.99458053426,2025,WorldPop R2025A 2025 1km,1km-raster,-6.918706069499962,115.26803183967617,1159320845,Indonesia,Indonesia,Indonesia,Indonesia,Indonesia,Asia,South-Eastern Asia
1003148,319172,Dominica,[],USGS Global Islands,319172,source-primary,750.797787171,60174.091097630626,2025,WorldPop R2025A 2025 1km,1km-raster,15.42311151450005,-61.34131073316934,1159320543,Dominica,Dominica,Dominica,Dominica,Dominica,Americas,Caribbean
1002970,318994,Gotland,[],USGS Global Islands,318994,source-primary,3030.55879324,60137.883799322,2025,WorldPop R2025A 2025 1km,1km-raster,57.41673735500004,18.536184004675917,1159321287,Sweden,Sweden,Sweden,Sweden,Sweden,Europe,Northern Europe
1002992,319016,Morotai,"[""Morota\u00ef""]",USGS Global Islands,319016,source-primary,2275.24027865,59604.83037750132,2025,WorldPop R2025A 2025 1km,1km-raster,2.3141071260000388,128.44121580918699,1159320845,Indonesia,Indonesia,Indonesia,Indonesia,Indonesia,Asia,South-Eastern Asia
1010024,326417,Shimo Jima,"[""Amakusa Shimo"", ""Shimoshima""]",USGS Global Islands,326417,source-primary,576.040883863,59468.563846262965,2025,WorldPop R2025A 2025 1km,1km-raster,32.369004640500066,130.10374875886112,1159320955,Japan,Japan,Japan,Japan,Japan,Asia,Eastern Asia
1014601,332287,Aquidneck,"[""Rhode Island"", ""Prudence""]",USGS Global Islands,332287,source-primary,101.050116636,59354.816365122795,2025,WorldPop R2025A 2025 1km,1km-raster,41.54971124000005,-71.271815616863,1159321393,United States of America,United States of America,United States of America,United States of America,United States,Americas,Northern America
1009620,325978,Cù Lao Tròn,"[""Cu Lao Dung""]",USGS Global Islands,325978,source-primary,195.948320243,59029.189427405596,2025,WorldPop R2025A 2025 1km,1km-raster,9.623028783000024,106.1902947355631,1159321417,Vietnam,Vietnam,Vietnam,Vietnam,Vietnam,Asia,South-Eastern Asia
1003106,319130,Rugen,"[""R\u00fcggen""]",USGS Global Islands,319130,source-primary,974.828713987,58911.0419411732,2025,WorldPop R2025A 2025 1km,1km-raster,54.452788674500056,13.387979856601273,1159320539,Germany,Germany,Germany,Germany,Germany,Europe,Western Europe
1019036,337959,Nangoutuo,[],GNS,-2662331,point-in-polygon,122.799342933,58331.083911300106,2025,WorldPop R2025A 2025 1km,1km-raster,38.983307471000046,118.52154775615807,1159320481,China,China,China,China,China,Asia,Eastern Asia
1006660,322869,Pulau Wamar,"[""Wamar""]",USGS Global Islands,322869,source-primary,49.8879264535,57520.191876769066,2025,WorldPop R2025A 2025 1km,1km-raster,-5.793654549499962,134.22058933517638,1159320845,Indonesia,Indonesia,Indonesia,Indonesia,Indonesia,Asia,South-Eastern Asia
1003072,319096,Lolland,[],USGS Global Islands,319096,source-primary,1249.27017045,57149.60496755895,2025,WorldPop R2025A 2025 1km,1km-raster,54.777194174000044,11.415662799917136,1159320547,Denmark,Denmark,Denmark,Denmark,Denmark,Europe,Northern Europe
1006162,322280,Ilha de Itaparica,"[""Itapirica"", ""Ilha da Cal""]",USGS Global Islands,322280,source-primary,201.268614787,56903.82011132082,2025,WorldPop R2025A 2025 1km,1km-raster,-13.006379190499956,-38.68149648882376,1159320441,Brazil,Brazil,Brazil,Brazil,Brazil,Americas,South America
1002948,318972,Espiritu Santo,"[""Santo""]",USGS Global Islands,318972,source-primary,3936.71382038,56210.71677502744,2025,WorldPop R2025A 2025 1km,1km-raster,-15.156722034999973,167.0513801638043,1159321421,Vanuatu,Vanuatu,Vanuatu,Vanuatu,Vanuatu,Oceania,Melanesia
1013572,330841,Sherbro,"[""Sherbro Island""]",USGS Global Islands,330841,source-primary,560.792199871,56001.72868491043,2025,WorldPop R2025A 2025 1km,1km-raster,7.514323441000045,-12.615450993885,1159321251,Sierra Leone,Sierra Leone,Sierra Leone,Sierra Leone,Sierra Leone,Africa,Western Africa
1010506,326903,Werder,[],USGS Global Islands,326903,source-primary,423.207341347,55777.90644964937,2025,WorldPop R2025A 2025 1km,1km-raster,53.993029417500054,14.080747583864238,1159320539,Germany,Germany,Germany,Germany,Germany,Europe,Western Europe
1003221,319245,Sulabesi,[],USGS Global Islands,319245,source-primary,532.582573617,55389.613694539665,2025,WorldPop R2025A 2025 1km,1km-raster,-2.224846041999939,125.93484843054341,1159320845,Indonesia,Indonesia,Indonesia,Indonesia,Indonesia,Asia,South-Eastern Asia
1006724,322935,Wangi-wangi Island,"[""Wangiwangi""]",USGS Global Islands,322935,source-primary,157.658952215,55270.203121028266,2025,WorldPop R2025A 2025 1km,1km-raster,-5.316034418999948,123.58497092561174,1159320845,Indonesia,Indonesia,Indonesia,Indonesia,Indonesia,Asia,South-Eastern Asia
1003302,319326,Sibuyan,"[""Sibuyan Island""]",USGS Global Islands,319326,source-primary,452.663311658,55229.639587183054,2025,WorldPop R2025A 2025 1km,1km-raster,12.388155097500032,122.58612921950188,1159321169,Philippines,Philippines,Philippines,Philippines,Philippines,Asia,South-Eastern Asia
1017979,336224,Hemnagar,[],USGS Global Islands,336224,source-primary,133.40722885,55052.637739658436,2025,WorldPop R2025A 2025 1km,1km-raster,22.271885882500072,88.98274017909374,1159320855,India,India,India,India,India,Asia,Southern Asia
1009744,326123,Hengqin Dao,"[""Xiaohengqin Dao"", ""Xiaohengqin""]",USGS Global Islands,326123,source-primary,82.7314128807,54845.46188876796,2025,WorldPop R2025A 2025 1km,1km-raster,22.115896235000065,113.5068812272592,1159320481,China,China,China,China,China,Asia,Eastern Asia
1002473,337684,Labutta Township,[],Myanmar local geography,labutta-township,local-geographic-landmass,416.473031333,54718.71801638603,2025,WorldPop R2025A 2025 1km,1km-raster,16.332940826000026,94.99837666072176,1159321067,Myanmar,Myanmar,Myanmar,Myanmar,Myanmar,Asia,South-Eastern Asia
1006214,322357,Ilha das Barreiras,[],USGS Global Islands,322357,source-primary,31.7284211972,54473.44609928131,2025,WorldPop R2025A 2025 1km,1km-raster,-1.2496216679999463,-48.44107198836549,1159320441,Brazil,Brazil,Brazil,Brazil,Brazil,Americas,South America
1017787,335974,Middle Boronga,"[""Middle Boronga"", ""Peinnechaung""]",USGS Global Islands,335974,source-alternate,219.740045556,54067.594429036224,2025,WorldPop R2025A 2025 1km,1km-raster,19.96791800300005,93.0778229447776,1159321067,Myanmar,Myanmar,Myanmar,Myanmar,Myanmar,Asia,South-Eastern Asia
1003156,319180,Singkep,"[""Singpek""]",USGS Global Islands,319180,source-primary,777.475030085,53825.320267777606,2025,WorldPop R2025A 2025 1km,1km-raster,-0.5093814889999351,104.41372919841623,1159320845,Indonesia,Indonesia,Indonesia,Indonesia,Indonesia,Asia,South-Eastern Asia
1003711,319737,Sapudi,"[""Pulau Sapudi""]",USGS Global Islands,319737,source-primary,127.254398424,53532.06522753888,2025,WorldPop R2025A 2025 1km,1km-raster,-7.1169174629999645,114.32960448090458,1159320845,Indonesia,Indonesia,Indonesia,Indonesia,Indonesia,Asia,South-Eastern Asia
1006074,322186,Ilha de São Francisco,[],USGS Global Islands,322186,source-primary,271.133574664,53184.53183630092,2025,WorldPop R2025A 2025 1km,1km-raster,-26.308529322499965,-48.62954010898588,1159320441,Brazil,Brazil,Brazil,Brazil,Brazil,Americas,South America
1018923,337801,Nansan Island,[],Zhanjiang local government,zhanjiang-nansan-island,local-authority-landmass,129.135110991,53005.84785915683,2025,WorldPop R2025A 2025 1km,1km-raster,21.15160952550005,110.55917694646999,1159320481,China,China,China,China,China,Asia,Eastern Asia
1017987,336268,Urichar,"[""El\u00e5hi"", ""Char El\u00e5hi""]",USGS Global Islands,336268,source-primary,127.109270502,52933.12548411945,2025,WorldPop R2025A 2025 1km,1km-raster,22.698139848500062,91.34120468567966,1159320407,Bangladesh,Bangladesh,Bangladesh,Bangladesh,Bangladesh,Asia,Southern Asia
1009905,326290,Amami Ōshima,[],USGS Global Islands,326290,source-primary,710.267704362,52570.10533455617,2025,WorldPop R2025A 2025 1km,1km-raster,28.32057031550005,129.39800071902073,1159320947,Nansei-shoto,Japan,Japan,Japan,Nanseishoto,Asia,Eastern Asia
1002057,336376,Harirampur,[],Bangladesh local geography,harirampur-region,local-geographic-landmass,119.703951299,52454.08681994824,2025,WorldPop R2025A 2025 1km,1km-raster,23.65408075050007,89.94617098930331,1159320407,Bangladesh,Bangladesh,Bangladesh,Bangladesh,Bangladesh,Asia,Southern Asia
1012812,329956,Sumatra,"[""Sumatra""]",USGS Global Islands,329956,source-alternate,567.872245046,52231.61642626653,2025,WorldPop R2025A 2025 1km,1km-raster,-2.585215032999969,104.85629881955734,1159320845,Indonesia,Indonesia,Indonesia,Indonesia,Indonesia,Asia,South-Eastern Asia
1002002,336307,Hizla Gurabdi,[],Bangladesh WARPO Inventory of Coastal and Estuarine Islands & Chars,warpo-2002-hizla-gurabdi,local-authority-landmass,72.1067355416,52134.84426116943,2025,WorldPop R2025A 2025 1km,1km-raster,22.969308907000055,90.53041585890026,1159320407,Bangladesh,Bangladesh,Bangladesh,Bangladesh,Bangladesh,Asia,Southern Asia
1003553,319577,Mwali,"[""Moheli"", ""Moh\u00e9li""]",USGS Global Islands,319577,source-primary,205.045337073,51895.125912905765,2025,WorldPop R2025A 2025 1km,1km-raster,-12.319849203499928,43.720702620808545,1159320521,Comoros,Comoros,Comoros,Comoros,Comoros,Africa,Eastern Africa
1003312,319336,Sebatik,[],USGS Global Islands,319336,source-primary,439.610536317,51643.05779999614,2025,WorldPop R2025A 2025 1km,1km-raster,4.146148213500055,117.81219691160159,1159320845,Indonesia,Indonesia,Indonesia,Indonesia,Indonesia,Asia,South-Eastern Asia
1009815,326199,Langqi Dao,"[""Ch'uan-shih Tao""]",USGS Global Islands,326199,source-primary,60.8553884082,51454.13580608368,2025,WorldPop R2025A 2025 1km,1km-raster,26.095109218500028,119.5941590552786,1159320481,China,China,China,China,China,Asia,Eastern Asia
1002058,336377,Bishnandi Char,[],GeoNames / local Araihazar geography,bishnandi-char,local-char-name,21.2744630454,51439.58112359097,2025,WorldPop R2025A 2025 1km,1km-raster,23.693541864500048,90.71359600917306,1159320407,Bangladesh,Bangladesh,Bangladesh,Bangladesh,Bangladesh,Asia,Southern Asia
1000302,326019,Cù Lao Tây,[],USGS Global Islands,326019,source-primary,80.8618604455,50607.874359846115,2025,WorldPop R2025A 2025 1km,1km-raster,10.633059945000042,105.37128492826696,1159321417,Vietnam,Vietnam,Vietnam,Vietnam,Vietnam,Asia,South-Eastern Asia
1013531,330790,Galveston,[],USGS Global Islands,330790,source-primary,105.069094069,50416.10416419062,2025,WorldPop R2025A 2025 1km,1km-raster,29.20936987500005,-94.9371590376048,1159321393,United States of America,United States of America,United States of America,United States of America,United States,Americas,Northern America
1003419,319443,Als,"[""Kegn\u00c3\u00a6s""]",USGS Global Islands,319443,source-primary,313.738045909,50004.22331006468,2025,WorldPop R2025A 2025 1km,1km-raster,54.968083964000044,9.931745550723988,1159320547,Denmark,Denmark,Denmark,Denmark,Denmark,Europe,Northern Europe
1003008,319032,Manus,[],USGS Global Islands,319032,source-primary,1846.92413051,49844.89617477805,2025,WorldPop R2025A 2025 1km,1km-raster,-2.1044061364999607,146.93280285660626,1159321177,Papua New Guinea,Papua New Guinea,Papua New Guinea,Papua New Guinea,Papua New Guinea,Oceania,Melanesia
1021818,0,Osea Island,"[""Isle of Sheppey""]",USGS Global Islands,0,source-primary,89.2676129291,49826.87900429312,2025,WorldPop R2025A 2025 1km,1km-raster,51.39785650050007,0.8335327941932634,1159320743,England,United Kingdom,United Kingdom,England,England,Europe,Northern Europe
1009218,325563,Matarbāri Island,[],USGS Global Islands,325563,source-primary,44.0607578713,49685.995436668396,2025,WorldPop R2025A 2025 1km,1km-raster,21.709147613000056,91.88918625896972,1159320407,Bangladesh,Bangladesh,Bangladesh,Bangladesh,Bangladesh,Asia,Southern Asia
1003342,319366,Terceira,[],USGS Global Islands,319366,source-primary,399.123403226,49675.47717765685,2025,WorldPop R2025A 2025 1km,1km-raster,38.72319152900005,-27.21654259009479,1159321189,Azores,Portugal,Portugal,Azores,Azores,Europe,Southern Europe
1003318,319342,Kadan,"[""King"", ""Kadan Kyun""]",USGS Global Islands,319342,source-primary,459.364407581,49362.187768117496,2025,WorldPop R2025A 2025 1km,1km-raster,12.499312142000036,98.38983796554928,1159321067,Myanmar,Myanmar,Myanmar,Myanmar,Myanmar,Asia,South-Eastern Asia
1003140,319164,Karakelong,"[""Palau Karakelang""]",USGS Global Islands,319164,source-primary,804.219996286,49305.27365325634,2025,WorldPop R2025A 2025 1km,1km-raster,4.269881224000045,126.81351707379906,1159320845,Indonesia,Indonesia,Indonesia,Indonesia,Indonesia,Asia,South-Eastern Asia
1017561,335684,Mannar,"[""Manaar""]",USGS Global Islands,335684,source-primary,136.581872284,49143.11547380686,2025,WorldPop R2025A 2025 1km,1km-raster,9.03502427950005,79.84065649679657,1159321025,Sri Lanka,Sri Lanka,Sri Lanka,Sri Lanka,Sri Lanka,Asia,Southern Asia
1002974,318998,Taliabu,"[""Pulau Taliabu""]",USGS Global Islands,318998,source-primary,2924.9732485,49017.56060846829,2025,WorldPop R2025A 2025 1km,1km-raster,-1.830879427999946,124.82937066458211,1159320845,Indonesia,Indonesia,Indonesia,Indonesia,Indonesia,Asia,South-Eastern Asia
1002113,336457,Daulatpur,[],Bangladesh local geography,daulatpur-region,local-geographic-landmass,112.989965475,48585.253326669445,2025,WorldPop R2025A 2025 1km,1km-raster,23.94972653450006,89.70095676313133,1159320407,Bangladesh,Bangladesh,Bangladesh,Bangladesh,Bangladesh,Asia,Southern Asia
1003120,319144,Sado,[],USGS Global Islands,319144,source-primary,860.917341821,48275.805351124196,2025,WorldPop R2025A 2025 1km,1km-raster,38.067772574500054,138.35098388171508,1159320955,Japan,Japan,Japan,Japan,Japan,Asia,Eastern Asia
1017753,335935,Myebon,[],Myanmar local geography,myebon-region,local-geographic-landmass,49.9837974024,47875.75060749158,2025,WorldPop R2025A 2025 1km,1km-raster,19.813958406500035,93.75718138494952,1159321067,Myanmar,Myanmar,Myanmar,Myanmar,Myanmar,Asia,South-Eastern Asia
1014427,332045,Bermuda,"[""Great Bermuda"", ""Hamilton""]",USGS Global Islands,332045,source-primary,40.1869781435,47357.871185302734,2025,WorldPop R2025A 2025 1km,1km-raster,32.30249715900007,-64.77514382522003,1159320705,Bermuda,United Kingdom,Bermuda,Bermuda,Bermuda,Americas,Northern America
1003049,319073,Rupat,"[""Roepat""]",USGS Global Islands,319073,source-primary,1494.9467553,47043.71708041771,2025,WorldPop R2025A 2025 1km,1km-raster,1.9068673245000411,101.57451026099898,1159320845,Indonesia,Indonesia,Indonesia,Indonesia,Indonesia,Asia,South-Eastern Asia
1009798,326181,Miyako Island,[],USGS Global Islands,326181,source-primary,161.00898227,46709.126906603575,2025,WorldPop R2025A 2025 1km,1km-raster,24.81072485550004,125.30501955915146,1159320947,Nansei-shoto,Japan,Japan,Japan,Nanseishoto,Asia,Eastern Asia
1003124,319148,Rangsang,"[""Medang""]",USGS Global Islands,319148,source-primary,874.125026735,46706.956587679495,2025,WorldPop R2025A 2025 1km,1km-raster,0.9938548035000565,102.93989833924846,1159320845,Indonesia,Indonesia,Indonesia,Indonesia,Indonesia,Asia,South-Eastern Asia
1007636,323890,Isla de San Andrés,"[""San Andres"", ""San Andr\u00e9s""]",USGS Global Islands,323890,source-primary,27.4189976328,46595.73355036974,2025,WorldPop R2025A 2025 1km,1km-raster,12.538453269500053,-81.72018342934112,1159320517,Colombia,Colombia,Colombia,Colombia,Colombia,Americas,South America
1012750,329888,Lihir,"[""Gerrit Denys""]",USGS Global Islands,329888,source-primary,200.798775266,46303.11390937328,2025,WorldPop R2025A 2025 1km,1km-raster,-3.128517318999968,152.601846792221,1159321177,Papua New Guinea,Papua New Guinea,Papua New Guinea,Papua New Guinea,Papua New Guinea,Oceania,Melanesia
1021640,332060,Port Royal and Parris,[],USGS Global Islands,332060,source-primary,201.473948553,46213.050879662245,2025,WorldPop R2025A 2025 1km,1km-raster,32.42045662600006,-80.738258657378,1159321393,United States of America,United States of America,United States of America,United States of America,United States,Americas,Northern America
1009948,326333,Daxie Dao,[],USGS Global Islands,326333,source-primary,31.8097839627,46095.37449002266,2025,WorldPop R2025A 2025 1km,1km-raster,29.92592600900005,121.957674349993,1159320481,China,China,China,China,China,Asia,Eastern Asia
1018914,337783,Xa Phong Coc,"[""B\u00e3i Nh\u00e0 M\u00e5c""]",USGS Global Islands,337783,source-primary,42.2036776413,46014.52069759369,2025,WorldPop R2025A 2025 1km,1km-raster,20.88752385150005,106.82585038741061,1159321417,Vietnam,Vietnam,Vietnam,Vietnam,Vietnam,Asia,South-Eastern Asia
1003489,319513,Banggai,"[""Bangaii""]",USGS Global Islands,319513,source-primary,270.998360386,45577.592595236936,2025,WorldPop R2025A 2025 1km,1km-raster,-1.6025118314999531,123.53088468064169,1159320845,Indonesia,Indonesia,Indonesia,Indonesia,Indonesia,Asia,South-Eastern Asia
1003142,319166,Khios,"[""Chios"", ""Kh\u00edos""]",USGS Global Islands,319166,source-primary,845.547578433,45503.38569557082,2025,WorldPop R2025A 2025 1km,1km-raster,38.37580309650005,26.064948342999635,1159320811,Greece,Greece,Greece,Greece,Greece,Europe,Southern Europe
1001842,335720,Ramanthali,[],USGS Global Islands,335720,source-primary,34.3981616549,45462.1292591095,2025,WorldPop R2025A 2025 1km,1km-raster,12.102583453500046,75.16092821501816,1159320855,India,India,India,India,India,Asia,Southern Asia
1003222,319246,Tanna,[],USGS Global Islands,319246,source-primary,560.454657081,44856.73667308837,2025,WorldPop R2025A 2025 1km,1km-raster,-19.485687595999963,169.33501610868723,1159321421,Vanuatu,Vanuatu,Vanuatu,Vanuatu,Vanuatu,Oceania,Melanesia
1003043,319067,Middle Andaman,"[""North Andaman""]",USGS Global Islands,319067,source-primary,1499.29978225,44763.38796851881,2025,WorldPop R2025A 2025 1km,1km-raster,12.61193824700004,92.86998127561742,1159320849,Andaman Is.,India,India,India,Andaman Is.,Asia,South-Eastern Asia
1002144,336501,Shahjadpur,[],Bangladesh local geography,shahjadpur-region,local-geographic-landmass,125.318122982,44637.085201518705,2025,WorldPop R2025A 2025 1km,1km-raster,24.107797455500048,89.69155719423975,1159320407,Bangladesh,Bangladesh,Bangladesh,Bangladesh,Bangladesh,Asia,Southern Asia
1003354,319378,Karkar,"[""Krakar""]",USGS Global Islands,319378,source-primary,397.84841692,44339.6220946926,2025,WorldPop R2025A 2025 1km,1km-raster,-4.638055063499962,145.97312990371853,1159321177,Papua New Guinea,Papua New Guinea,Papua New Guinea,Papua New Guinea,Papua New Guinea,Oceania,Melanesia
1009883,326268,Lingkun Dao,"[""Wenchow"", ""Wen-chou Tao""]",USGS Global Islands,326268,source-primary,45.1570841976,44322.11564936489,2025,WorldPop R2025A 2025 1km,1km-raster,27.93995715300005,120.93404631815139,,,China,China,China,China,Asia,Eastern Asia
1013088,330263,Borneo,"[""Borneo"", ""Born\u00e9o""]",USGS Global Islands,330263,source-alternate,1995.10122674,44223.622267152314,2025,WorldPop R2025A 2025 1km,1km-raster,2.54049085500003,111.54835162016346,1159321083,Malaysia,Malaysia,Malaysia,Malaysia,Malaysia,Asia,South-Eastern Asia
1009792,326175,Ishigaki Jima,[],USGS Global Islands,326175,source-primary,224.633400497,44016.48680353172,2025,WorldPop R2025A 2025 1km,1km-raster,24.470822465000055,124.23902288725026,1159320947,Nansei-shoto,Japan,Japan,Japan,Nanseishoto,Asia,Eastern Asia
1003548,319572,Penida,"[""Nusa Penida""]",USGS Global Islands,319572,source-primary,195.605155421,43472.24578234553,2025,WorldPop R2025A 2025 1km,1km-raster,-8.744657557499949,115.53508822926639,1159320845,Indonesia,Indonesia,Indonesia,Indonesia,Indonesia,Asia,South-Eastern Asia
1011919,328921,Rodrigues,"[""Di\u00e9go Rodriguez""]",USGS Global Islands,328921,source-primary,108.735503982,43097.121549129486,2025,WorldPop R2025A 2025 1km,1km-raster,-19.71847159699996,63.418379810703684,1159321079,Mauritius,Mauritius,Mauritius,Mauritius,Mauritius,Africa,Eastern Africa
1001981,336284,Babuganj,[],Bangladesh local geography,babuganj-region,local-geographic-landmass,37.0252686145,42961.287536621094,2025,WorldPop R2025A 2025 1km,1km-raster,22.84687375650006,90.31017630351624,1159320407,Bangladesh,Bangladesh,Bangladesh,Bangladesh,Bangladesh,Asia,Southern Asia
1002979,319003,North Andaman,"[""Chatham Island"", ""Chatham Islet""]",USGS Global Islands,319003,source-primary,1348.20956773,42346.460314328964,2025,WorldPop R2025A 2025 1km,1km-raster,13.228556518000062,92.95262001016184,1159320849,Andaman Is.,India,India,India,Andaman Is.,Asia,South-Eastern Asia
1003025,319049,Savaii,[],USGS Global Islands,319049,source-primary,1704.25673789,42242.470165905004,2025,WorldPop R2025A 2025 1km,1km-raster,-13.621706565999972,-172.4388429108871,1159321423,Samoa,Samoa,Samoa,Samoa,Samoa,Oceania,Polynesia
1001917,336202,Tentutala,[],USGS Global Islands,336202,source-primary,59.7185394407,42081.4880065918,2025,WorldPop R2025A 2025 1km,1km-raster,22.223920644500055,88.77635361158207,1159320855,India,India,India,India,India,Asia,Southern Asia
1011931,328944,Pambane,[],USGS Global Islands,328944,source-primary,340.07582123,41983.117142172705,2025,WorldPop R2025A 2025 1km,1km-raster,-18.685837330499965,36.308845003230864,1159321073,Mozambique,Mozambique,Mozambique,Mozambique,Mozambique,Africa,Eastern Africa
1003288,319312,Falster,[],USGS Global Islands,319312,source-primary,515.768965862,41710.74691170195,2025,WorldPop R2025A 2025 1km,1km-raster,54.76329177100004,11.958682740415835,1159320547,Denmark,Denmark,Denmark,Denmark,Denmark,Europe,Northern Europe
1002965,318989,Makira,"[""San Cristobal(Makira)"", ""San Cristobal""]",USGS Global Islands,318989,source-primary,3065.42149216,41707.85741845966,2025,WorldPop R2025A 2025 1km,1km-raster,-10.52006924649993,161.8230845211766,1159321249,Solomon Is.,Solomon Islands,Solomon Islands,Solomon Islands,Solomon Islands,Oceania,Melanesia
1003534,319558,Panaon,"[""Panaon Island""]",USGS Global Islands,319558,source-primary,202.852324029,41653.489664757,2025,WorldPop R2025A 2025 1km,1km-raster,10.034260326000037,125.21970901769456,1159321169,Philippines,Philippines,Philippines,Philippines,Philippines,Asia,South-Eastern Asia
1003091,319115,Grand Bahama,[],USGS Global Islands,319115,source-primary,952.333469909,41600.92005381011,2025,WorldPop R2025A 2025 1km,1km-raster,26.644420505000028,-78.36262547270806,1159320415,Bahamas,The Bahamas,The Bahamas,The Bahamas,The Bahamas,Americas,Caribbean
1007455,323695,Pulau Siau,"[""Siau""]",USGS Global Islands,323695,source-primary,115.789438694,41574.23190069398,2025,WorldPop R2025A 2025 1km,1km-raster,2.720269527500051,125.38211356622391,1159320845,Indonesia,Indonesia,Indonesia,Indonesia,Indonesia,Asia,South-Eastern Asia
1003704,319730,Tutuila,"[""Tiaoalii Rock""]",USGS Global Islands,319730,source-primary,136.457774481,41563.836828269436,2025,WorldPop R2025A 2025 1km,1km-raster,-14.301945873999955,-170.7509671328519,1159321357,American Samoa,United States of America,American Samoa,American Samoa,American Samoa,Oceania,Polynesia
1020291,339265,Tromsoya,"[""Tromsoy""]",USGS Global Islands,339265,source-primary,22.0802142945,41027.37078852372,2025,WorldPop R2025A 2025 1km,1km-raster,69.67088510300005,18.940239037483835,,,,,,,,
1005114,321182,Cascajal,"[""Isla Cascajal""]",USGS Global Islands,321182,source-primary,3.8477495691,40452.08966064453,2025,WorldPop R2025A 2025 1km,1km-raster,3.8837558470000317,-77.06526710808225,1159320517,Colombia,Colombia,Colombia,Colombia,Colombia,Americas,South America
1022411,0,Gozo,[],USGS Global Islands,0,source-primary,66.2166046196,40241.487478256226,2025,WorldPop R2025A 2025 1km,1km-raster,36.04673800050003,14.257063583984127,1159321065,Malta,Malta,Malta,Malta,Malta,Europe,Southern Europe
1000300,326013,Cù Lao Giêng,[],USGS Global Islands,326013,source-primary,53.3620515916,40133.80100059509,2025,WorldPop R2025A 2025 1km,1km-raster,10.480139172000037,105.5415272949575,1159321417,Vietnam,Vietnam,Vietnam,Vietnam,Vietnam,Asia,South-Eastern Asia
1002982,319006,Obira,[],USGS Global Islands,319006,source-primary,2463.43523212,39730.53254675786,2025,WorldPop R2025A 2025 1km,1km-raster,-1.5342473074999532,127.71664584152947,1159320845,Indonesia,Indonesia,Indonesia,Indonesia,Indonesia,Asia,South-Eastern Asia
1019464,338423,Kotlin,"[""Kronshlot"", ""Kronstadt""]",USGS Global Islands,338423,source-primary,19.5611166858,39715.38384718448,2025,WorldPop R2025A 2025 1km,1km-raster,60.00144020350004,29.753567020395842,1159321209,Russia,Russia,Russia,Russia,Russia,Europe,Eastern Europe
1009297,325651,Kish Island,[],USGS Global Islands,325651,source-primary,91.8627830354,39538.20249894261,2025,WorldPop R2025A 2025 1km,1km-raster,26.535317466000066,53.96906187482579,1159320881,Iran,Iran,Iran,Iran,Iran,Asia,Southern Asia
1002542,337837,Chaolian Island,[],Jiangmen municipal government,jiangmen-chaolian-island,local-authority-landmass,13.2246022504,39106.61428833008,2025,WorldPop R2025A 2025 1km,1km-raster,22.627310215500046,113.11536670703393,1159320481,China,China,China,China,China,Asia,Eastern Asia
1003538,319562,St. Croix,"[""Sainte Croix""]",USGS Global Islands,319562,source-primary,217.074632087,39053.33002385504,2025,WorldPop R2025A 2025 1km,1km-raster,17.728682069000058,-64.75923789192743,1159321371,U.S. Virgin Is.,United States of America,United States Virgin Islands,United States Virgin Islands,United States Virgin Islands,Americas,Caribbean
1003337,319361,Zakinthos,"[""Zanthe"", ""Z\u00e1kynthos""]",USGS Global Islands,319361,source-primary,406.892226045,38959.411381170255,2025,WorldPop R2025A 2025 1km,1km-raster,37.788765752000046,20.790213392180004,1159320811,Greece,Greece,Greece,Greece,Greece,Europe,Southern Europe
1003577,319601,Alabat,"[""Alabat Island""]",USGS Global Islands,319601,source-primary,189.127612698,38669.631446397405,2025,WorldPop R2025A 2025 1km,1km-raster,14.119538852500057,122.02491974621867,1159321169,Philippines,Philippines,Philippines,Philippines,Philippines,Asia,South-Eastern Asia
1003591,319616,Tortue,"[""Tortuga""]",USGS Global Islands,319616,source-primary,179.875289073,38476.982033613145,2025,WorldPop R2025A 2025 1km,1km-raster,20.040829435500058,-72.78698062584914,1159320839,Haiti,Haiti,Haiti,Haiti,Haiti,Americas,Caribbean
1013831,331290,St. Thomas,"[""Saint Thomas""]",USGS Global Islands,331290,source-primary,72.4114266822,38476.84247970581,2025,WorldPop R2025A 2025 1km,1km-raster,18.342298408500056,-64.9183179306952,1159321371,U.S. Virgin Is.,United States of America,United States Virgin Islands,United States Virgin Islands,United States Virgin Islands,Americas,Caribbean
1001897,336116,Kuakata,[],Bangladesh local coastal geography,kuakata-region,local-geographic-landmass,56.0041783208,38354.86502075195,2025,WorldPop R2025A 2025 1km,1km-raster,21.94185457800006,90.16917553467533,1159320407,Bangladesh,Bangladesh,Bangladesh,Bangladesh,Bangladesh,Asia,Southern Asia
1009770,326149,Xiaobei Zhou,[],USGS Global Islands,326149,source-primary,49.8254428749,38289.14046534938,2025,WorldPop R2025A 2025 1km,1km-raster,22.650647616500066,113.6674451975555,,,,,,,,
1002479,337690,Ngapudaw,[],USGS Global Islands,337690,source-primary,73.4023806064,38277.789081573486,2025,WorldPop R2025A 2025 1km,1km-raster,16.56227981950005,94.71642676863459,1159321067,Myanmar,Myanmar,Myanmar,Myanmar,Myanmar,Asia,South-Eastern Asia
1009963,326348,Jintang Dao,"[""Kintang Shan"", ""Kintang""]",USGS Global Islands,326348,source-primary,97.1967483566,38172.55031502503,2025,WorldPop R2025A 2025 1km,1km-raster,30.043621112500063,121.87759188187286,1159320481,China,China,China,China,China,Asia,Eastern Asia
1003773,319799,Saipan,[],USGS Global Islands,319799,source-primary,120.161726069,38141.26762758774,2025,WorldPop R2025A 2025 1km,1km-raster,15.19092599800004,145.74734323763204,1159321361,N. Mariana Is.,United States of America,Northern Mariana Islands,Northern Mariana Islands,Northern Mariana Islands,Oceania,Micronesia
1003207,319231,Bornholm,[],USGS Global Islands,319231,source-primary,588.996717462,38058.22082891922,2025,WorldPop R2025A 2025 1km,1km-raster,55.143004040500045,14.921975642140183,1159320553,Bornholm,Denmark,Denmark,Denmark,Bornholm,Europe,Northern Europe
1018861,337644,Cabarruyan,"[""Cabarruyan Island""]",USGS Global Islands,337644,source-primary,71.4615423718,37945.32788848877,2025,WorldPop R2025A 2025 1km,1km-raster,16.285735854000052,119.9746733502449,1159321169,Philippines,Philippines,Philippines,Philippines,Philippines,Asia,South-Eastern Asia
1009713,326092,Ka Bao Island,"[""Ke Bao"", ""Ka Bao""]",USGS Global Islands,326092,source-primary,202.533685063,37913.53301376688,2025,WorldPop R2025A 2025 1km,1km-raster,21.15779913600005,107.48282545896012,1159321417,Vietnam,Vietnam,Vietnam,Vietnam,Vietnam,Asia,South-Eastern Asia
1009637,326001,Cù Lao Lợi Quán,"[""H\u00f2n Ilo Ilo""]",USGS Global Islands,326001,source-primary,106.917920239,37823.45447039604,2025,WorldPop R2025A 2025 1km,1km-raster,10.25244018400005,106.70965579986539,1159321417,Vietnam,Vietnam,Vietnam,Vietnam,Vietnam,Asia,South-Eastern Asia
1014567,332249,Long Beach,"[""Long Meadow Island""]",USGS Global Islands,332249,source-primary,16.0763904243,37103.72889686562,2025,WorldPop R2025A 2025 1km,1km-raster,40.594101355500044,-73.62755745014843,1159321393,United States of America,United States of America,United States of America,United States of America,United States,Americas,Northern America
1009979,326364,Qushan Dao,"[""Taghu Shan"", ""Daqu Shan""]",USGS Global Islands,326364,source-primary,65.5705943134,37000.617143429816,2025,WorldPop R2025A 2025 1km,1km-raster,30.445497766000045,122.34889699827937,1159320481,China,China,China,China,China,Asia,Eastern Asia
1006564,322772,Pulau Poteran,"[""Puteran"", ""Poeteran""]",USGS Global Islands,322772,source-primary,50.2105532414,36991.69522857666,2025,WorldPop R2025A 2025 1km,1km-raster,-7.084998762499936,113.99925645401768,,,,,,,,
1018729,337466,Romblon,"[""Rombion""]",USGS Global Islands,337466,source-primary,82.5463794402,36231.22401741319,2025,WorldPop R2025A 2025 1km,1km-raster,12.550410783000046,122.2878130033269,1159321169,Philippines,Philippines,Philippines,Philippines,Philippines,Asia,South-Eastern Asia
1000301,326018,Cù Lao Ong Go,[],USGS Global Islands,326018,source-primary,207.594522381,35768.788933188924,2025,WorldPop R2025A 2025 1km,1km-raster,10.532662389500047,106.82019799304797,1159321417,Vietnam,Vietnam,Vietnam,Vietnam,Vietnam,Asia,South-Eastern Asia
1018629,337348,Boracay,[],USGS Global Islands,337348,source-primary,10.09632613,35692.003173828125,2025,WorldPop R2025A 2025 1km,1km-raster,11.972400737000072,121.92159852106452,,,,,,,,
1003150,319174,Cephalonia,"[""Kefallin\u00eda""]",USGS Global Islands,319174,source-primary,781.968376355,35480.14024944464,2025,WorldPop R2025A 2025 1km,1km-raster,38.26587087300004,20.537375141558485,1159320811,Greece,Greece,Greece,Greece,Greece,Europe,Southern Europe
1010942,327358,Greenland,[],USGS Global Islands,327358,source-primary,2119986.11956,35193.101086687355,2025,WorldPop R2025A 2025 1km,1km-raster,71.81968238850004,-40.46571144190535,1159320551,Greenland,Denmark,Greenland,Greenland,Greenland,Americas,Northern America
1007573,323823,Pulau We,"[""Weh"", ""Pulau Beruk""]",USGS Global Islands,323823,source-primary,121.566997563,35140.47051107611,2025,WorldPop R2025A 2025 1km,1km-raster,5.8395194690000665,95.33764280648887,1159320845,Indonesia,Indonesia,Indonesia,Indonesia,Indonesia,Asia,South-Eastern Asia
1012619,329735,New Guinea,"[""New Guinea"", ""Nouvelle-Guinee""]",USGS Global Islands,329735,source-alternate,509.240207116,35132.09278130149,2025,WorldPop R2025A 2025 1km,1km-raster,-5.592105506999957,138.14405191840876,1159320845,Indonesia,Indonesia,Indonesia,Indonesia,Indonesia,Asia,South-Eastern Asia
1003529,319553,Sal,[],USGS Global Islands,319553,source-primary,222.758381207,34975.90918204209,2025,WorldPop R2025A 2025 1km,1km-raster,16.719262770500052,-22.937045305505976,1159320523,Cabo Verde,Cabo Verde,Cabo Verde,Cabo Verde,Cabo Verde,Africa,Western Africa
1010318,326711,Namhae-do,[],USGS Global Islands,326711,source-primary,305.78129544,34918.77403318642,2025,WorldPop R2025A 2025 1km,1km-raster,34.82409157200007,127.88103025797778,1159321003,South Korea,South Korea,South Korea,South Korea,South Korea,Asia,Eastern Asia
1003459,319483,Kos,[],USGS Global Islands,319483,source-primary,288.780813517,34821.34827134022,2025,WorldPop R2025A 2025 1km,1km-raster,36.79510261350006,27.086313334417177,1159320811,Greece,Greece,Greece,Greece,Greece,Europe,Southern Europe
1000030,321168,Guano,[],USGS Global Islands,321168,source-primary,2.6223987104,34666.429772138596,2025,WorldPop R2025A 2025 1km,1km-raster,1.8131174545000306,-78.76509392627068,1159320517,Colombia,Colombia,Colombia,Colombia,Colombia,Americas,South America
1017820,336009,Nantha Island,[],Rakhine local/conservation sources,nantha-island-rakhine,local-island-name,132.785727186,34326.75107673468,2025,WorldPop R2025A 2025 1km,1km-raster,20.362112331500043,92.80607985770216,,,,,,,,
1006398,322602,Dzaoudzi Island,"[""Zaudzi"", ""Dzaoudzi""]",USGS Global Islands,322602,source-primary,12.2301056827,34323.146761894226,2025,WorldPop R2025A 2025 1km,1km-raster,-12.788079770499962,45.28147992904163,1159320659,Mayotte,France,France,Mayotte,Mayotte,Africa,Eastern Africa
1006092,322210,Ilha de São Sebastião,"[""Sao Sebastiao"", ""San Sebastiao""]",USGS Global Islands,322210,source-primary,336.30138035,34000.88797755875,2025,WorldPop R2025A 2025 1km,1km-raster,-23.845382183499964,-45.344886303553125,1159320441,Brazil,Brazil,Brazil,Brazil,Brazil,Americas,South America
1003296,319320,Fogo,[],USGS Global Islands,319320,source-primary,467.687988067,33858.51510972613,2025,WorldPop R2025A 2025 1km,1km-raster,14.933074114500045,-24.392953098547626,1159320523,Cabo Verde,Cabo Verde,Cabo Verde,Cabo Verde,Cabo Verde,Africa,Western Africa
1003149,319173,Santo Antao,[],USGS Global Islands,319173,source-primary,788.149949964,33425.30099969153,2025,WorldPop R2025A 2025 1km,1km-raster,17.056868742000063,-25.172295373936368,1159320523,Cabo Verde,Cabo Verde,Cabo Verde,Cabo Verde,Cabo Verde,Africa,Western Africa
1014013,331498,Key West,"[""Stock""]",USGS Global Islands,331498,source-primary,20.6243300439,33393.78368330002,2025,WorldPop R2025A 2025 1km,1km-raster,24.569207033000055,-81.74888631087549,1159321393,United States of America,United States of America,United States of America,United States of America,United States,Americas,Northern America
1001409,332039,Hilton Head,[],USGS Global Islands,332039,source-primary,119.603947537,33217.917977087665,2025,WorldPop R2025A 2025 1km,1km-raster,32.19304045700005,-80.7381031910399,1159321393,United States of America,United States of America,United States of America,United States of America,United States,Americas,Northern America
1009447,325803,Nisí Salamína,"[""Salamine"", ""Salamis""]",USGS Global Islands,325803,source-primary,96.7712512138,33126.36687891932,2025,WorldPop R2025A 2025 1km,1km-raster,37.937086728000054,23.507950511995535,1159320811,Greece,Greece,Greece,Greece,Greece,Europe,Southern Europe
1002968,318992,Waigeo,"[""Waigen""]",USGS Global Islands,318992,source-primary,3011.60655144,33118.5896736564,2025,WorldPop R2025A 2025 1km,1km-raster,-0.22429793199992787,131.04332682218154,1159320845,Indonesia,Indonesia,Indonesia,Indonesia,Indonesia,Asia,South-Eastern Asia
1018388,337067,Olango,"[""Santa Rosa""]",USGS Global Islands,337067,source-primary,14.2309805633,33117.096450805664,2025,WorldPop R2025A 2025 1km,1km-raster,10.261190291500043,124.05016475866456,,,,,,,,
1018865,337661,Labutta District,[],Myanmar local geography,labutta-district,local-geographic-landmass,314.086274054,33091.516867878134,2025,WorldPop R2025A 2025 1km,1km-raster,16.253772130000044,95.02407979139332,1159321067,Myanmar,Myanmar,Myanmar,Myanmar,Myanmar,Asia,South-Eastern Asia
1003073,319097,Mangole,"[""Mangoli"", ""Pulau Mangole""]",USGS Global Islands,319097,source-primary,1211.39354613,33007.60316492921,2025,WorldPop R2025A 2025 1km,1km-raster,-1.862623849499954,125.83049292465012,1159320845,Indonesia,Indonesia,Indonesia,Indonesia,Indonesia,Asia,South-Eastern Asia
1019000,337917,Changqing,"[""Changqing""]",USGS Global Islands,337917,source-alternate,56.2761030384,33004.74646730069,2025,WorldPop R2025A 2025 1km,1km-raster,32.04094152050007,120.6291751870168,1159320481,China,China,China,China,China,Asia,Eastern Asia
1003167,319191,Wowoni,[],USGS Global Islands,319191,source-primary,705.65049981,32980.637401959524,2025,WorldPop R2025A 2025 1km,1km-raster,-4.117203350999972,123.0983305175134,1159320845,Indonesia,Indonesia,Indonesia,Indonesia,Indonesia,Asia,South-Eastern Asia
1003074,319098,New Hanover,[],USGS Global Islands,319098,source-primary,1215.67967119,32654.70682524762,2025,WorldPop R2025A 2025 1km,1km-raster,-2.5190177959999573,150.23886904349357,1159321177,Papua New Guinea,Papua New Guinea,Papua New Guinea,Papua New Guinea,Papua New Guinea,Oceania,Melanesia
1017980,336227,Sonar Char,[],NGA GNS / Bangladesh local geography,sonar-char-bhola,local-char-name,25.5931332849,32649.84575653076,2025,WorldPop R2025A 2025 1km,1km-raster,22.395787413500074,90.96934469539816,1159320407,Bangladesh,Bangladesh,Bangladesh,Bangladesh,Bangladesh,Asia,Southern Asia
1019365,338324,Karmoya,[],USGS Global Islands,338324,source-primary,184.376426288,32434.623521963145,2025,WorldPop R2025A 2025 1km,1km-raster,59.27440678150006,5.258371842907709,1159321117,Norway,Norway,Norway,Norway,Norway,Europe,Northern Europe
1003474,319498,Kiriwina,[],USGS Global Islands,319498,source-primary,276.455878515,32371.92122605112,2025,WorldPop R2025A 2025 1km,1km-raster,-8.59763301199996,151.1406763707373,1159321177,Papua New Guinea,Papua New Guinea,Papua New Guinea,Papua New Guinea,Papua New Guinea,Oceania,Melanesia
1013041,330214,Borneo,"[""Borneo"", ""Born\u00e9o""]",USGS Global Islands,330214,source-alternate,166.999028344,32369.904534751586,2025,WorldPop R2025A 2025 1km,1km-raster,1.663319633000043,110.43191849296622,1159321083,Malaysia,Malaysia,Malaysia,Malaysia,Malaysia,Asia,South-Eastern Asia
1013902,331371,Providenciales,"[""Blue Hills""]",USGS Global Islands,331371,source-primary,107.66130279,32275.456018164794,2025,WorldPop R2025A 2025 1km,1km-raster,21.80165696800003,-72.31064400754309,1159320737,Turks and Caicos Is.,United Kingdom,Turks and Caicos Islands,Turks and Caicos Islands,Turks and Caicos Islands,Americas,Caribbean
1003625,319650,St Kitts,"[""St. Kitts (St. Christopher)"", ""Saint-Kitts""]",USGS Global Islands,319650,source-primary,167.06157005,32120.176639557725,2025,WorldPop R2025A 2025 1km,1km-raster,17.316163917500035,-62.7449786655898,1159320983,St. Kitts and Nevis,Saint Kitts and Nevis,Saint Kitts and Nevis,Saint Kitts and Nevis,Saint Kitts and Nevis,Americas,Caribbean
1017580,335710,Willingdon,[],USGS Global Islands,335710,source-primary,7.90044056348,31952.7490234375,2025,WorldPop R2025A 2025 1km,1km-raster,9.946731792000037,76.27557338575987,1159320855,India,India,India,India,India,Asia,Southern Asia
1009993,326378,Sijiao Shan,"[""Pa-ko Lieh-tao"", ""Raffles""]",USGS Global Islands,326378,source-primary,23.5180082447,31910.067338586603,2025,WorldPop R2025A 2025 1km,1km-raster,30.72071750400005,122.4535093707157,1159320481,China,China,China,China,China,Asia,Eastern Asia
1003405,319429,Pohnpei,"[""Ascension""]",USGS Global Islands,319429,source-primary,349.677430339,31862.559517853726,2025,WorldPop R2025A 2025 1km,1km-raster,6.88443753650003,158.2400035633454,1159320691,Micronesia,Federated States of Micronesia,Federated States of Micronesia,Federated States of Micronesia,Federated States of Micronesia,Oceania,Micronesia
1010041,326434,Fukue Jima,[],USGS Global Islands,326434,source-primary,328.546049085,31850.26495652008,2025,WorldPop R2025A 2025 1km,1km-raster,32.68558545450006,128.75606644567802,1159320955,Japan,Japan,Japan,Japan,Japan,Asia,Eastern Asia
1009950,326335,Zhujiajian Dao,[],USGS Global Islands,326335,source-primary,65.03085938,31763.16639751199,2025,WorldPop R2025A 2025 1km,1km-raster,29.896778425000065,122.39722558870798,1159320481,China,China,China,China,China,Asia,Eastern Asia
1006462,322667,Pulau Solor,"[""Solor""]",USGS Global Islands,322667,source-primary,218.642213953,31499.047841542877,2025,WorldPop R2025A 2025 1km,1km-raster,-8.518046426999973,122.93362117070448,1159320845,Indonesia,Indonesia,Indonesia,Indonesia,Indonesia,Asia,South-Eastern Asia
1002951,318975,Siberut,"[""Pulau Maunuh"", ""Babui""]",USGS Global Islands,318975,source-primary,3822.02148041,31492.91067671005,2025,WorldPop R2025A 2025 1km,1km-raster,-1.3576912854999534,98.8944331491118,1159320845,Indonesia,Indonesia,Indonesia,Indonesia,Indonesia,Asia,South-Eastern Asia
1003166,319190,Pantar,[],USGS Global Islands,319190,source-primary,736.864639766,31204.50316861791,2025,WorldPop R2025A 2025 1km,1km-raster,-8.361881317499979,124.17508717266503,1159320845,Indonesia,Indonesia,Indonesia,Indonesia,Indonesia,Asia,South-Eastern Asia
1003174,319198,Goodenough,"[""Dawila""]",USGS Global Islands,319198,source-primary,703.291581235,31188.74469296778,2025,WorldPop R2025A 2025 1km,1km-raster,-9.359178652499963,150.23554324668294,1159321177,Papua New Guinea,Papua New Guinea,Papua New Guinea,Papua New Guinea,Papua New Guinea,Oceania,Melanesia
1009773,326154,Haishan Dao,"[""Huangmeng Dao""]",USGS Global Islands,326154,source-primary,26.2316175131,30992.9038169384,2025,WorldPop R2025A 2025 1km,1km-raster,23.539491437000066,116.97865879471647,1159320481,China,China,China,China,China,Asia,Eastern Asia
1002996,319020,Hinnoya,"[""Hinnoyen"", ""Harstad""]",USGS Global Islands,319020,source-primary,2250.12860957,30732.673366534007,2025,WorldPop R2025A 2025 1km,1km-raster,68.61818022450004,16.176822062186368,1159321117,Norway,Norway,Norway,Norway,Norway,Europe,Northern Europe
1013840,331300,Tortola,[],USGS Global Islands,331300,source-primary,57.5062882262,30366.093852996826,2025,WorldPop R2025A 2025 1km,1km-raster,18.420686589500065,-64.64006520173822,1159320739,British Virgin Is.,United Kingdom,British Virgin Islands,British Virgin Islands,British Virgin Islands,Americas,Caribbean
1013253,330490,Ugborodo,[],Ugborodo local/regional sources,ugborodo-island,local-historical-landmass,442.030188823,30029.78540207218,2025,WorldPop R2025A 2025 1km,1km-raster,5.4924496275000365,5.278673437735826,1159321089,Nigeria,Nigeria,Nigeria,Nigeria,Nigeria,Africa,Western Africa
1019612,338572,Sotra,[],USGS Global Islands,338572,source-primary,204.512261406,29992.04533516757,2025,WorldPop R2025A 2025 1km,1km-raster,60.31416332850006,5.072697667175231,1159321117,Norway,Norway,Norway,Norway,Norway,Europe,Northern Europe
1003295,319319,Samos,"[""Anthemousa""]",USGS Global Islands,319319,source-primary,477.763991635,29941.405179866444,2025,WorldPop R2025A 2025 1km,1km-raster,37.72362265850006,26.819299499511295,1159320811,Greece,Greece,Greece,Greece,Greece,Europe,Southern Europe
1021753,336751,Bandar Imam Khomeini,[],World Bank port geography,bandar-shahpur-island,local-historical-landmass,21.3486242074,29911.50277709961,2025,WorldPop R2025A 2025 1km,1km-raster,30.441075497500066,49.083787268704306,,,,,,,,
1018566,337284,Daram,"[""Darman""]",USGS Global Islands,337284,source-primary,95.6727056574,29585.671253055334,2025,WorldPop R2025A 2025 1km,1km-raster,11.63510588400004,124.77706810004457,1159321169,Philippines,Philippines,Philippines,Philippines,Philippines,Asia,South-Eastern Asia
1001426,332076,Johns,[],USGS Global Islands,332076,source-primary,240.488732758,29434.003043702454,2025,WorldPop R2025A 2025 1km,1km-raster,32.67234609700006,-80.0614120187395,1159321393,United States of America,United States of America,United States of America,United States of America,United States,Americas,Northern America
1002981,319005,Saaremaa,"[""Osel"", ""Saarenmaa""]",USGS Global Islands,319005,source-primary,2709.66922674,29200.432818460526,2025,WorldPop R2025A 2025 1km,1km-raster,58.273305503000074,22.27648228053743,1159320615,Estonia,Estonia,Estonia,Estonia,Estonia,Europe,Northern Europe
1000009,320235,Avocet,[],USGS Global Islands,320235,source-primary,23.7093673952,29109.018257141113,2025,WorldPop R2025A 2025 1km,1km-raster,-32.565246000999934,115.68286752764462,1159320377,Australia,Australia,Australia,Australia,Australia,Oceania,Australia and New Zealand
1003054,319078,Fergusson,[],USGS Global Islands,319078,source-primary,1326.8981966,29040.102893706735,2025,WorldPop R2025A 2025 1km,1km-raster,-9.524626415499966,150.70656059877336,1159321177,Papua New Guinea,Papua New Guinea,Papua New Guinea,Papua New Guinea,Papua New Guinea,Oceania,Melanesia
1002541,337834,Da'ao Island,[],Jiangmen/Xinhui local government,xinhui-daao-island,local-authority-landmass,42.5730503106,28854.546360492706,2025,WorldPop R2025A 2025 1km,1km-raster,22.467624334500073,113.22209864660562,1159320481,China,China,China,China,China,Asia,Eastern Asia
1011952,328999,Nosy Boraha,"[""Sainte-Marie""]",USGS Global Islands,328999,source-primary,176.464900433,28522.428108336662,2025,WorldPop R2025A 2025 1km,1km-raster,-16.903668125499962,49.90248524173067,1159321051,Madagascar,Madagascar,Madagascar,Madagascar,Madagascar,Africa,Eastern Africa
1003128,319152,Lingga,"[""Pulau Lingga""]",USGS Global Islands,319152,source-primary,857.784783001,28439.247797930482,2025,WorldPop R2025A 2025 1km,1km-raster,-0.15514693549997105,104.60561888705325,1159320845,Indonesia,Indonesia,Indonesia,Indonesia,Indonesia,Asia,South-Eastern Asia
1013407,330656,Mapun,[],USGS Global Islands,330656,source-primary,70.123807623,28415.166175842285,2025,WorldPop R2025A 2025 1km,1km-raster,7.003720024000046,118.47283767316408,1159321169,Philippines,Philippines,Philippines,Philippines,Philippines,Asia,South-Eastern Asia
1003515,319539,Elba,"[""Elbe""]",USGS Global Islands,319539,source-primary,224.440818434,27512.761902772,2025,WorldPop R2025A 2025 1km,1km-raster,42.79028358900004,10.340086475698245,1159320927,Italy,Italy,Italy,Italy,Italy,Europe,Southern Europe
1017813,336000,Ponnagyun,[],Myanmar local geography,ponnagyun-region,local-geographic-landmass,79.6468496654,27434.051544786904,2025,WorldPop R2025A 2025 1km,1km-raster,20.301191186500034,92.97962014962901,1159321067,Myanmar,Myanmar,Myanmar,Myanmar,Myanmar,Asia,South-Eastern Asia
1017857,336052,G-Plot,"[""Lothian""]",USGS Global Islands,336052,source-primary,42.5211722673,27295.04452133555,2025,WorldPop R2025A 2025 1km,1km-raster,21.681400992500045,88.39657037827453,1159320855,India,India,India,India,India,Asia,Southern Asia
1003165,319189,Aland,[],USGS Global Islands,319189,source-primary,964.21503062,27135.600762511345,2025,WorldPop R2025A 2025 1km,1km-raster,60.19796381450004,19.83559264605825,1159320621,Åland,Finland,Aland,Aland,Aland,Europe,Northern Europe
1010001,326386,Tanega Shima,[],USGS Global Islands,326386,source-primary,445.588404257,27076.04697892077,2025,WorldPop R2025A 2025 1km,1km-raster,30.59163466450005,130.99583458798892,1159320955,Japan,Japan,Japan,Japan,Japan,Asia,Eastern Asia
