id,usgs_id,name,alternate_names,area_km2,population,population_year,population_source,population_method,latitude,longitude,ne_feature_id,ne_name,sovereign_state,country,map_unit,map_subunit,region,subregion
1010942,327358,Greenland,[],2119986.11956,35193.101086687355,2025,WorldPop R2025A 2025 1km,1km-raster,71.81968238850004,-40.46571144190535,1159320551,Greenland,Denmark,Greenland,Greenland,Greenland,Americas,Northern America
1003237,319261,New Guinea,[],768675.411372,13733173.342337642,2025,WorldPop R2025A 2025 1km,1km-raster,-5.522815703999953,142.62248289427217,1159321177,Papua New Guinea,Papua New Guinea,Papua New Guinea,Papua New Guinea,Papua New Guinea,Oceania,Melanesia
1002846,318870,Borneo,[],718332.88262,23072245.799960084,2025,WorldPop R2025A 2025 1km,1km-raster,1.4296582730000296,114.74095346631768,1159320845,Indonesia,Indonesia,Indonesia,Indonesia,Indonesia,Asia,South-Eastern Asia
1002859,318883,Madagascar,[],589438.117224,31900545.402770225,2025,WorldPop R2025A 2025 1km,1km-raster,-18.772127083499953,46.71128025277784,1159321051,Madagascar,Madagascar,Madagascar,Madagascar,Madagascar,Africa,Eastern Africa
1010943,327359,Baffin,[],509659.742371,13671.896292346359,2025,WorldPop R2025A 2025 1km,1km-raster,67.86129379250005,-69.80458175145462,1159320467,Canada,Canada,Canada,Canada,Canada,Americas,Northern America
1002883,318907,Sumatra,[],425283.080335,55832847.58866971,2025,WorldPop R2025A 2025 1km,1km-raster,-0.14290207499993812,101.57120266549458,1159320845,Indonesia,Indonesia,Indonesia,Indonesia,Indonesia,Asia,South-Eastern Asia
1002853,318877,Honshu,[],227852.438814,99855130.94995165,2025,WorldPop R2025A 2025 1km,1km-raster,37.49015666350007,139.83526516736217,1159320941,Honshu,Japan,Japan,Japan,Honshu,Asia,Eastern Asia
1002888,318912,Victoria,"[""Victoria Island""]",220346.356229,2066.254657844124,2025,WorldPop R2025A 2025 1km,1km-raster,70.91966203000007,-111.19938646075207,1159320467,Canada,Canada,Canada,Canada,Canada,Americas,Northern America
1003236,319260,Great Britain,[],219076.388993,66752883.95253806,2025,WorldPop R2025A 2025 1km,1km-raster,54.315183639000054,-1.917224192873607,1159320743,England,United Kingdom,United Kingdom,England,England,Europe,Northern Europe
1003235,319259,Ellesmere,"[""Ellesmere Island""]",199039.030782,125.66807407699525,2025,WorldPop R2025A 2025 1km,1km-raster,79.62240409900005,-76.77783185652315,1159320467,Canada,Canada,Canada,Canada,Canada,Americas,Northern America
1002882,318906,Sulawesi,[],168848.646272,18745868.43719122,2025,WorldPop R2025A 2025 1km,1km-raster,-1.9758598814999573,120.29464442855729,1159320845,Indonesia,Indonesia,Indonesia,Indonesia,Indonesia,Asia,South-Eastern Asia
1002879,318903,South Island,[],150644.1652,1221005.4547812724,2025,WorldPop R2025A 2025 1km,1km-raster,-43.58684615749996,171.21189482202678,1159321147,South I.,New Zealand,New Zealand,New Zealand,South Island,Oceania,Australia and New Zealand
1002855,318879,Java,"[""Nusa Were"", ""Noesawere""]",126641.633185,155009888.2567288,2025,WorldPop R2025A 2025 1km,1km-raster,-7.327605341999941,109.61374106053503,1159320845,Indonesia,Indonesia,Indonesia,Indonesia,Indonesia,Asia,South-Eastern Asia
1002890,318914,North Island,[],114399.885892,3954592.8104718076,2025,WorldPop R2025A 2025 1km,1km-raster,-38.003507148999944,175.95644896720623,1159321145,North I.,New Zealand,New Zealand,New Zealand,North Island,Oceania,Australia and New Zealand
1002865,318889,Newfoundland,[],108971.102623,492208.3849834018,2025,WorldPop R2025A 2025 1km,1km-raster,49.12085866000007,-56.693733458344326,1159320467,Canada,Canada,Canada,Canada,Canada,Americas,Northern America
1002847,318871,Cuba,[],104952.91853,10840208.262909276,2025,WorldPop R2025A 2025 1km,1km-raster,21.516799969500056,-77.95830064322902,1159320527,Cuba,Cuba,Cuba,Cuba,Cuba,Americas,Caribbean
1002858,318882,Luzon,"[""Lu\u00e7on""]",104239.602041,59980998.409805536,2025,WorldPop R2025A 2025 1km,1km-raster,15.592701963000053,120.75606654767844,1159321169,Philippines,Philippines,Philippines,Philippines,Philippines,Asia,South-Eastern Asia
1003234,319258,Iceland,[],100693.652419,369868.35500566225,2025,WorldPop R2025A 2025 1km,1km-raster,64.96602058350007,-18.441480008677722,1159320917,Iceland,Iceland,Iceland,Iceland,Iceland,Europe,Northern Europe
1002862,318886,Mindanao,"[""Igat Island""]",93858.9429743,24381692.379094914,2025,WorldPop R2025A 2025 1km,1km-raster,7.6896714905000465,125.23677511490972,1159321169,Philippines,Philippines,Philippines,Philippines,Philippines,Asia,South-Eastern Asia
1002854,318878,Ireland,[],83882.6205832,7160357.086170646,2025,WorldPop R2025A 2025 1km,1km-raster,53.41555111300008,-7.966505458326555,1159320877,Ireland,Ireland,Ireland,Ireland,Ireland,Europe,Northern Europe
1003238,319262,Hokkaido,[],77628.1627405,5113622.352787431,2025,WorldPop R2025A 2025 1km,1km-raster,43.45888900800006,143.3314781461243,1159320945,Hokkaido,Japan,Japan,Japan,Hokkaido,Asia,Eastern Asia
1002871,318895,Sakhalin,"[""Sakhaline""]",74326.9928697,417690.4196618338,2025,WorldPop R2025A 2025 1km,1km-raster,50.15553839000006,143.02911142681538,1159321205,Russia,Russia,Russia,Russia,Russia,Asia,Central Asia
1002852,318876,Hispaniola,"[""Cayo La Bocaina""]",73972.1071875,22907366.90471039,2025,WorldPop R2025A 2025 1km,1km-raster,18.778272767000033,-70.54258423248193,1159320563,Dominican Rep.,Dominican Republic,Dominican Republic,Dominican Republic,Dominican Republic,Americas,Caribbean
1003239,319263,Banks,[],70582.6299664,113.24765481695067,2025,WorldPop R2025A 2025 1km,1km-raster,72.81968688900005,-121.70606539611515,1159320467,Canada,Canada,Canada,Canada,Canada,Americas,Northern America
1002881,318905,Sri Lanka,"[""Ceylan""]",65490.4568797,22699387.48604288,2025,WorldPop R2025A 2025 1km,1km-raster,7.876803516000052,80.63879322748487,1159321025,Sri Lanka,Sri Lanka,Sri Lanka,Sri Lanka,Sri Lanka,Asia,Southern Asia
1002885,318909,Tasmania,"[""Tasmanie""]",64287.5376207,562501.1993812711,2025,WorldPop R2025A 2025 1km,1km-raster,-42.14227167749996,146.67197847761506,1159320371,Tasmania,Australia,Australia,Australia,Tasmania,Oceania,Australia and New Zealand
1002848,318872,Devon,[],55861.8349422,0.0,2025,WorldPop R2025A 2025 1km,1km-raster,75.76413552450006,-90.64948254538632,1159320467,Canada,Canada,Canada,Canada,Canada,Americas,Northern America
1021892,0,Adelaïde,"[""Alexander Island""]",52222.66122,0.0,2025,WorldPop R2025A 2025 1km,1km-raster,-70.74127550049997,-69.68989474405078,1159320337,Antarctica,Antarctica,Antarctica,Antarctica,Antarctica,Antarctica,Antarctica
1003240,319264,Tierra del Fuego,"[""Terre de Feu""]",47369.9496233,193711.20365478637,2025,WorldPop R2025A 2025 1km,1km-raster,-53.75556468999994,-68.93280844196266,1159320499,Chile,Chile,Chile,Chile,Chile,Americas,South America
1002875,318899,Severny,[],45510.3850888,28.438648237852338,2025,WorldPop R2025A 2025 1km,1km-raster,75.11596215900005,58.69331209593646,1159321209,Russia,Russia,Russia,Russia,Russia,Europe,Eastern Europe
1002880,318904,Southampton,[],43250.2763018,1116.5626700539135,2025,WorldPop R2025A 2025 1km,1km-raster,64.51054341700004,-84.08318762281161,1159320467,Canada,Canada,Canada,Canada,Canada,Americas,Northern America
1002861,318885,Melville,[],42579.5707989,0.0,2025,WorldPop R2025A 2025 1km,1km-raster,75.62977423450008,-113.34272374911421,1159320467,Canada,Canada,Canada,Canada,Canada,Americas,Northern America
1003241,319265,Axel Heiberg,[],42543.2067574,0.0,2025,WorldPop R2025A 2025 1km,1km-raster,79.75707817150004,-90.65849767012965,1159320467,Canada,Canada,Canada,Canada,Canada,Americas,Northern America
1003242,319266,Spitsbergen,"[""Spits-Bergen""]",37611.5713468,0.0,2025,WorldPop R2025A 2025 1km,1km-raster,78.31085395800005,17.233851065143913,1159321119,Svalbard Is.,Norway,Norway,Svalbard,Svalbard,Europe,Northern Europe
1002857,318881,Kyushu,"[""Kiou Siou""]",36734.1979093,11890853.075464193,2025,WorldPop R2025A 2025 1km,1km-raster,32.48222437000004,131.14500036112685,1159320957,Kyushu,Japan,Japan,Japan,Kyushu,Asia,Eastern Asia
1003243,319267,Taiwan,[],35773.0319498,22876831.75631915,2025,WorldPop R2025A 2025 1km,1km-raster,23.598142623500053,120.84237129507852,1159321335,Taiwan,Taiwan,Taiwan,Taiwan,Taiwan,Asia,Eastern Asia
1002864,318888,New Britain,[],35359.2636458,764098.2505233842,2025,WorldPop R2025A 2025 1km,1km-raster,-5.223741080499963,151.55635339711677,1159321177,Papua New Guinea,Papua New Guinea,Papua New Guinea,Papua New Guinea,Papua New Guinea,Oceania,Melanesia
1002850,318874,Hainan,"[""Hai Nan""]",34062.7798547,10088292.508346455,2025,WorldPop R2025A 2025 1km,1km-raster,19.16104137000005,109.62947105625702,1159320479,Hainan,China,China,China,Hainan,Asia,Eastern Asia
1003264,319288,Prince of Wales,[],33492.2993236,0.0,2025,WorldPop R2025A 2025 1km,1km-raster,72.61579322800006,-99.8157162539189,1159320467,Canada,Canada,Canada,Canada,Canada,Americas,Northern America
1002889,318913,Yuzhny,"[""Novaya-Zemlya-South"", ""Nouvelle-Zemble du Sud""]",32518.3042848,2302.5648025683836,2025,WorldPop R2025A 2025 1km,1km-raster,71.98438702000007,53.44498114198532,1159321209,Russia,Russia,Russia,Russia,Russia,Europe,Eastern Europe
1002887,318911,Vancouver,[],31849.4037499,861835.1514192105,2025,WorldPop R2025A 2025 1km,1km-raster,49.59272548000004,-125.70280294339462,1159320467,Canada,Canada,Canada,Canada,Canada,Americas,Northern America
1002860,318884,Marajo,[],31387.7639812,326170.7324176946,2025,WorldPop R2025A 2025 1km,1km-raster,-0.960101465499946,-49.208840510769285,1159320441,Brazil,Brazil,Brazil,Brazil,Brazil,Americas,South America
1002886,318910,Timor,[],28608.2002199,3374828.150342363,2025,WorldPop R2025A 2025 1km,1km-raster,-9.346005315999946,124.63726603658068,1159321317,Timor-Leste,East Timor,East Timor,East Timor,East Timor,Asia,South-Eastern Asia
1002877,318901,Sicily,[],25454.2830835,4716685.4583102055,2025,WorldPop R2025A 2025 1km,1km-raster,37.47249693050006,14.139004521585239,1159320929,Sicily,Italy,Italy,Italy,Sicily,Europe,Southern Europe
1002878,318902,Somerset,"[""De la Roquette Islands""]",24893.5110502,0.0,2025,WorldPop R2025A 2025 1km,1km-raster,73.07424447500006,-93.58528455802349,1159320467,Canada,Canada,Canada,Canada,Canada,Americas,Northern America
1002873,318897,Sardinia,[],23799.0145155,1537985.5921337253,2025,WorldPop R2025A 2025 1km,1km-raster,40.06160259500004,9.097847845716204,1159320921,Sardinia,Italy,Italy,Italy,Sardinia,Europe,Southern Europe
1002856,318880,Kotelny,"[""Kotelnij""]",23691.9312431,0.0,2025,WorldPop R2025A 2025 1km,1km-raster,75.41853979100006,139.6689811268544,1159321205,Russia,Russia,Russia,Russia,Russia,Asia,Central Asia
1002876,318900,Shikoku,[],18325.1415869,3486551.844139345,2025,WorldPop R2025A 2025 1km,1km-raster,33.56053019850006,133.37330274645097,1159320949,Shikoku,Japan,Japan,Japan,Shikoku,Asia,Eastern Asia
1002851,318875,Halmahera,[],17989.045786,512352.3878862094,2025,WorldPop R2025A 2025 1km,1km-raster,0.6541206440000451,127.93188584367846,1159320845,Indonesia,Indonesia,Indonesia,Indonesia,Indonesia,Asia,South-Eastern Asia
1002874,318898,Seram,[],17394.1822955,517447.4219265934,2025,WorldPop R2025A 2025 1km,1km-raster,-3.322586781999945,130.22316777563,1159320845,Indonesia,Indonesia,Indonesia,Indonesia,Indonesia,Asia,South-Eastern Asia
1003244,319268,New Caledonia,[],16287.518092,247602.78627552735,2025,WorldPop R2025A 2025 1km,1km-raster,-21.236577033999964,165.24587700879994,1159320641,New Caledonia,France,New Caledonia,New Caledonia,New Caledonia,Oceania,Melanesia
1003347,319371,Bathurst,[],16145.7268293,0.0,2025,WorldPop R2025A 2025 1km,1km-raster,75.83036232000003,-99.46286549515835,1159320467,Canada,Canada,Canada,Canada,Canada,Americas,Northern America
1002870,318894,Prince Patrick,[],15887.2368089,0.0,2025,WorldPop R2025A 2025 1km,1km-raster,76.68636853400005,-119.69388388947064,1159320467,Canada,Canada,Canada,Canada,Canada,Americas,Northern America
1002884,318908,Sumbawa,"[""Gili Kaki""]",14417.998233,1597847.7653397587,2025,WorldPop R2025A 2025 1km,1km-raster,-8.594875607499972,117.27167866719972,1159320845,Indonesia,Indonesia,Indonesia,Indonesia,Indonesia,Asia,South-Eastern Asia
1002866,318890,Nordaustland,[],14303.6924303,0.0,2025,WorldPop R2025A 2025 1km,1km-raster,79.85468631050006,22.69901118365687,1159321119,Svalbard Is.,Norway,Norway,Svalbard,Svalbard,Europe,Northern Europe
1002867,318891,October Revolution,[],14208.4003421,0.0,2025,WorldPop R2025A 2025 1km,1km-raster,79.46861059300005,97.10328151836266,1159321205,Russia,Russia,Russia,Russia,Russia,Asia,Central Asia
1002849,318873,Flores,[],14037.4111946,1918520.0242714996,2025,WorldPop R2025A 2025 1km,1km-raster,-8.509878388999965,120.5980030929259,1159320845,Indonesia,Indonesia,Indonesia,Indonesia,Indonesia,Asia,South-Eastern Asia
1003798,319824,Delmarva,[],13883.8227838,909663.0294902932,2025,WorldPop R2025A 2025 1km,1km-raster,38.33803205800007,-75.38401642478217,1159321393,United States of America,United States of America,United States of America,United States of America,United States,Americas,Northern America
1003245,319269,King William,[],13240.6569277,1343.1175708199476,2025,WorldPop R2025A 2025 1km,1km-raster,69.17969703700007,-97.48392178067573,1159320467,Canada,Canada,Canada,Canada,Canada,Americas,Northern America
1002863,318887,Negros,"[""Pitogo Island""]",12769.1180066,4768793.784866792,2025,WorldPop R2025A 2025 1km,1km-raster,10.021032868000049,123.00619508211895,1159321169,Philippines,Philippines,Philippines,Philippines,Philippines,Asia,South-Eastern Asia
1022001,0,Peter the Great,"[""Pierre le Grand""]",12760.1922382,0.0,2025,WorldPop R2025A 2025 1km,1km-raster,-72.08882149949994,-100.43874968251711,1159320337,Antarctica,Antarctica,Antarctica,Antarctica,Antarctica,Antarctica,Antarctica
1002872,318896,Samar,"[""Balinatio Island""]",12441.5324047,1591435.0218237482,2025,WorldPop R2025A 2025 1km,1km-raster,11.769173438500047,125.22303097867689,1159321169,Philippines,Philippines,Philippines,Philippines,Philippines,Asia,South-Eastern Asia
1002892,318916,Dolak,"[""Frederik Hendrik"", ""Pulau Yos Sudarso""]",11619.2517501,7753.488066894973,2025,WorldPop R2025A 2025 1km,1km-raster,-7.912282262999952,138.365172608607,1159320845,Indonesia,Indonesia,Indonesia,Indonesia,Indonesia,Asia,South-Eastern Asia
1002893,318917,Bangka,[],11534.3954837,1177460.6728376285,2025,WorldPop R2025A 2025 1km,1km-raster,-2.3084105059999445,106.02856696661638,1159320845,Indonesia,Indonesia,Indonesia,Indonesia,Indonesia,Asia,South-Eastern Asia
1002868,318892,Palawan,[],11425.4262131,976812.1687937294,2025,WorldPop R2025A 2025 1km,1km-raster,9.876966659500027,118.67647371707199,1159321169,Philippines,Philippines,Philippines,Philippines,Philippines,Asia,South-Eastern Asia
1002894,318918,Elleg Ringnes,"[""Ellef Ringne"", ""Terre Ellef Ringne""]",11420.9395816,0.0,2025,WorldPop R2025A 2025 1km,1km-raster,78.58060394050005,-101.46727808713538,1159320467,Canada,Canada,Canada,Canada,Canada,Americas,Northern America
1002869,318893,Panay,"[""Juraojurao Islet""]",11418.6000491,4451870.133118261,2025,WorldPop R2025A 2025 1km,1km-raster,11.173046344000028,122.55179762716477,1159321169,Philippines,Philippines,Philippines,Philippines,Philippines,Asia,South-Eastern Asia
1002895,318919,Bolshevik,[],11276.1963888,0.0,2025,WorldPop R2025A 2025 1km,1km-raster,78.67388170100006,102.8939824726493,1159321205,Russia,Russia,Russia,Russia,Russia,Asia,Central Asia
1002897,318921,Bylot,[],11120.0176274,0.0,2025,WorldPop R2025A 2025 1km,1km-raster,73.25461301500005,-78.562103857446,1159320467,Canada,Canada,Canada,Canada,Canada,Americas,Northern America
1002896,318920,Jamaica,"[""Jama\u00efque""]",10977.6690502,2806390.2382513424,2025,WorldPop R2025A 2025 1km,1km-raster,18.114884762500054,-77.15997076299033,1159320931,Jamaica,Jamaica,Jamaica,Jamaica,Jamaica,Americas,Caribbean
1002898,318922,Sumba,[],10910.2569066,820589.3856938613,2025,WorldPop R2025A 2025 1km,1km-raster,-9.796495545499965,120.15208887776012,1159320845,Indonesia,Indonesia,Indonesia,Indonesia,Indonesia,Asia,South-Eastern Asia
1002899,318923,Fiji,"[""Viti Levu""]",10633.0272714,737567.5940422029,2025,WorldPop R2025A 2025 1km,1km-raster,-17.794259144999955,177.97855124184042,1159320625,Fiji,Fiji,Fiji,Fiji,Fiji,Oceania,Melanesia
1003248,319272,Cape Breton,[],10515.9378074,134833.7751631795,2025,WorldPop R2025A 2025 1km,1km-raster,46.294981002500066,-60.936092410663136,1159320467,Canada,Canada,Canada,Canada,Canada,Americas,Northern America
1002900,318924,Hawaii,"[""Hawai'i"", ""Big Island""]",10438.3873348,193483.9642984081,2025,WorldPop R2025A 2025 1km,1km-raster,19.588094139500043,-155.44789859567544,1159321395,Hawaii,United States of America,United States of America,United States of America,Hawaii,Oceania,Polynesia
1021596,331048,Orinoco Delta,[],10225.3595321,1073.8675026910146,2025,WorldPop R2025A 2025 1km,1km-raster,9.240228609000042,-61.54793960506295,1159321411,Venezuela,Venezuela,Venezuela,Venezuela,Venezuela,Americas,South America
1021875,0,,[],9854.14749044,0.0,2025,WorldPop R2025A 2025 1km,1km-raster,-77.61272849999997,-78.48852282894435,1159320337,Antarctica,Antarctica,Antarctica,Antarctica,Antarctica,Antarctica,Antarctica
1002891,318915,Mindoro,[],9799.97599708,1402960.4420298599,2025,WorldPop R2025A 2025 1km,1km-raster,12.86950387400006,121.13389632452686,1159321169,Philippines,Philippines,Philippines,Philippines,Philippines,Asia,South-Eastern Asia
1002901,318925,Prince Charles Island,[],9712.25418173,0.0,2025,WorldPop R2025A 2025 1km,1km-raster,67.77870160750004,-76.15364158318735,1159320467,Canada,Canada,Canada,Canada,Canada,Americas,Northern America
1002903,318927,Kodiak,[],9421.62611679,13091.08551460206,2025,WorldPop R2025A 2025 1km,1km-raster,57.37079905200005,-153.1900585176059,1159321397,Alaska,United States of America,United States of America,United States of America,Alaska,Americas,Northern America
1002904,318928,Cyprus,[],9262.22692391,1351733.664928678,2025,WorldPop R2025A 2025 1km,1km-raster,35.12963710550005,33.22982896432161,1159320533,Cyprus,Cyprus,Cyprus,Cyprus,Cyprus,Asia,Western Asia
1002906,318930,Komsomolets,[],9005.07164599,0.0,2025,WorldPop R2025A 2025 1km,1km-raster,80.63597111650006,95.09709130427146,1159321205,Russia,Russia,Russia,Russia,Russia,Asia,Central Asia
1003246,319270,Corsica,"[""Algajola Rocks"", ""Danger d' Algajola""]",8723.74568639,337080.25634332374,2025,WorldPop R2025A 2025 1km,1km-raster,42.187736511000054,9.068294959835923,1159320673,Corsica,France,France,France,Corsica,Europe,Southern Europe
1002905,318929,Puerto Rico,[],8712.23774398,3206454.045078906,2025,WorldPop R2025A 2025 1km,1km-raster,18.221176063500053,-66.40342513441,1159321363,Puerto Rico,United States of America,Puerto Rico,Puerto Rico,Puerto Rico,Americas,Caribbean
1002902,318926,Bougainville,"[""Bougainville Island""]",8693.546608,246711.7826417815,2025,WorldPop R2025A 2025 1km,1km-raster,-6.143646769999947,155.21031166361243,1159321175,Bougainville,Papua New Guinea,Papua New Guinea,Bougainville,Bougainville,Oceania,Melanesia
1002908,318932,Buru,[],8527.75825216,190526.34485951412,2025,WorldPop R2025A 2025 1km,1km-raster,-3.4580286304999674,126.65489030439733,1159320845,Indonesia,Indonesia,Indonesia,Indonesia,Indonesia,Asia,South-Eastern Asia
1003247,319271,Disko,"[""Disco""]",8492.69652924,697.0436029136181,2025,WorldPop R2025A 2025 1km,1km-raster,69.78062438950008,-53.368413025990144,1159320551,Greenland,Denmark,Greenland,Greenland,Greenland,Americas,Northern America
1022084,0,Roosevelt Island,"[""The Pyramid""]",8452.06665527,0.0,2025,WorldPop R2025A 2025 1km,1km-raster,-79.32418249999995,-162.1122652738038,1159320337,Antarctica,Antarctica,Antarctica,Antarctica,Antarctica,Antarctica,Antarctica
1002907,318931,Chiloe,[],8315.86737279,158180.95560904365,2025,WorldPop R2025A 2025 1km,1km-raster,-42.599290119499955,-73.96057537926382,1159320499,Chile,Chile,Chile,Chile,Chile,Americas,South America
1002909,318933,Crete,"[""Nisos Spinalonga""]",8277.68082051,579444.9739257516,2025,WorldPop R2025A 2025 1km,1km-raster,35.308155802000044,24.46374627732185,1159320811,Greece,Greece,Greece,Greece,Greece,Europe,Southern Europe
1002910,318934,Anticosti,"[""\u00c3\u017dle d'Anticosti""]",7961.79744035,142.35686582119592,2025,WorldPop R2025A 2025 1km,1km-raster,49.507214074000046,-63.024246553297246,1159320467,Canada,Canada,Canada,Canada,Canada,Americas,Northern America
1021462,340682,Wrangel,[],7672.57084524,3.7990409983325604,2025,WorldPop R2025A 2025 1km,1km-raster,71.22595135000006,-178.7140954652225,1159321205,Russia,Russia,Russia,Russia,Russia,Asia,Central Asia
1021851,0,Carney Island,"[""\u00cele de l'Ours""]",7353.35691121,0.0,2025,WorldPop R2025A 2025 1km,1km-raster,-73.95718399999996,-120.72282787414025,1159320337,Antarctica,Antarctica,Antarctica,Antarctica,Antarctica,Antarctica,Antarctica
1002916,318940,Prince of Wales,[],7249.5152583,2510.4004565664463,2025,WorldPop R2025A 2025 1km,1km-raster,55.52157567800006,-132.84659429828952,1159321397,Alaska,United States of America,United States of America,United States of America,Alaska,Americas,Northern America
1002914,318938,Zealand,"[""Sjaelland""]",7178.38414598,2586896.785686043,2025,WorldPop R2025A 2025 1km,1km-raster,55.546639568000046,11.698207197827582,1159320547,Denmark,Denmark,Denmark,Denmark,Denmark,Europe,Northern Europe
1002915,318939,Cornwallis,[],7111.43305067,194.4125105838339,2025,WorldPop R2025A 2025 1km,1km-raster,75.13486588350005,-94.98106679115224,1159320467,Canada,Canada,Canada,Canada,Canada,Americas,Northern America
1002911,318935,New Ireland,"[""Mumu Island""]",7026.20467266,153885.27890199565,2025,WorldPop R2025A 2025 1km,1km-raster,-3.702389511999968,152.43528620381636,1159321177,Papua New Guinea,Papua New Guinea,Papua New Guinea,Papua New Guinea,Papua New Guinea,Oceania,Melanesia
1002912,318936,Leyte,[],7012.44318638,2377289.990560321,2025,WorldPop R2025A 2025 1km,1km-raster,10.781342893500039,124.89334793646267,1159321169,Philippines,Philippines,Philippines,Philippines,Philippines,Asia,South-Eastern Asia
1021351,340546,UNNAMED,[],7001.52194751,0.5381260029988154,2025,WorldPop R2025A 2025 1km,1km-raster,73.14419911900006,125.06142257001085,1159321205,Russia,Russia,Russia,Russia,Russia,Asia,Central Asia
1003249,319273,Kerguelen,"[""Kerguelen (Grand Terre)"", ""\u00c3\u017dle Kerguelen (Grande Terre)""]",6582.74943252,0.0,2025,WorldPop R2025A 2025 1km,1km-raster,-49.19629573799995,70.22884166608783,1159320669,Fr. S. Antarctic Lands,France,French Southern and Antarctic Lands,French Southern and Antarctic Lands,French Southern Antarctic Lands,Africa,Seven seas (open ocean)
1003254,319278,Graham,[],6565.37197609,4097.917032013082,2025,WorldPop R2025A 2025 1km,1km-raster,53.662157059000066,-132.05797152580175,1159320467,Canada,Canada,Canada,Canada,Canada,Americas,Northern America
1002913,318937,East Falkland,[],6512.21570071,2945.79901768111,2025,WorldPop R2025A 2025 1km,1km-raster,-51.79647002799996,-58.594825321834726,1159320711,Falkland Is.,United Kingdom,Falkland Islands,Falkland Islands,Falkland Islands,Americas,South America
1002917,318941,New Siberia,[],6276.90460665,0.0,2025,WorldPop R2025A 2025 1km,1km-raster,75.15764270550005,148.34407282913799,1159321205,Russia,Russia,Russia,Russia,Russia,Asia,Central Asia
1002920,318944,Wellington,[],5869.97279656,13.43457803140397,2025,WorldPop R2025A 2025 1km,1km-raster,-49.355397966499964,-74.52986199204989,1159320499,Chile,Chile,Chile,Chile,Chile,Americas,South America
1003251,319275,Vanua Levu east of dateline,[],5784.12843093,98192.42667299103,2025,WorldPop R2025A 2025 1km,1km-raster,-16.575410842499963,179.23716404986544,1159320625,Fiji,Fiji,Fiji,Fiji,Fiji,Oceania,Melanesia
1002919,318943,Prince Edward,[],5742.76000021,162900.19737754762,2025,WorldPop R2025A 2025 1km,1km-raster,46.503489781500065,-63.615773035564565,1159320467,Canada,Canada,Canada,Canada,Canada,Americas,Northern America
1002921,318945,Coats,[],5730.74075671,0.0,2025,WorldPop R2025A 2025 1km,1km-raster,62.56398531000005,-83.04338880111231,1159320467,Canada,Canada,Canada,Canada,Canada,Americas,Northern America
1021848,0,Siple Island,"[""\u00cele de l'Ours""]",5661.80679154,0.0,2025,WorldPop R2025A 2025 1km,1km-raster,-73.60803299999998,-125.40035493126261,1159320337,Antarctica,Antarctica,Antarctica,Antarctica,Antarctica,Antarctica,Antarctica
1002918,318942,Melville,[],5622.08821413,690.4665301904898,2025,WorldPop R2025A 2025 1km,1km-raster,-11.550786581499949,131.14142064955251,1159320377,Australia,Australia,Australia,Australia,Australia,Oceania,Australia and New Zealand
1002923,318947,Chicagof,[],5408.69170043,282.2196145542175,2025,WorldPop R2025A 2025 1km,1km-raster,57.82742953950006,-135.97380832450412,1159321397,Alaska,United States of America,United States of America,United States of America,Alaska,Americas,Northern America
1002922,318946,Bali,"[""Poelau Taboean"", ""Duiven Eiland""]",5378.69916463,4449339.939757359,2025,WorldPop R2025A 2025 1km,1km-raster,-8.454863096499935,115.27088304938346,1159320845,Indonesia,Indonesia,Indonesia,Indonesia,Indonesia,Asia,South-Eastern Asia
1002924,318948,Guadalcanal,[],5359.93376569,326762.0643724922,2025,WorldPop R2025A 2025 1km,1km-raster,-9.59602509949994,160.14579229272522,1159321249,Solomon Is.,Solomon Islands,Solomon Islands,Solomon Islands,Solomon Islands,Oceania,Melanesia
1003250,319274,Amund Ringnes,[],5322.216744,0.0,2025,WorldPop R2025A 2025 1km,1km-raster,78.30375099200003,-96.56964863726373,1159320467,Canada,Canada,Canada,Canada,Canada,Americas,Northern America
1002925,318949,Great Lyakhovsky,"[""Bolshoi Lyakhovski"", ""Ljahofskij""]",5301.05470279,0.0,2025,WorldPop R2025A 2025 1km,1km-raster,73.54452035250006,142.05188414171084,1159321205,Russia,Russia,Russia,Russia,Russia,Asia,Central Asia
1002930,318954,Kolguyev,[],5096.00264451,57.65603822007883,2025,WorldPop R2025A 2025 1km,1km-raster,69.08472292750008,49.151154134260025,1159321209,Russia,Russia,Russia,Russia,Russia,Europe,Eastern Europe
1002928,318952,Mackenzie King,[],5087.25638539,0.0,2025,WorldPop R2025A 2025 1km,1km-raster,77.72350720750006,-111.63271775265841,1159320467,Canada,Canada,Canada,Canada,Canada,Americas,Northern America
1022180,0,Île de l'Ours,[],5070.28445475,0.0,2025,WorldPop R2025A 2025 1km,1km-raster,-73.99190299999995,-108.58570335492266,,,,,,,,
1002927,318951,Edgeoya,"[""Witches"", ""Whales Wiches Landt""]",5019.28571805,0.0,2025,WorldPop R2025A 2025 1km,1km-raster,77.75018899100007,22.716721271809234,1159321119,Svalbard Is.,Norway,Norway,Svalbard,Svalbard,Europe,Northern Europe
1002931,318955,Trinidad,[],4828.91527119,1429746.2097679204,2025,WorldPop R2025A 2025 1km,1km-raster,10.442743325500032,-61.26127018372943,1159321323,Trinidad,Trinidad and Tobago,Trinidad and Tobago,Trinidad and Tobago,Trinidad,Americas,Caribbean
1002932,318956,Isabela,"[""Isabella""]",4705.51601092,3102.7351417482746,2025,WorldPop R2025A 2025 1km,1km-raster,-0.44162301199995113,-91.0898852981754,1159320571,Galápagos Is.,Ecuador,Ecuador,Ecuador,Galapagos Islands,Americas,South America
1002933,318957,North Jutlandic,[],4678.36866941,295678.536885752,2025,WorldPop R2025A 2025 1km,1km-raster,57.16579352300005,9.921436471367286,1159320547,Denmark,Denmark,Denmark,Denmark,Denmark,Europe,Northern Europe
1002926,318950,St. Lawrence,[],4612.10328867,3282.5808598846206,2025,WorldPop R2025A 2025 1km,1km-raster,63.36112891450006,-170.0267345863109,1159321397,Alaska,United States of America,United States of America,United States of America,Alaska,Americas,Northern America
1002936,318960,Belitung,[],4611.6300649,318438.593781086,2025,WorldPop R2025A 2025 1km,1km-raster,-2.899286178999944,107.90594885818614,1159320845,Indonesia,Indonesia,Indonesia,Indonesia,Indonesia,Asia,South-Eastern Asia
1002934,318958,Lombok,[],4540.28734715,3907551.9929519235,2025,WorldPop R2025A 2025 1km,1km-raster,-8.583577056999928,116.35827119493092,1159320845,Indonesia,Indonesia,Indonesia,Indonesia,Indonesia,Asia,South-Eastern Asia
1002938,318962,Stefansson,[],4515.40667429,0.0,2025,WorldPop R2025A 2025 1km,1km-raster,73.31195400550007,-105.36289623625788,1159320467,Canada,Canada,Canada,Canada,Canada,Americas,Northern America
1002940,318964,Buton,[],4504.87232045,400865.6695497637,2025,WorldPop R2025A 2025 1km,1km-raster,-5.034262898999941,122.88541724872965,1159320845,Indonesia,Indonesia,Indonesia,Indonesia,Indonesia,Asia,South-Eastern Asia
1002935,318959,West Falkland,[],4457.2523689,148.058748220705,2025,WorldPop R2025A 2025 1km,1km-raster,-51.797779062499956,-60.01065200697384,1159320711,Falkland Is.,United Kingdom,Falkland Islands,Falkland Islands,Falkland Islands,Americas,South America
1002939,318963,Madura,"[""Pulau Madura""]",4452.43809729,3906600.859496081,2025,WorldPop R2025A 2025 1km,1km-raster,-7.058428447999972,113.28509169558268,1159320845,Indonesia,Indonesia,Indonesia,Indonesia,Indonesia,Asia,South-Eastern Asia
1018413,337106,Mekong Delta,[],4439.70847445,2910238.8993467693,2025,WorldPop R2025A 2025 1km,1km-raster,10.050082956500063,106.04121806122122,1159321417,Vietnam,Vietnam,Vietnam,Vietnam,Vietnam,Asia,South-Eastern Asia
1002937,318961,Cebu,[],4418.66546436,4339561.4822716005,2025,WorldPop R2025A 2025 1km,1km-raster,10.349446352500024,123.78153972986743,1159321169,Philippines,Philippines,Philippines,Philippines,Philippines,Asia,South-Eastern Asia
1002942,318966,Admiralty,[],4408.63017349,210.92678348535628,2025,WorldPop R2025A 2025 1km,1km-raster,57.71342237800005,-134.4110342406447,1159321397,Alaska,United States of America,United States of America,United States of America,Alaska,Americas,Northern America
1002941,318965,Kangaroo,"[""Kangaroo Island""]",4402.94716248,4783.861857167561,2025,WorldPop R2025A 2025 1km,1km-raster,-35.81866626799996,137.15693193454115,1159320377,Australia,Australia,Australia,Australia,Australia,Oceania,Australia and New Zealand
1002945,318969,Hoste_Stewart,[],4261.41052202,210.02127388985178,2025,WorldPop R2025A 2025 1km,1km-raster,-55.319940977499954,-69.51938547642015,1159320499,Chile,Chile,Chile,Chile,Chile,Americas,South America
1002946,318970,Baranof,[],4236.34822197,6859.032172691165,2025,WorldPop R2025A 2025 1km,1km-raster,56.86207115050004,-135.0843995742657,1159321397,Alaska,United States of America,United States of America,United States of America,Alaska,Americas,Northern America
1002943,318967,Nunivak,[],4190.86493605,375.00819793345863,2025,WorldPop R2025A 2025 1km,1km-raster,60.08853368650006,-166.50259774284228,1159321397,Alaska,United States of America,United States of America,United States of America,Alaska,Americas,Northern America
1002947,318971,Nias,"[""Pulau Nias""]",4122.28734709,880038.5097266084,2025,WorldPop R2025A 2025 1km,1km-raster,1.0440536225000585,97.644958418418,1159320845,Indonesia,Indonesia,Indonesia,Indonesia,Indonesia,Asia,South-Eastern Asia
1002944,318968,Unimac,[],4056.22281797,35.00655760243566,2025,WorldPop R2025A 2025 1km,1km-raster,54.72140966900005,-164.03109328101806,1159321397,Alaska,United States of America,United States of America,United States of America,Alaska,Americas,Northern America
1002948,318972,Espiritu Santo,"[""Santo""]",3936.71382038,56210.71677502744,2025,WorldPop R2025A 2025 1km,1km-raster,-15.156722034999973,167.0513801638043,1159321421,Vanuatu,Vanuatu,Vanuatu,Vanuatu,Vanuatu,Oceania,Melanesia
1021900,0,,[],3918.41836954,0.0,2025,WorldPop R2025A 2025 1km,1km-raster,-67.18901799999998,-68.2529853822937,1159320337,Antarctica,Antarctica,Antarctica,Antarctica,Antarctica,Antarctica,Antarctica
1002951,318975,Siberut,"[""Pulau Maunuh"", ""Babui""]",3822.02148041,31492.91067671005,2025,WorldPop R2025A 2025 1km,1km-raster,-1.3576912854999534,98.8944331491118,1159320845,Indonesia,Indonesia,Indonesia,Indonesia,Indonesia,Asia,South-Eastern Asia
1002956,318980,Santa Isabel,"[""Santa Isabel (Ysabel)"", ""Solomon Islands""]",3787.63649279,26330.61188366315,2025,WorldPop R2025A 2025 1km,1km-raster,-8.040396814499957,159.21107286231125,1159321249,Solomon Is.,Solomon Islands,Solomon Islands,Solomon Islands,Solomon Islands,Oceania,Melanesia
1002952,318976,Bohol,[],3769.80951747,1226480.4748065597,2025,WorldPop R2025A 2025 1km,1km-raster,9.880546364500049,124.20586401896588,1159321169,Philippines,Philippines,Philippines,Philippines,Philippines,Asia,South-Eastern Asia
1002949,318973,Milne Land,[],3732.95639002,0.0,2025,WorldPop R2025A 2025 1km,1km-raster,70.75067755700005,-26.349363176598114,1159320551,Greenland,Denmark,Greenland,Greenland,Greenland,Americas,Northern America
1021941,0,Pourquoi Pas,[],3731.45122114,0.0,2025,WorldPop R2025A 2025 1km,1km-raster,-78.80021949999997,-68.54067111293907,1159320337,Antarctica,Antarctica,Antarctica,Antarctica,Antarctica,Antarctica,Antarctica
1002950,318974,Malaita,"[""Mala\u00efta""]",3725.20922619,159663.064043262,2025,WorldPop R2025A 2025 1km,1km-raster,-8.954757102999935,160.95132003324113,1159321249,Solomon Is.,Solomon Islands,Solomon Islands,Solomon Islands,Solomon Islands,Oceania,Melanesia
1003253,319277,Euboea,"[""Negrepont"", ""Eub\u00e9e""]",3661.64881002,154828.353650659,2025,WorldPop R2025A 2025 1km,1km-raster,38.49375915500008,23.911078402605728,1159320811,Greece,Greece,Greece,Greece,Greece,Europe,Southern Europe
1021881,0,,[],3655.03522164,0.0,2025,WorldPop R2025A 2025 1km,1km-raster,-73.23453499999997,-75.30250980430611,1159320337,Antarctica,Antarctica,Antarctica,Antarctica,Antarctica,Antarctica,Antarctica
1002955,318979,Majorca,[],3625.36636379,926674.5554741132,2025,WorldPop R2025A 2025 1km,1km-raster,39.61343862100006,2.8804813850446873,1159320593,Balearic Is.,Spain,Spain,Spain,Balearic Islands,Europe,Southern Europe
1000126,322392,Ilha Grande de Gurupá,[],3619.82327677,3416.4881224300666,2025,WorldPop R2025A 2025 1km,1km-raster,-1.0054586509999694,-51.49870829106079,1159320441,Brazil,Brazil,Brazil,Brazil,Brazil,Americas,South America
1002958,318982,Socotra,[],3597.25842558,87723.65892079365,2025,WorldPop R2025A 2025 1km,1km-raster,12.50886139450003,53.89213338001485,1159321427,Socotra,Yemen,Yemen,Yemen,Suqutra,Asia,Western Asia
1002953,318977,South Georgia and the South Sandwich Islands,"[""Green""]",3569.10450359,0.0,2025,WorldPop R2025A 2025 1km,1km-raster,-54.43715614849995,-36.50160546976842,1159320765,S. Georgia,United Kingdom,South Georgia and the Islands,South Georgia and the Islands,South Georgia,Americas,Seven seas (open ocean)
1002957,318981,Long,"[""Youngs"", ""Plumb Island""]",3501.33614927,7776319.528645544,2025,WorldPop R2025A 2025 1km,1km-raster,40.85144426250005,-73.09921584878607,1159321393,United States of America,United States of America,United States of America,United States of America,United States,Americas,Northern America
1002960,318984,Traill,"[""Trail""]",3426.48296651,0.0,2025,WorldPop R2025A 2025 1km,1km-raster,72.50118813900005,-23.1091787529219,1159320551,Greenland,Denmark,Greenland,Greenland,Greenland,Americas,Northern America
1002961,318985,North Andros,[],3412.06200617,5427.696019614433,2025,WorldPop R2025A 2025 1km,1km-raster,24.737247932500054,-78.02435653026893,1159320415,Bahamas,The Bahamas,The Bahamas,The Bahamas,The Bahamas,Americas,Caribbean
1002967,318991,Yamdena,"[""Pulau Mes""]",3261.57911176,74518.69494103754,2025,WorldPop R2025A 2025 1km,1km-raster,-7.573475355499937,131.42712348262597,1159320845,Indonesia,Indonesia,Indonesia,Indonesia,Indonesia,Asia,South-Eastern Asia
1002962,318986,Vaygach,[],3229.63074562,2.424826979638147,2025,WorldPop R2025A 2025 1km,1km-raster,70.05586098750004,59.35471512957115,1159321209,Russia,Russia,Russia,Russia,Russia,Europe,Eastern Europe
1002963,318987,Masbate,"[""Masbate Island""]",3185.00145494,641485.2286284143,2025,WorldPop R2025A 2025 1km,1km-raster,12.16130112700003,123.74486968677047,1159321169,Philippines,Philippines,Philippines,Philippines,Philippines,Asia,South-Eastern Asia
1002966,318990,Mansel,[],3174.14857057,0.0,2025,WorldPop R2025A 2025 1km,1km-raster,61.99263641300004,-79.82978156352412,1159320467,Canada,Canada,Canada,Canada,Canada,Americas,Northern America
1002964,318988,Ituruo,[],3163.44334715,5361.522317654404,2025,WorldPop R2025A 2025 1km,1km-raster,44.98972310950006,147.83573841197335,1159321205,Russia,Russia,Russia,Russia,Russia,Asia,Central Asia
1002969,318993,Akimiski,[],3118.61316423,0.0,2025,WorldPop R2025A 2025 1km,1km-raster,52.93827386850006,-81.30650636895594,1159320467,Canada,Canada,Canada,Canada,Canada,Americas,Northern America
1002972,318996,Choiseul,[],3106.29954962,21888.28635147271,2025,WorldPop R2025A 2025 1km,1km-raster,-7.0092629169999725,156.92368687651464,1159321249,Solomon Is.,Solomon Islands,Solomon Islands,Solomon Islands,Solomon Islands,Oceania,Melanesia
1022226,0,Drygalski,[],3079.57002985,0.0,2025,WorldPop R2025A 2025 1km,1km-raster,-66.16572999999997,121.59574400809592,,,,,,,,
1002965,318989,Makira,"[""San Cristobal(Makira)"", ""San Cristobal""]",3065.42149216,41707.85741845966,2025,WorldPop R2025A 2025 1km,1km-raster,-10.52006924649993,161.8230845211766,1159321249,Solomon Is.,Solomon Islands,Solomon Islands,Solomon Islands,Solomon Islands,Oceania,Melanesia
1002970,318994,Gotland,[],3030.55879324,60137.883799322,2025,WorldPop R2025A 2025 1km,1km-raster,57.41673735500004,18.536184004675917,1159321287,Sweden,Sweden,Sweden,Sweden,Sweden,Europe,Northern Europe
1002968,318992,Waigeo,"[""Waigen""]",3011.60655144,33118.5896736564,2025,WorldPop R2025A 2025 1km,1km-raster,-0.22429793199992787,131.04332682218154,1159320845,Indonesia,Indonesia,Indonesia,Indonesia,Indonesia,Asia,South-Eastern Asia
1002971,318995,Funen,[],2994.30012865,476929.0405693185,2025,WorldPop R2025A 2025 1km,1km-raster,55.324704230000066,10.346623415566112,1159320547,Denmark,Denmark,Denmark,Denmark,Denmark,Europe,Northern Europe
1002975,318999,Muna,"[""Pulau Muna""]",2936.21958427,383134.3733366439,2025,WorldPop R2025A 2025 1km,1km-raster,-5.026176034499969,122.53217828095593,1159320845,Indonesia,Indonesia,Indonesia,Indonesia,Indonesia,Asia,South-Eastern Asia
1002973,318997,Revillagigedo,[],2935.96705791,12789.642624452748,2025,WorldPop R2025A 2025 1km,1km-raster,55.58105469400007,-131.1551647603466,1159321397,Alaska,United States of America,United States of America,United States of America,Alaska,Americas,Northern America
1003255,319279,Moresby,[],2934.47689071,322.3489947251736,2025,WorldPop R2025A 2025 1km,1km-raster,52.68931198100006,-131.8945710198554,1159320467,Canada,Canada,Canada,Canada,Canada,Americas,Northern America
1002974,318998,Taliabu,"[""Pulau Taliabu""]",2924.9732485,49017.56060846829,2025,WorldPop R2025A 2025 1km,1km-raster,-1.830879427999946,124.82937066458211,1159320845,Indonesia,Indonesia,Indonesia,Indonesia,Indonesia,Asia,South-Eastern Asia
1002977,319001,Kupreanof,[],2859.93474499,601.8681806624485,2025,WorldPop R2025A 2025 1km,1km-raster,56.76689900450006,-133.51221812820444,1159321397,Alaska,United States of America,United States of America,United States of America,Alaska,Americas,Northern America
1002978,319002,Borden,[],2813.27560248,0.0,2025,WorldPop R2025A 2025 1km,1km-raster,78.51857050350006,-110.87624973829972,1159320467,Canada,Canada,Canada,Canada,Canada,Americas,Northern America
1002954,318978,Santa Ines,[],2734.53714823,22.237064014202854,2025,WorldPop R2025A 2025 1km,1km-raster,-53.756757870999934,-72.61021979730417,1159320499,Chile,Chile,Chile,Chile,Chile,Americas,South America
1002981,319005,Saaremaa,"[""Osel"", ""Saarenmaa""]",2709.66922674,29200.432818460526,2025,WorldPop R2025A 2025 1km,1km-raster,58.273305503000074,22.27648228053743,1159320615,Estonia,Estonia,Estonia,Estonia,Estonia,Europe,Northern Europe
1002980,319004,Unalaska,[],2703.78888921,1932.9192282967317,2025,WorldPop R2025A 2025 1km,1km-raster,53.627105725000035,-166.65993563996636,1159321397,Alaska,United States of America,United States of America,United States of America,Alaska,Americas,Northern America
1002976,319000,Zemlya Georga,"[""Prince George"", ""Zemlya George""]",2637.13199106,0.0,2025,WorldPop R2025A 2025 1km,1km-raster,80.49781209100004,49.42183827876592,1159321209,Russia,Russia,Russia,Russia,Russia,Europe,Eastern Europe
1002959,318983,Wetar,[],2616.18672648,11450.205750306932,2025,WorldPop R2025A 2025 1km,1km-raster,-7.786659927999949,126.24230520680318,1159320845,Indonesia,Indonesia,Indonesia,Indonesia,Indonesia,Asia,South-Eastern Asia
1002984,319008,Navarino,"[""Isla Navarino""]",2519.66366469,1210.7674233362652,2025,WorldPop R2025A 2025 1km,1km-raster,-55.11213072899997,-67.60622757879928,1159320499,Chile,Chile,Chile,Chile,Chile,Americas,South America
1009329,325685,Jazīrat al Qaţ‘ah,"[""Bubiyan""]",2514.04327749,1917775.9583636888,2025,WorldPop R2025A 2025 1km,1km-raster,30.239239461500063,48.13208997733747,1159320891,Iraq,Iraq,Iraq,Iraq,Iraq,Asia,Western Asia
1002983,319007,Reunion,[],2507.7213669,865008.6189272326,2025,WorldPop R2025A 2025 1km,1km-raster,-21.130061154999964,55.53662882320111,1159320661,Réunion,France,France,Reunion,Réunion,Africa,Eastern Africa
1003010,319034,Biak,"[""Biak-Supiori"", ""Mamaki""]",2506.76753085,140837.34547251416,2025,WorldPop R2025A 2025 1km,1km-raster,-0.9087574024999583,135.9249195738214,1159320845,Indonesia,Indonesia,Indonesia,Indonesia,Indonesia,Asia,South-Eastern Asia
1021903,0,James Ross,[],2470.47536136,0.0,2025,WorldPop R2025A 2025 1km,1km-raster,-64.11392949999995,-57.626465540177264,1159320337,Antarctica,Antarctica,Antarctica,Antarctica,Antarctica,Antarctica,Antarctica
1002982,319006,Obira,[],2463.43523212,39730.53254675786,2025,WorldPop R2025A 2025 1km,1km-raster,-1.5342473074999532,127.71664584152947,1159320845,Indonesia,Indonesia,Indonesia,Indonesia,Indonesia,Asia,South-Eastern Asia
1022246,0,Beaufort,"[""Ross Island""]",2431.10303565,0.0,2025,WorldPop R2025A 2025 1km,1km-raster,-77.51252099949997,167.8208980185753,1159320337,Antarctica,Antarctica,Antarctica,Antarctica,Antarctica,Antarctica,Antarctica
1002986,319010,Ymer,"[""Ymers""]",2404.00435368,0.0,2025,WorldPop R2025A 2025 1km,1km-raster,73.22720816350005,-24.850740439220218,1159320551,Greenland,Denmark,Greenland,Greenland,Greenland,Americas,Northern America
1002998,319022,Trangan,"[""Aru""]",2397.33729397,11282.162572227997,2025,WorldPop R2025A 2025 1km,1km-raster,-6.550970397999947,134.34868952738537,1159320845,Indonesia,Indonesia,Indonesia,Indonesia,Indonesia,Asia,South-Eastern Asia
1002929,318953,Caviana,[],2390.30363469,1448.4833543341715,2025,WorldPop R2025A 2025 1km,1km-raster,0.1603208650000454,-50.05888666787986,1159320441,Brazil,Brazil,Brazil,Brazil,Brazil,Americas,South America
1002989,319013,Peleng,"[""Pulau Balatindakan""]",2336.4480217,103678.98748577443,2025,WorldPop R2025A 2025 1km,1km-raster,-1.3987404819999654,123.3507057230626,1159320845,Indonesia,Indonesia,Indonesia,Indonesia,Indonesia,Asia,South-Eastern Asia
1002993,319017,Princess Royal,[],2298.35137209,0.0,2025,WorldPop R2025A 2025 1km,1km-raster,52.954152605000075,-128.83069430437166,1159320467,Canada,Canada,Canada,Canada,Canada,Americas,Northern America
1018864,337660,UNNAMED,[],2292.74738305,497379.66168223653,2025,WorldPop R2025A 2025 1km,1km-raster,16.06169504850004,95.54728462783962,1159321067,Myanmar,Myanmar,Myanmar,Myanmar,Myanmar,Asia,South-Eastern Asia
1003110,319134,Nelson,[],2289.12018384,641.9794660508755,2025,WorldPop R2025A 2025 1km,1km-raster,60.60856070850005,-164.80493746932257,1159321397,Alaska,United States of America,United States of America,United States of America,Alaska,Americas,Northern America
1002988,319012,Cornwall,[],2279.33226675,0.0,2025,WorldPop R2025A 2025 1km,1km-raster,77.62658991950008,-94.84093959125852,1159320467,Canada,Canada,Canada,Canada,Canada,Americas,Northern America
1002990,319014,Groot Eylandt,"[""Groote Eylandt"", ""Groote Eyland""]",2276.41918431,2466.569001130021,2025,WorldPop R2025A 2025 1km,1km-raster,-13.97989044999997,136.58695845735323,1159320377,Australia,Australia,Australia,Australia,Australia,Oceania,Australia and New Zealand
1002992,319016,Morotai,"[""Morota\u00ef""]",2275.24027865,59604.83037750132,2025,WorldPop R2025A 2025 1km,1km-raster,2.3141071260000388,128.44121580918699,1159320845,Indonesia,Indonesia,Indonesia,Indonesia,Indonesia,Asia,South-Eastern Asia
1002991,319015,Yapen,[],2273.20711975,105170.28493177719,2025,WorldPop R2025A 2025 1km,1km-raster,-1.7558032339999556,136.36606992115267,1159320845,Indonesia,Indonesia,Indonesia,Indonesia,Indonesia,Asia,South-Eastern Asia
1002996,319020,Hinnoya,"[""Hinnoyen"", ""Harstad""]",2250.12860957,30732.673366534007,2025,WorldPop R2025A 2025 1km,1km-raster,68.61818022450004,16.176822062186368,1159321117,Norway,Norway,Norway,Norway,Norway,Europe,Northern Europe
1006867,323084,Anyer,[],2209.96871443,258543.7903450995,2025,WorldPop R2025A 2025 1km,1km-raster,-3.112897917999959,114.48485893152218,1159320845,Indonesia,Indonesia,Indonesia,Indonesia,Indonesia,Asia,South-Eastern Asia
1021879,0,,[],2208.54731684,0.0,2025,WorldPop R2025A 2025 1km,1km-raster,-69.74734799999996,-75.23987746622561,1159320337,Antarctica,Antarctica,Antarctica,Antarctica,Antarctica,Antarctica,Antarctica
1002994,319018,Juventud,[],2186.14521737,82031.62159616458,2025,WorldPop R2025A 2025 1km,1km-raster,21.687021660000056,-82.80929813704616,1159320527,Cuba,Cuba,Cuba,Cuba,Cuba,Americas,Caribbean
1003000,319024,Lewis and Harris,"[""Na Hearadh""]",2178.16528571,17845.886456429555,2025,WorldPop R2025A 2025 1km,1km-raster,58.12174786000003,-6.6467610587103065,1159320747,Scotland,United Kingdom,United Kingdom,Scotland,Scotland,Europe,Northern Europe
1012535,329642,UNNAMED,"[""Ora Siliem"", ""Ora Sillam""]",2172.14889776,1308.1315801619273,2025,WorldPop R2025A 2025 1km,1km-raster,-7.030362139999966,138.96223002101462,1159320845,Indonesia,Indonesia,Indonesia,Indonesia,Indonesia,Asia,South-Eastern Asia
1003006,319030,Ayon,[],2167.10831916,37.816115617752075,2025,WorldPop R2025A 2025 1km,1km-raster,69.79359030800006,168.64472909740783,1159321205,Russia,Russia,Russia,Russia,Russia,Asia,Central Asia
1002999,319023,Alor,"[""Pulau Alor""]",2118.72783512,167696.45692387808,2025,WorldPop R2025A 2025 1km,1km-raster,-8.290895813999953,124.7776081056074,1159320845,Indonesia,Indonesia,Indonesia,Indonesia,Indonesia,Asia,South-Eastern Asia
1003001,319025,Laut,"[""Pulau Tokong""]",2089.527189,123916.75892838904,2025,WorldPop R2025A 2025 1km,1km-raster,-3.647333832999948,116.15377463324225,1159320845,Indonesia,Indonesia,Indonesia,Indonesia,Indonesia,Asia,South-Eastern Asia
1003256,319280,Misool,[],2083.37992744,4796.942960351756,2025,WorldPop R2025A 2025 1km,1km-raster,-1.8673524854999357,130.07068059552347,1159320845,Indonesia,Indonesia,Indonesia,Indonesia,Indonesia,Asia,South-Eastern Asia
1003004,319028,Magdalena,[],2082.01997188,58.18139174582579,2025,WorldPop R2025A 2025 1km,1km-raster,-44.650600747499965,-73.1591073700621,1159320499,Chile,Chile,Chile,Chile,Chile,Americas,South America
1021912,0,Anvers,"[""Anvers Island""]",2075.59395587,0.0,2025,WorldPop R2025A 2025 1km,1km-raster,-64.54542949999995,-63.69176942795903,1159320337,Antarctica,Antarctica,Antarctica,Antarctica,Antarctica,Antarctica,Antarctica
1003003,319027,New Georgia,"[""Woodford""]",2052.49302129,20694.339543133,2025,WorldPop R2025A 2025 1km,1km-raster,-8.296570090999978,157.6776097650671,1159321249,Solomon Is.,Solomon Islands,Solomon Islands,Solomon Islands,Solomon Islands,Oceania,Melanesia
1003002,319026,Malakula,"[""Mallikolo"", ""Malekoula""]",2046.56694993,25406.13931500454,2025,WorldPop R2025A 2025 1km,1km-raster,-16.233669356499945,167.49859169657213,1159321421,Vanuatu,Vanuatu,Vanuatu,Vanuatu,Vanuatu,Oceania,Melanesia
1003005,319029,Tenerife,[],2039.59443147,932897.5737514679,2025,WorldPop R2025A 2025 1km,1km-raster,28.294338136500073,-16.621330085221896,1159320589,Canary Is.,Spain,Spain,Spain,Canary Islands,Europe,Southern Europe
1002985,319009,Paramushir,[],2033.31343945,1996.862921989782,2025,WorldPop R2025A 2025 1km,1km-raster,50.38373423050004,155.83199380065955,1159321205,Russia,Russia,Russia,Russia,Russia,Asia,Central Asia
1003007,319031,Kuiu,[],1996.7529236,1.7966830134391785,2025,WorldPop R2025A 2025 1km,1km-raster,56.46937770550005,-133.9548678970896,1159321397,Alaska,United States of America,United States of America,United States of America,Alaska,Americas,Northern America
1013088,330263,UNNAMED,"[""Borneo"", ""Born\u00e9o""]",1995.10122674,44223.622267152314,2025,WorldPop R2025A 2025 1km,1km-raster,2.54049085500003,111.54835162016346,1159321083,Malaysia,Malaysia,Malaysia,Malaysia,Malaysia,Asia,South-Eastern Asia
1002995,319019,Wilczek Land,"[""Zemlja Vilceka""]",1982.86175538,0.0,2025,WorldPop R2025A 2025 1km,1km-raster,80.61702863100007,60.71359150729449,1159321209,Russia,Russia,Russia,Russia,Russia,Europe,Eastern Europe
1003009,319033,Bioko,"[""Fernando Poo""]",1936.54221489,509723.41795699426,2025,WorldPop R2025A 2025 1km,1km-raster,3.498539361500036,8.714051840324512,1159320805,Bioko,Equatorial Guinea,Equatorial Guinea,Equatorial Guinea,Bioko,Africa,Middle Africa
1002987,319011,Karaginsky,"[""Karaginskyi"", ""Karaginsky Island""]",1932.09324359,71.65717769046765,2025,WorldPop R2025A 2025 1km,1km-raster,58.84371330850007,164.07090174240395,1159321205,Russia,Russia,Russia,Russia,Russia,Asia,Central Asia
1003011,319035,Maui,[],1883.69291473,144758.59196462884,2025,WorldPop R2025A 2025 1km,1km-raster,20.803841114500045,-156.31158791022324,1159321395,Hawaii,United States of America,United States of America,United States of America,Hawaii,Oceania,Polynesia
1003021,319045,Bolshoy Begichev,[],1879.30136545,0.2305230051279068,2025,WorldPop R2025A 2025 1km,1km-raster,74.31677005950007,112.44907482804174,1159321205,Russia,Russia,Russia,Russia,Russia,Asia,Central Asia
1003038,319062,Flaherty,[],1866.29682023,1052.0231058421923,2025,WorldPop R2025A 2025 1km,1km-raster,56.20334761300006,-79.30608877108627,1159320467,Canada,Canada,Canada,Canada,Canada,Americas,Northern America
1003013,319037,Mauritius,"[""Maurice""]",1863.41313065,1219817.2529098846,2025,WorldPop R2025A 2025 1km,1km-raster,-20.252926560499958,57.59004436678585,1159321079,Mauritius,Mauritius,Mauritius,Mauritius,Mauritius,Africa,Eastern Africa
1003008,319032,Manus,[],1846.92413051,49844.89617477805,2025,WorldPop R2025A 2025 1km,1km-raster,-2.1044061364999607,146.93280285660626,1159321177,Papua New Guinea,Papua New Guinea,Papua New Guinea,Papua New Guinea,Papua New Guinea,Oceania,Melanesia
1003015,319039,Jeju,"[""Cheju Do""]",1840.52537969,655822.8718675277,2025,WorldPop R2025A 2025 1km,1km-raster,33.38063325150006,126.54781304291318,1159320997,Jejudo,South Korea,South Korea,South Korea,Jejudo,Asia,Eastern Asia
1003018,319042,Afognak,[],1839.18194811,4.354956962168217,2025,WorldPop R2025A 2025 1km,1km-raster,58.235738628000064,-152.69526582090285,1159321397,Alaska,United States of America,United States of America,United States of America,Alaska,Americas,Northern America
1003020,319044,Bolshoy Shantar,"[""Bol'shoy Shantar"", ""Bol Santar""]",1826.12957325,0.0,2025,WorldPop R2025A 2025 1km,1km-raster,54.90635194400005,137.65028451729285,1159321205,Russia,Russia,Russia,Russia,Russia,Asia,Central Asia
1003012,319036,Bacan,"[""Gilalang Island"", ""Pulau Gilalang""]",1811.25306026,93524.87429813671,2025,WorldPop R2025A 2025 1km,1km-raster,-0.5860518034999416,127.49420823962237,1159320845,Indonesia,Indonesia,Indonesia,Indonesia,Indonesia,Asia,South-Eastern Asia
1003757,319783,Bely,[],1810.02587256,4.0679070595651865,2025,WorldPop R2025A 2025 1km,1km-raster,73.23718831100004,70.6575540556995,1159321205,Russia,Russia,Russia,Russia,Russia,Asia,Central Asia
1002495,337708,UNNAMED,[],1805.00869161,507732.8940985732,2025,WorldPop R2025A 2025 1km,1km-raster,16.60813246850003,95.55506293361839,1159321067,Myanmar,Myanmar,Myanmar,Myanmar,Myanmar,Asia,South-Eastern Asia
1003051,319075,Nares Land,"[""Neresland""]",1794.42254135,0.0,2025,WorldPop R2025A 2025 1km,1km-raster,82.26063267500004,-46.34680643297929,1159320551,Greenland,Denmark,Greenland,Greenland,Greenland,Americas,Northern America
1003019,319043,Umnak,[],1762.75399502,5.694647980156651,2025,WorldPop R2025A 2025 1km,1km-raster,53.19420000000005,-168.53140461434805,1159321397,Alaska,United States of America,United States of America,United States of America,Alaska,Americas,Northern America
1003023,319047,Kobroor,"[""Aru""]",1750.97313558,6634.002857334129,2025,WorldPop R2025A 2025 1km,1km-raster,-6.146798812999947,134.49250451315513,1159320845,Indonesia,Indonesia,Indonesia,Indonesia,Indonesia,Asia,South-Eastern Asia
1003179,319203,Air Force,[],1746.12185249,0.0,2025,WorldPop R2025A 2025 1km,1km-raster,67.97147367600004,-74.08394675241607,1159320467,Canada,Canada,Canada,Canada,Canada,Americas,Northern America
1003257,319281,Air Force,[],1746.12168593,0.0,2025,WorldPop R2025A 2025 1km,1km-raster,67.97145843550007,-74.08394086856245,1159320467,Canada,Canada,Canada,Canada,Canada,Americas,Northern America
1003022,319046,Simeulue,[],1738.35622479,86830.28796825609,2025,WorldPop R2025A 2025 1km,1km-raster,2.6289867805000426,96.02207375925434,1159320845,Indonesia,Indonesia,Indonesia,Indonesia,Indonesia,Asia,South-Eastern Asia
1002997,319021,Richards,[],1737.20338397,0.0,2025,WorldPop R2025A 2025 1km,1km-raster,69.35327913850006,-134.35911553148105,1159320467,Canada,Canada,Canada,Canada,Canada,Americas,Northern America
1003026,319050,Geographical Society,[],1734.16639472,0.0,2025,WorldPop R2025A 2025 1km,1km-raster,72.86958071300006,-22.568990068296706,1159320551,Greenland,Denmark,Greenland,Greenland,Greenland,Americas,Northern America
1003016,319040,Stewart,[],1705.89641125,408.7247815404995,2025,WorldPop R2025A 2025 1km,1km-raster,-46.98660030849996,167.8821881129254,1159321147,South I.,New Zealand,New Zealand,New Zealand,South Island,Oceania,Australia and New Zealand
1003025,319049,Savaii,[],1704.25673789,42242.470165905004,2025,WorldPop R2025A 2025 1km,1km-raster,-13.621706565999972,-172.4388429108871,1159321423,Samoa,Samoa,Samoa,Samoa,Samoa,Oceania,Polynesia
1021878,0,,[],1701.2979598,0.0,2025,WorldPop R2025A 2025 1km,1km-raster,-72.91598649949995,-77.88495957695972,,,,,,,,
1021767,337698,UNNAMED,[],1678.83041151,616297.6584930924,2025,WorldPop R2025A 2025 1km,1km-raster,16.53236383400005,96.06488443994755,1159321067,Myanmar,Myanmar,Myanmar,Myanmar,Myanmar,Asia,South-Eastern Asia
1002502,337715,UNNAMED,[],1668.8093266,1289760.478324246,2025,WorldPop R2025A 2025 1km,1km-raster,16.846277358000037,95.84327234543855,1159321067,Myanmar,Myanmar,Myanmar,Myanmar,Myanmar,Asia,South-Eastern Asia
1003031,319055,Fuerteventura,[],1665.13022246,122422.97852179769,2025,WorldPop R2025A 2025 1km,1km-raster,28.401585776500042,-14.003971870025971,1159320589,Canary Is.,Spain,Spain,Spain,Canary Islands,Europe,Southern Europe
1003014,319038,Fraser,[],1665.04177908,147.6503057277721,2025,WorldPop R2025A 2025 1km,1km-raster,-25.246568234499932,153.14742775617736,1159320377,Australia,Australia,Australia,Australia,Australia,Oceania,Australia and New Zealand
1003041,319065,Graham Bell,"[""Graham Bell Land""]",1661.3507389,0.0,2025,WorldPop R2025A 2025 1km,1km-raster,80.91692074550005,64.22728757956527,1159321209,Russia,Russia,Russia,Russia,Russia,Europe,Eastern Europe
1003029,319053,Skye,[],1660.5245732,7565.231494323195,2025,WorldPop R2025A 2025 1km,1km-raster,57.36373601550005,-6.3060567698371,1159320747,Scotland,United Kingdom,United Kingdom,Scotland,Scotland,Europe,Northern Europe
1003032,319056,Salawati,"[""Sabba""]",1659.13193521,8440.73790457471,2025,WorldPop R2025A 2025 1km,1km-raster,-1.1235994854999376,130.877308419084,1159320845,Indonesia,Indonesia,Indonesia,Indonesia,Indonesia,Asia,South-Eastern Asia
1003046,319070,Pioneer,[],1645.77478008,0.0,2025,WorldPop R2025A 2025 1km,1km-raster,79.85594475400003,92.4520478280975,1159321205,Russia,Russia,Russia,Russia,Russia,Asia,Central Asia
1003030,319054,Lesbos,[],1635.74860576,76611.9709302884,2025,WorldPop R2025A 2025 1km,1km-raster,39.17527779400004,25.999292293234422,1159320811,Greece,Greece,Greece,Greece,Greece,Europe,Southern Europe
1003024,319048,Natuna Besar,"[""Pasir"", ""Sengua""]",1622.54357992,60770.08657249726,2025,WorldPop R2025A 2025 1km,1km-raster,3.9294145415000514,108.18986004076817,1159320845,Indonesia,Indonesia,Indonesia,Indonesia,Indonesia,Asia,South-Eastern Asia
1003027,319051,Bathurst,[],1614.61169222,1565.9235347995561,2025,WorldPop R2025A 2025 1km,1km-raster,-11.577698231499937,130.23909776942514,1159320377,Australia,Australia,Australia,Australia,Australia,Oceania,Australia and New Zealand
1003040,319064,Zanzibar,"[""Unguja""]",1591.06688202,1519153.3657522225,2025,WorldPop R2025A 2025 1km,1km-raster,-6.100163728999945,39.3197786313162,1159321341,Zanzibar,United Republic of Tanzania,United Republic of Tanzania,Zanzibar,Zanzibar,Africa,Eastern Africa
1003037,319061,Senja,"[""Senjen""]",1587.51004248,6441.735723642143,2025,WorldPop R2025A 2025 1km,1km-raster,69.30287004400006,17.455842026928785,1159321117,Norway,Norway,Norway,Norway,Norway,Europe,Northern Europe
1015151,333001,Mackenzie Delta,[],1586.74679701,0.0,2025,WorldPop R2025A 2025 1km,1km-raster,68.41804580750005,-134.8904186427301,1159320467,Canada,Canada,Canada,Canada,Canada,Americas,Northern America
1003036,319060,Rantau,"[""Tebingtinggi""]",1581.7444571,133926.33873449848,2025,WorldPop R2025A 2025 1km,1km-raster,0.907736477500066,102.58058722831584,1159320845,Indonesia,Indonesia,Indonesia,Indonesia,Indonesia,Asia,South-Eastern Asia
1003045,319069,Gran Canaria,[],1560.2484732,847850.9243218895,2025,WorldPop R2025A 2025 1km,1km-raster,27.958692296500033,-15.605372055706844,1159320589,Canary Is.,Spain,Spain,Spain,Canary Islands,Europe,Southern Europe
1021918,0,Joinville,"[""Joinville Island""]",1552.71419372,0.0,2025,WorldPop R2025A 2025 1km,1km-raster,-63.27703949949995,-55.74798668337826,1159320337,Antarctica,Antarctica,Antarctica,Antarctica,Antarctica,Antarctica,Antarctica
1003039,319063,Oahu,[],1552.159221,977925.5704997331,2025,WorldPop R2025A 2025 1km,1km-raster,21.483240294500064,-158.03636645850779,1159321395,Hawaii,United States of America,United States of America,United States of America,Hawaii,Oceania,Polynesia
1003042,319066,Eglinton,"[""Eglington""]",1548.02628172,0.0,2025,WorldPop R2025A 2025 1km,1km-raster,75.81560822400004,-118.38749786547163,1159320467,Canada,Canada,Canada,Canada,Canada,Americas,Northern America
1003035,319059,Tanahbesar,"[""Aru""]",1538.50055003,2543.1240310716953,2025,WorldPop R2025A 2025 1km,1km-raster,-5.780795079999933,134.55383814844103,1159320845,Indonesia,Indonesia,Indonesia,Indonesia,Indonesia,Asia,South-Eastern Asia
1018210,336851,Danube Delta,[],1531.20109737,5123.265751430987,2025,WorldPop R2025A 2025 1km,1km-raster,45.29992818450003,29.312217882466832,1159321199,Romania,Romania,Romania,Romania,Romania,Europe,Eastern Europe
1003033,319057,Great Inagua,"[""Grande Inagua""]",1528.53056982,501.9183310626297,2025,WorldPop R2025A 2025 1km,1km-raster,21.125191294000047,-73.29886759831527,1159320415,Bahamas,The Bahamas,The Bahamas,The Bahamas,The Bahamas,Americas,Caribbean
1003258,319282,Dawson,"[""Isla Dawson""]",1523.07147029,118.35369119180079,2025,WorldPop R2025A 2025 1km,1km-raster,-53.92537689249997,-70.5377286400055,1159320499,Chile,Chile,Chile,Chile,Chile,Americas,South America
1003043,319067,Middle Andaman,"[""North Andaman""]",1499.29978225,44763.38796851881,2025,WorldPop R2025A 2025 1km,1km-raster,12.61193824700004,92.86998127561742,1159320849,Andaman Is.,India,India,India,Andaman Is.,Asia,South-Eastern Asia
1003049,319073,Rupat,"[""Roepat""]",1494.9467553,47043.71708041771,2025,WorldPop R2025A 2025 1km,1km-raster,1.9068673245000411,101.57451026099898,1159320845,Indonesia,Indonesia,Indonesia,Indonesia,Indonesia,Asia,South-Eastern Asia
1003050,319074,Qeshm,[],1489.89150408,158725.72565402254,2025,WorldPop R2025A 2025 1km,1km-raster,26.76915993800003,55.851779422114674,1159320881,Iran,Iran,Iran,Iran,Iran,Asia,Southern Asia
1003034,319058,Kunashir,[],1467.75552925,7408.023711503281,2025,WorldPop R2025A 2025 1km,1km-raster,44.114824339500046,145.83030023191162,1159321205,Russia,Russia,Russia,Russia,Russia,Asia,Central Asia
1003044,319068,Clavering,[],1465.45736984,0.0,2025,WorldPop R2025A 2025 1km,1km-raster,74.26987436900006,-21.195695554615163,1159320551,Greenland,Denmark,Greenland,Greenland,Greenland,Americas,Northern America
1003069,319093,Chongming,[],1444.05001646,517150.366646131,2025,WorldPop R2025A 2025 1km,1km-raster,31.654208158000046,121.54013739768794,1159320481,China,China,China,China,China,Asia,Eastern Asia
1003131,319155,Guadeloupe,[],1443.44652131,346859.30619321956,2025,WorldPop R2025A 2025 1km,1km-raster,16.230205872000028,-61.6872171023569,1159320653,Guadeloupe,France,France,Guadeloupe,Guadeloupe,Americas,Caribbean
1003048,319072,Cataduanes,"[""Catanduanes""]",1442.54510402,255105.077565178,2025,WorldPop R2025A 2025 1km,1km-raster,13.809280980500034,124.27478795744426,1159321169,Philippines,Philippines,Philippines,Philippines,Philippines,Asia,South-Eastern Asia
1003056,319080,Kauai,"[""Kaua'i"", ""Kaua\u00ef""]",1438.73031988,70409.38754874581,2025,WorldPop R2025A 2025 1km,1km-raster,22.050271971000058,-159.5590622989085,1159321395,Hawaii,United States of America,United States of America,United States of America,Hawaii,Oceania,Polynesia
1021679,333024,Mackenzie Delta,[],1434.96565092,0.0,2025,WorldPop R2025A 2025 1km,1km-raster,68.60943655600005,-134.53034254420857,1159320467,Canada,Canada,Canada,Canada,Canada,Americas,Northern America
1021883,0,,[],1432.69133949,0.0,2025,WorldPop R2025A 2025 1km,1km-raster,-70.67316450049995,-74.46364971701237,1159320337,Antarctica,Antarctica,Antarctica,Antarctica,Antarctica,Antarctica,Antarctica
1003055,319079,Urup,[],1422.62173706,8.084427016787231,2025,WorldPop R2025A 2025 1km,1km-raster,45.89992268300006,149.989971205932,1159321205,Russia,Russia,Russia,Russia,Russia,Asia,Central Asia
1003058,319082,Rhodes,"[""Rodhos""]",1403.06711803,118816.55647891469,2025,WorldPop R2025A 2025 1km,1km-raster,36.17215745100006,27.91952265757137,1159320811,Greece,Greece,Greece,Greece,Greece,Europe,Southern Europe
1003060,319084,Pitt,[],1401.3013515,0.0,2025,WorldPop R2025A 2025 1km,1km-raster,53.55936496600003,-129.7822648908921,1159320467,Canada,Canada,Canada,Canada,Canada,Americas,Northern America
1003063,319087,Ramree,[],1398.28924828,345087.10195726977,2025,WorldPop R2025A 2025 1km,1km-raster,19.14275067500006,93.78844444388608,1159321067,Myanmar,Myanmar,Myanmar,Myanmar,Myanmar,Asia,South-Eastern Asia
1003059,319083,Graham,[],1385.32168106,0.0,2025,WorldPop R2025A 2025 1km,1km-raster,77.42858191300007,-90.45784815103222,1159320467,Canada,Canada,Canada,Canada,Canada,Americas,Northern America
1003813,319839,Vicosa,"[""Caviana de Dentro""]",1380.32214371,2077.001101906543,2025,WorldPop R2025A 2025 1km,1km-raster,0.4093484710000439,-50.33018157628781,1159320441,Brazil,Brazil,Brazil,Brazil,Brazil,Americas,South America
1010900,327311,Ostrov Khardang-Sise,[],1376.61928101,0.0,2025,WorldPop R2025A 2025 1km,1km-raster,72.79533837850005,124.43202275727515,1159321205,Russia,Russia,Russia,Russia,Russia,Asia,Central Asia
1003062,319086,Desolacion,[],1366.95383395,16.233078191526797,2025,WorldPop R2025A 2025 1km,1km-raster,-53.047729812499966,-74.03494154185634,1159320499,Chile,Chile,Chile,Chile,Chile,Americas,South America
1003065,319089,Oland,"[""\u00d6land""]",1362.90864284,26539.334048406257,2025,WorldPop R2025A 2025 1km,1km-raster,56.78153692300006,16.66170029006447,1159321287,Sweden,Sweden,Sweden,Sweden,Sweden,Europe,Northern Europe
1003064,319088,Flinders Land,"[""Flinders""]",1362.22119123,817.5951495740642,2025,WorldPop R2025A 2025 1km,1km-raster,-39.995800253499965,148.08948517954812,1159320371,Tasmania,Australia,Australia,Australia,Tasmania,Oceania,Australia and New Zealand
1002476,337687,UNNAMED,[],1361.94974282,368497.064087882,2025,WorldPop R2025A 2025 1km,1km-raster,16.275930456000054,94.81106235239596,1159321067,Myanmar,Myanmar,Myanmar,Myanmar,Myanmar,Asia,South-Eastern Asia
1003061,319085,Nottingham,[],1355.0245025,0.0,2025,WorldPop R2025A 2025 1km,1km-raster,63.28856956200005,-77.91456197513273,1159320467,Canada,Canada,Canada,Canada,Canada,Americas,Northern America
1002979,319003,North Andaman,"[""Chatham Island"", ""Chatham Islet""]",1348.20956773,42346.460314328964,2025,WorldPop R2025A 2025 1km,1km-raster,13.228556518000062,92.95262001016184,1159320849,Andaman Is.,India,India,India,Andaman Is.,Asia,South-Eastern Asia
1003066,319090,Lougheed,[],1339.23675034,0.0,2025,WorldPop R2025A 2025 1km,1km-raster,77.44159005650005,-105.32643974401498,1159320467,Canada,Canada,Canada,Canada,Canada,Americas,Northern America
1003054,319078,Fergusson,[],1326.8981966,29040.102893706735,2025,WorldPop R2025A 2025 1km,1km-raster,-9.524626415499966,150.70656059877336,1159321177,Papua New Guinea,Papua New Guinea,Papua New Guinea,Papua New Guinea,Papua New Guinea,Oceania,Melanesia
1003082,319106,Aracena,[],1291.7567026,2.111120939256513,2025,WorldPop R2025A 2025 1km,1km-raster,-54.16684229699996,-71.3228697934947,1159320499,Chile,Chile,Chile,Chile,Chile,Americas,South America
1003053,319077,Bhola,[],1288.37126565,1715258.3827753072,2025,WorldPop R2025A 2025 1km,1km-raster,22.400132360500038,90.76482113927264,1159320407,Bangladesh,Bangladesh,Bangladesh,Bangladesh,Bangladesh,Asia,Southern Asia
1003067,319091,Barentsoya,"[""Barents"", ""South East Land""]",1275.70425472,0.0,2025,WorldPop R2025A 2025 1km,1km-raster,78.41786612100006,21.372450502023852,1159321119,Svalbard Is.,Norway,Norway,Svalbard,Svalbard,Europe,Northern Europe
1003068,319092,Lembata,"[""Kawoela"", ""Lomblen""]",1264.83324238,131688.80010502294,2025,WorldPop R2025A 2025 1km,1km-raster,-8.37711258899995,123.54527842694782,1159320845,Indonesia,Indonesia,Indonesia,Indonesia,Indonesia,Asia,South-Eastern Asia
1003071,319095,Shannon,[],1252.40145221,0.0,2025,WorldPop R2025A 2025 1km,1km-raster,75.17756433000005,-18.451263210519343,1159320551,Greenland,Denmark,Greenland,Greenland,Greenland,Americas,Northern America
1003072,319096,Lolland,[],1249.27017045,57149.60496755895,2025,WorldPop R2025A 2025 1km,1km-raster,54.777194174000044,11.415662799917136,1159320547,Denmark,Denmark,Denmark,Denmark,Denmark,Europe,Northern Europe
1003075,319099,Rote,[],1246.27017817,143112.28584526718,2025,WorldPop R2025A 2025 1km,1km-raster,-10.687331587499955,123.20803469286622,1159320845,Indonesia,Indonesia,Indonesia,Indonesia,Indonesia,Asia,South-Eastern Asia
1003076,319100,South Andaman,[],1245.71919885,223528.77293048523,2025,WorldPop R2025A 2025 1km,1km-raster,11.859681928500038,92.6657606275377,1159320849,Andaman Is.,India,India,India,Andaman Is.,Asia,South-Eastern Asia
1021194,340376,UNNAMED,[],1236.91412963,0.0,2025,WorldPop R2025A 2025 1km,1km-raster,72.62218810750005,125.45477122289654,1159321205,Russia,Russia,Russia,Russia,Russia,Asia,Central Asia
1003070,319094,Basilan,"[""Basilan Island""]",1236.26399683,449816.9800958952,2025,WorldPop R2025A 2025 1km,1km-raster,6.579208789500058,122.03554855727955,1159321169,Philippines,Philippines,Philippines,Philippines,Philippines,Asia,South-Eastern Asia
1000133,322409,Ilha Charapucu,[],1224.27607966,846.6058449310278,2025,WorldPop R2025A 2025 1km,1km-raster,-0.3875003279999589,-50.5181647207323,1159320441,Brazil,Brazil,Brazil,Brazil,Brazil,Americas,South America
1003301,319325,Manuel Rodriguez Pedro Mont Juan Gullermos Barros,"[""Manuel Rodriguez"", ""Rodriguez""]",1221.20578096,1.9849110282957554,2025,WorldPop R2025A 2025 1km,1km-raster,-52.41659277349996,-73.77166004760285,1159320499,Chile,Chile,Chile,Chile,Chile,Americas,South America
1003074,319098,New Hanover,[],1215.67967119,32654.70682524762,2025,WorldPop R2025A 2025 1km,1km-raster,-2.5190177959999573,150.23886904349357,1159321177,Papua New Guinea,Papua New Guinea,Papua New Guinea,Papua New Guinea,Papua New Guinea,Oceania,Melanesia
1003259,319283,Campana,[],1214.28030735,13.745520043907343,2025,WorldPop R2025A 2025 1km,1km-raster,-48.342213630999964,-75.17058238636358,1159320499,Chile,Chile,Chile,Chile,Chile,Americas,South America
1021763,337069,Ben Tre,[],1211.86811047,811827.3589178016,2025,WorldPop R2025A 2025 1km,1km-raster,10.160348000000056,106.58442409997093,1159321417,Vietnam,Vietnam,Vietnam,Vietnam,Vietnam,Asia,South-Eastern Asia
1003073,319097,Mangole,"[""Mangoli"", ""Pulau Mangole""]",1211.39354613,33007.60316492921,2025,WorldPop R2025A 2025 1km,1km-raster,-1.862623849499954,125.83049292465012,1159320845,Indonesia,Indonesia,Indonesia,Indonesia,Indonesia,Asia,South-Eastern Asia
1003077,319101,Okinawa,[],1204.42256516,1264871.848014593,2025,WorldPop R2025A 2025 1km,1km-raster,26.475852175000057,127.91299333058484,1159320947,Nansei-shoto,Japan,Japan,Japan,Nanseishoto,Asia,Eastern Asia
1003079,319103,Tiburon,[],1197.56153369,27.39999571869872,2025,WorldPop R2025A 2025 1km,1km-raster,28.996971384500057,-112.35483218131078,1159321055,Mexico,Mexico,Mexico,Mexico,Mexico,Americas,Central America
1003086,319110,Wales,[],1182.50726098,0.0,2025,WorldPop R2025A 2025 1km,1km-raster,68.01465751600006,-86.61832462428715,1159320467,Canada,Canada,Canada,Canada,Canada,Americas,Northern America
1021741,336259,UNNAMED,[],1181.51313022,1167264.6959039597,2025,WorldPop R2025A 2025 1km,1km-raster,22.296477611500052,89.98800323090398,1159320407,Bangladesh,Bangladesh,Bangladesh,Bangladesh,Bangladesh,Asia,Southern Asia
1003028,319052,Bering,"[""Severnoye""]",1176.57154671,636.9528331141921,2025,WorldPop R2025A 2025 1km,1km-raster,55.02129205250006,166.27150557699224,1159321205,Russia,Russia,Russia,Russia,Russia,Asia,Central Asia
1003083,319107,Byam Martin,[],1171.07898076,0.0,2025,WorldPop R2025A 2025 1km,1km-raster,75.23433431300006,-104.24388782388263,1159320467,Canada,Canada,Canada,Canada,Canada,Americas,Northern America
1003090,319114,Clarence,[],1165.21407933,18.202548083868763,2025,WorldPop R2025A 2025 1km,1km-raster,-54.093601549499965,-71.7920015188854,1159320499,Chile,Chile,Chile,Chile,Chile,Americas,South America
1003080,319104,Bintan,[],1160.67185563,367426.8945735264,2025,WorldPop R2025A 2025 1km,1km-raster,1.0203422815000351,104.57025088857307,1159320845,Indonesia,Indonesia,Indonesia,Indonesia,Indonesia,Asia,South-Eastern Asia
1022467,0,King George,[],1153.05864875,0.0,2025,WorldPop R2025A 2025 1km,1km-raster,-62.083506500499965,-58.64898176780356,1159320337,Antarctica,Antarctica,Antarctica,Antarctica,Antarctica,Antarctica,Antarctica
1003099,319123,Madre de Dios,"[""Isla Tarlton""]",1139.58754859,4.706899056275551,2025,WorldPop R2025A 2025 1km,1km-raster,-50.233248093999975,-75.0696805006373,1159320499,Chile,Chile,Chile,Chile,Chile,Americas,South America
1003084,319108,Great Abaco,[],1137.04439473,10746.801876488456,2025,WorldPop R2025A 2025 1km,1km-raster,26.38301963500004,-77.09239824144387,1159320415,Bahamas,The Bahamas,The Bahamas,The Bahamas,The Bahamas,Americas,Caribbean
1003085,319109,Lifou,[],1134.71003718,9355.920099417675,2025,WorldPop R2025A 2025 1km,1km-raster,-20.932588870499956,167.16581380411273,1159320641,New Caledonia,France,New Caledonia,New Caledonia,New Caledonia,Oceania,Melanesia
1003087,319111,Vanier,[],1129.46397194,0.0,2025,WorldPop R2025A 2025 1km,1km-raster,76.18271007450005,-103.47120624464043,1159320467,Canada,Canada,Canada,Canada,Canada,Americas,Northern America
1003088,319112,Upolu,[],1126.44974093,158569.27824769414,2025,WorldPop R2025A 2025 1km,1km-raster,-13.920755603999964,-171.77496543988826,1159321423,Samoa,Samoa,Samoa,Samoa,Samoa,Oceania,Polynesia
1003093,319117,Rowley,[],1125.40457707,0.0,2025,WorldPop R2025A 2025 1km,1km-raster,69.11655591900006,-78.73628406397759,1159320467,Canada,Canada,Canada,Canada,Canada,Americas,Northern America
1014796,332518,Yukon Delta,"[""Nunaktuk Island""]",1111.98724474,0.0,2025,WorldPop R2025A 2025 1km,1km-raster,63.07963269950005,-164.0925366552661,1159321397,Alaska,United States of America,United States of America,United States of America,Alaska,Americas,Northern America
1007384,323622,Pulau Pandang,"[""Pandang""]",1110.95381824,24663.59605679374,2025,WorldPop R2025A 2025 1km,1km-raster,1.166936412000041,102.35905365206877,1159320845,Indonesia,Indonesia,Indonesia,Indonesia,Indonesia,Asia,South-Eastern Asia
1003081,319105,Martinique,[],1106.91798577,327696.97804174037,2025,WorldPop R2025A 2025 1km,1km-raster,14.636928604000047,-61.01583800127861,1159320657,Martinique,France,France,Martinique,Martinique,Americas,Caribbean
1021998,0,,[],1101.89201934,0.0,2025,WorldPop R2025A 2025 1km,1km-raster,-72.84869300049996,-91.07188870460726,1159320337,Antarctica,Antarctica,Antarctica,Antarctica,Antarctica,Antarctica,Antarctica
1003089,319113,King,[],1098.16072711,1689.9862881184597,2025,WorldPop R2025A 2025 1km,1km-raster,-39.86999636449997,143.97681328947561,1159320371,Tasmania,Australia,Australia,Australia,Tasmania,Oceania,Australia and New Zealand
1001967,336270,UNNAMED,[],1089.94674976,1085318.2421936989,2025,WorldPop R2025A 2025 1km,1km-raster,22.370933210500027,90.17199039673989,1159320407,Bangladesh,Bangladesh,Bangladesh,Bangladesh,Bangladesh,Asia,Southern Asia
1003078,319102,Oleniy,[],1078.61044424,0.0,2025,WorldPop R2025A 2025 1km,1km-raster,72.43552669400006,77.73483497385905,1159321205,Russia,Russia,Russia,Russia,Russia,Asia,Central Asia
1003097,319121,Cameron,[],1068.56270693,0.0,2025,WorldPop R2025A 2025 1km,1km-raster,76.49650450950006,-103.82273717602895,1159320467,Canada,Canada,Canada,Canada,Canada,Americas,Northern America
1003096,319120,Atka,[],1050.78411141,4.929033890367451,2025,WorldPop R2025A 2025 1km,1km-raster,52.210285134500054,-174.41086069235104,1159321397,Alaska,United States of America,United States of America,United States of America,Alaska,Americas,Northern America
1003101,319125,Hiiumaa,"[""Dago""]",1048.23940159,8400.22820542951,2025,WorldPop R2025A 2025 1km,1km-raster,58.88943688750007,22.710052161723198,1159320615,Estonia,Estonia,Estonia,Estonia,Estonia,Europe,Northern Europe
1003812,319838,Cape Cod,"[""Osterville Grand Island"", ""Amrita Island""]",1046.51195092,204099.85140040272,2025,WorldPop R2025A 2025 1km,1km-raster,41.798924229500045,-69.9975181730834,1159321393,United States of America,United States of America,United States of America,United States of America,United States,Americas,Northern America
1003094,319118,Tahiti,"[""Tahiti Nui""]",1045.54051044,173859.21805051062,2025,WorldPop R2025A 2025 1km,1km-raster,-17.687076855499953,-149.44490597509827,1159320643,Fr. Polynesia,France,French Polynesia,French Polynesia,French Polynesia,Oceania,Polynesia
1003109,319133,Banks,[],1036.1829603,0.0,2025,WorldPop R2025A 2025 1km,1km-raster,53.39918581450007,-130.12273243088433,1159320467,Canada,Canada,Canada,Canada,Canada,Americas,Northern America
1003095,319119,Serrano,[],1035.75625437,4.507533050223497,2025,WorldPop R2025A 2025 1km,1km-raster,-48.40303725299995,-74.66937991417379,1159320499,Chile,Chile,Chile,Chile,Chile,Americas,South America
1003103,319127,Resolution,[],1015.33630139,0.0,2025,WorldPop R2025A 2025 1km,1km-raster,61.50108534900005,-64.93404235170536,1159320467,Canada,Canada,Canada,Canada,Canada,Americas,Northern America
1003112,319136,Maya Karimata,"[""Aroh""]",1015.05918667,15592.463502715287,2025,WorldPop R2025A 2025 1km,1km-raster,-1.1421333264999305,109.60937708340663,1159320845,Indonesia,Indonesia,Indonesia,Indonesia,Indonesia,Asia,South-Eastern Asia
1003092,319116,Alexandra Land,"[""Zemlja Aleksandry""]",1014.54182871,0.0,2025,WorldPop R2025A 2025 1km,1km-raster,80.65059444000005,46.64996343479484,1159321209,Russia,Russia,Russia,Russia,Russia,Europe,Eastern Europe
1003111,319135,Vansittart,[],1013.40350146,0.0,2025,WorldPop R2025A 2025 1km,1km-raster,65.87942982600006,-83.87800988347715,1159320467,Canada,Canada,Canada,Canada,Canada,Americas,Northern America
1003104,319128,Grande Comore,"[""Grande Comoro"", ""Ngazidja""]",1012.34230718,419678.52526721696,2025,WorldPop R2025A 2025 1km,1km-raster,-11.652021632499952,43.33118585102912,1159320521,Comoros,Comoros,Comoros,Comoros,Comoros,Africa,Eastern Africa
1003105,319129,Mornington,[],1012.18608148,1005.9397732156907,2025,WorldPop R2025A 2025 1km,1km-raster,-16.562471750499952,139.34868496689307,1159320377,Australia,Australia,Australia,Australia,Australia,Oceania,Australia and New Zealand
1007085,323314,Pulau Padangtikar,"[""Borneo"", ""Born\u00e9o""]",1001.64272137,22162.545814400226,2025,WorldPop R2025A 2025 1km,1km-raster,-0.83872074949997,109.4809352105557,1159320845,Indonesia,Indonesia,Indonesia,Indonesia,Indonesia,Asia,South-Eastern Asia
1003193,319217,Santiago,"[""Sao Tiago (Santiago)"", ""Sao Tiago""]",1001.31945091,287189.84128251974,2025,WorldPop R2025A 2025 1km,1km-raster,15.119076187000047,-23.634612604233418,1159320523,Cabo Verde,Cabo Verde,Cabo Verde,Cabo Verde,Cabo Verde,Africa,Western Africa
1014784,332506,Yukon Delta,[],997.455124798,822.395975112915,2025,WorldPop R2025A 2025 1km,1km-raster,62.852255659000065,-164.48465476264505,1159321397,Alaska,United States of America,United States of America,United States of America,Alaska,Americas,Northern America
1002302,336838,UNNAMED,[],993.36076013,4624.243437315245,2025,WorldPop R2025A 2025 1km,1km-raster,45.03739640450007,29.457546715577337,1159321199,Romania,Romania,Romania,Romania,Romania,Europe,Eastern Europe
1021853,0,Bear Island,"[""\u00cele de l'Ours""]",992.069065881,0.0,2025,WorldPop R2025A 2025 1km,1km-raster,-74.00510750049995,-116.64204051879852,1159320337,Antarctica,Antarctica,Antarctica,Antarctica,Antarctica,Antarctica,Antarctica
1003114,319138,Santa Cruz,[],986.235409617,18191.10068444589,2025,WorldPop R2025A 2025 1km,1km-raster,-0.6289029154999639,-90.36383682125899,1159320571,Galápagos Is.,Ecuador,Ecuador,Ecuador,Galapagos Islands,Americas,South America
1003108,319132,Shetland Mainland,"[""Mainland"", ""Shetland""]",985.924829595,16682.422120250347,2025,WorldPop R2025A 2025 1km,1km-raster,60.24503461250006,-1.5494389998478453,1159320747,Scotland,United Kingdom,United Kingdom,Scotland,Scotland,Europe,Northern Europe
1003113,319137,Russell,[],983.919302854,0.0,2025,WorldPop R2025A 2025 1km,1km-raster,73.96818936150007,-98.41871019898603,1159320467,Canada,Canada,Canada,Canada,Canada,Americas,Northern America
1003127,319151,Pemba,[],976.797335872,578469.7374882533,2025,WorldPop R2025A 2025 1km,1km-raster,-5.1681988084999375,39.79857191220913,1159321341,Zanzibar,United Republic of Tanzania,United Republic of Tanzania,Zanzibar,Zanzibar,Africa,Eastern Africa
1003106,319130,Rugen,"[""R\u00fcggen""]",974.828713987,58911.0419411732,2025,WorldPop R2025A 2025 1km,1km-raster,54.452788674500056,13.387979856601273,1159320539,Germany,Germany,Germany,Germany,Germany,Europe,Western Europe
1003165,319189,Aland,[],964.21503062,27135.600762511345,2025,WorldPop R2025A 2025 1km,1km-raster,60.19796381450004,19.83559264605825,1159320621,Åland,Finland,Aland,Aland,Aland,Europe,Northern Europe
1001150,330896,UNNAMED,[],962.543226164,3628.236516070311,2025,WorldPop R2025A 2025 1km,1km-raster,8.038548024500045,-64.45859819159273,1159321411,Venezuela,Venezuela,Venezuela,Venezuela,Venezuela,Americas,South America
1003107,319131,Meighan,"[""Meighen""]",952.603696899,0.0,2025,WorldPop R2025A 2025 1km,1km-raster,79.91292661400007,-99.44927575201471,1159320467,Canada,Canada,Canada,Canada,Canada,Americas,Northern America
1003091,319115,Grand Bahama,[],952.333469909,41600.92005381011,2025,WorldPop R2025A 2025 1km,1km-raster,26.644420505000028,-78.36262547270806,1159320415,Bahamas,The Bahamas,The Bahamas,The Bahamas,The Bahamas,Americas,Caribbean
1022227,0,,[],948.618707543,0.0,2025,WorldPop R2025A 2025 1km,1km-raster,-65.54743999999997,100.72789353801161,1159320337,Antarctica,Antarctica,Antarctica,Antarctica,Antarctica,Antarctica,Antarctica
1018687,337414,Busuwanga,"[""Busuanga"", ""Calauit Island""]",946.930259985,70049.22034052123,2025,WorldPop R2025A 2025 1km,1km-raster,12.145153495000045,120.02947784190648,1159321169,Philippines,Philippines,Philippines,Philippines,Philippines,Asia,South-Eastern Asia
1017977,336220,UNNAMED,[],943.251480801,793324.8620538808,2025,WorldPop R2025A 2025 1km,1km-raster,22.118032156000027,90.29472029236635,1159320407,Bangladesh,Bangladesh,Bangladesh,Bangladesh,Bangladesh,Asia,Southern Asia
1003126,319150,Jens Munk,[],942.117394256,0.0,2025,WorldPop R2025A 2025 1km,1km-raster,69.65761300600005,-79.95187975132848,1159320467,Canada,Canada,Canada,Canada,Canada,Americas,Northern America
1003119,319143,Angel de la Guarda,[],930.341820048,164.37215402734722,2025,WorldPop R2025A 2025 1km,1km-raster,29.267266059000036,-113.30646388124914,1159321055,Mexico,Mexico,Mexico,Mexico,Mexico,Americas,Central America
1003102,319126,Margarita,"[""Isla de Margarita""]",929.805742371,542002.8605981058,2025,WorldPop R2025A 2025 1km,1km-raster,11.02149734650007,-63.90732161428773,1159321411,Venezuela,Venezuela,Venezuela,Venezuela,Venezuela,Americas,South America
1003130,319154,Mull,"[""Gometra"", ""Geasgill""]",926.351473319,2507.365887733097,2025,WorldPop R2025A 2025 1km,1km-raster,56.45929161250004,-5.8624703506724085,1159320747,Scotland,United Kingdom,United Kingdom,Scotland,Scotland,Europe,Northern Europe
1003098,319122,Hall,"[""Gallya""]",923.780080219,0.0,2025,WorldPop R2025A 2025 1km,1km-raster,80.28299312650006,57.75594416453886,1159321209,Russia,Russia,Russia,Russia,Russia,Europe,Eastern Europe
1003160,319184,Chatham,[],922.838491511,782.2510802365393,2025,WorldPop R2025A 2025 1km,1km-raster,-43.912773320999946,-176.47456962620504,1159321141,Chatham Is.,New Zealand,New Zealand,New Zealand,Chatham Islands,Oceania,Melanesia
1003115,319139,Mala Lyakhovsky,"[""Maly Lyakhovski"", ""Mal Ljahofskij""]",912.344669685,0.0,2025,WorldPop R2025A 2025 1km,1km-raster,74.08190843100007,140.61888397854767,1159321205,Russia,Russia,Russia,Russia,Russia,Asia,Central Asia
1003803,319829,Akpatok,[],912.312680312,0.0,2025,WorldPop R2025A 2025 1km,1km-raster,60.39613410350006,-68.11646966634687,1159320467,Canada,Canada,Canada,Canada,Canada,Americas,Northern America
1003122,319146,Bengkalis,"[""Pulau Bengkalis""]",906.187431107,100600.97505714495,2025,WorldPop R2025A 2025 1km,1km-raster,1.4300366690000317,102.39353599109074,1159320845,Indonesia,Indonesia,Indonesia,Indonesia,Indonesia,Asia,South-Eastern Asia
1003117,319141,Great Nicobar,"[""Grande Nicobar""]",905.203021782,10165.701822885036,2025,WorldPop R2025A 2025 1km,1km-raster,6.999164633500044,93.8111522746818,1159320853,Nicobar Is.,India,India,India,Nicobar Is.,Asia,South-Eastern Asia
1003137,319161,Melchor,[],904.336506416,7.043557053233077,2025,WorldPop R2025A 2025 1km,1km-raster,-45.14211226849994,-73.85740744854601,1159320499,Chile,Chile,Chile,Chile,Chile,Americas,South America
1021762,337068,UNNAMED,"[""C\u00f9 Lao Gi\u00e0i""]",903.060859124,539717.8409585953,2025,WorldPop R2025A 2025 1km,1km-raster,10.077265386500073,106.35300645779995,1159321417,Vietnam,Vietnam,Vietnam,Vietnam,Vietnam,Asia,South-Eastern Asia
1003260,319284,Attu,[],902.705185378,3.006616030819714,2025,WorldPop R2025A 2025 1km,1km-raster,52.87797546400006,173.0285974631679,1159321397,Alaska,United States of America,United States of America,United States of America,Alaska,Americas,Northern America
1003123,319147,Marinduque,"[""Salvaria Island""]",900.17820648,232545.18480543833,2025,WorldPop R2025A 2025 1km,1km-raster,13.383819743500055,121.98138275715824,1159321169,Philippines,Philippines,Philippines,Philippines,Philippines,Asia,South-Eastern Asia
1003134,319158,Etolin,[],895.625747366,0.0,2025,WorldPop R2025A 2025 1km,1km-raster,56.13171017950003,-132.36401374971962,1159321397,Alaska,United States of America,United States of America,United States of America,Alaska,Americas,Northern America
1003125,319149,Efate,"[""Efat\u00e9""]",893.540578225,88765.80842477868,2025,WorldPop R2025A 2025 1km,1km-raster,-17.67074057299996,168.3655325443743,1159321421,Vanuatu,Vanuatu,Vanuatu,Vanuatu,Vanuatu,Oceania,Melanesia
1003100,319124,Normanby,[],892.918265484,22432.0431037722,2025,WorldPop R2025A 2025 1km,1km-raster,-9.952593035999968,150.9569846630092,1159321177,Papua New Guinea,Papua New Guinea,Papua New Guinea,Papua New Guinea,Papua New Guinea,Oceania,Melanesia
1003118,319142,Langoya,[],892.862856166,15356.538788033942,2025,WorldPop R2025A 2025 1km,1km-raster,68.80046957450006,15.202851648730693,1159321117,Norway,Norway,Norway,Norway,Norway,Europe,Northern Europe
1021930,0,Brabant,"[""Brabant Island""]",891.262995373,0.0,2025,WorldPop R2025A 2025 1km,1km-raster,-64.25846899999996,-62.33461629713777,1159320337,Antarctica,Antarctica,Antarctica,Antarctica,Antarctica,Antarctica,Antarctica
1003132,319156,Muyua,"[""Woodlark""]",891.077153684,10902.556222574776,2025,WorldPop R2025A 2025 1km,1km-raster,-9.102430465499964,152.82144295301612,1159321177,Papua New Guinea,Papua New Guinea,Papua New Guinea,Papua New Guinea,Papua New Guinea,Oceania,Melanesia
1003129,319153,Erromango,"[""Eromango""]",887.641434015,2345.4724403716555,2025,WorldPop R2025A 2025 1km,1km-raster,-18.808378902999948,169.11136952729947,1159321421,Vanuatu,Vanuatu,Vanuatu,Vanuatu,Vanuatu,Oceania,Melanesia
1000109,322363,Ilha dos Macacos,[],880.287560466,2061.987122970295,2025,WorldPop R2025A 2025 1km,1km-raster,-1.3242798654999604,-50.55894257256718,1159320441,Brazil,Brazil,Brazil,Brazil,Brazil,Americas,South America
1003133,319157,Kabaena,[],874.152796467,26150.552572145683,2025,WorldPop R2025A 2025 1km,1km-raster,-5.274846573499929,121.92189434000676,1159320845,Indonesia,Indonesia,Indonesia,Indonesia,Indonesia,Asia,South-Eastern Asia
1003124,319148,Rangsang,"[""Medang""]",874.125026735,46706.956587679495,2025,WorldPop R2025A 2025 1km,1km-raster,0.9938548035000565,102.93989833924846,1159320845,Indonesia,Indonesia,Indonesia,Indonesia,Indonesia,Asia,South-Eastern Asia
1022065,0,Renaud,"[""Hearst Island""]",869.397272003,0.0,2025,WorldPop R2025A 2025 1km,1km-raster,-69.43167849999995,-62.12021178409272,1159320337,Antarctica,Antarctica,Antarctica,Antarctica,Antarctica,Antarctica,Antarctica
1003121,319145,Umboi,"[""Umboli""]",867.309151503,17823.56214767315,2025,WorldPop R2025A 2025 1km,1km-raster,-5.643680856999964,147.93780320503126,1159321177,Papua New Guinea,Papua New Guinea,Papua New Guinea,Papua New Guinea,Papua New Guinea,Oceania,Melanesia
1006865,323082,Pulau Pagai Selatan,[],862.719427845,13588.13245778679,2025,WorldPop R2025A 2025 1km,1km-raster,-3.0661444084999516,100.36630425411806,1159320845,Indonesia,Indonesia,Indonesia,Indonesia,Indonesia,Asia,South-Eastern Asia
1003120,319144,Sado,[],860.917341821,48275.805351124196,2025,WorldPop R2025A 2025 1km,1km-raster,38.067772574500054,138.35098388171508,1159320955,Japan,Japan,Japan,Japan,Japan,Asia,Eastern Asia
1002528,337794,UNNAMED,[],859.30458481,1823169.1234925985,2025,WorldPop R2025A 2025 1km,1km-raster,20.877955328500036,106.56580036116966,1159321417,Vietnam,Vietnam,Vietnam,Vietnam,Vietnam,Asia,South-Eastern Asia
1003164,319188,Montague,[],858.573371252,0.0,2025,WorldPop R2025A 2025 1km,1km-raster,60.07213959500007,-147.39876565048135,1159321397,Alaska,United States of America,United States of America,United States of America,Alaska,Americas,Northern America
1003128,319152,Lingga,"[""Pulau Lingga""]",857.784783001,28439.247797930482,2025,WorldPop R2025A 2025 1km,1km-raster,-0.15514693549997105,104.60561888705325,1159320845,Indonesia,Indonesia,Indonesia,Indonesia,Indonesia,Asia,South-Eastern Asia
1021826,0,,[],857.583792427,0.0,2025,WorldPop R2025A 2025 1km,1km-raster,-77.29203349999995,-148.23428155853497,1159320337,Antarctica,Antarctica,Antarctica,Antarctica,Antarctica,Antarctica,Antarctica
1003057,319081,Sao Luis,"[""Maranh\u00e3o"", ""S\u00e3o Luiz do Maranh\u00e3o""]",855.22065773,1535374.3543681933,2025,WorldPop R2025A 2025 1km,1km-raster,-2.59284654399994,-44.23720517693539,1159320441,Brazil,Brazil,Brazil,Brazil,Brazil,Americas,South America
1003157,319181,Dahlak,[],855.183022563,2595.055834684228,2025,WorldPop R2025A 2025 1km,1km-raster,15.724112426000033,40.08601058208619,1159320581,Eritrea,Eritrea,Eritrea,Eritrea,Eritrea,Africa,Eastern Africa
1003116,319140,Salisbury,"[""Salisbyuri""]",851.322221853,0.0,2025,WorldPop R2025A 2025 1km,1km-raster,80.89000277950007,56.201039723736706,1159321209,Russia,Russia,Russia,Russia,Russia,Europe,Eastern Europe
1003138,319162,Sao Tome,"[""Sao-Tom\u00e9""]",847.401178577,216589.4283052996,2025,WorldPop R2025A 2025 1km,1km-raster,0.21807475000002796,6.596744225500941,1159321279,São Tomé,São Tomé and Principe,São Tomé and Principe,São Tomé and Principe,São Tomé,Africa,Middle Africa
1009248,325602,Char Diāra,[],846.745447863,683037.4465041161,2025,WorldPop R2025A 2025 1km,1km-raster,22.331403294500035,90.51154538202823,1159320407,Bangladesh,Bangladesh,Bangladesh,Bangladesh,Bangladesh,Asia,Southern Asia
1003142,319166,Khios,"[""Chios"", ""Kh\u00edos""]",845.547578433,45503.38569557082,2025,WorldPop R2025A 2025 1km,1km-raster,38.37580309650005,26.064948342999635,1159320811,Greece,Greece,Greece,Greece,Greece,Europe,Southern Europe
1003135,319159,Jolo,"[""Jolo Island""]",838.362139692,717666.232497278,2025,WorldPop R2025A 2025 1km,1km-raster,5.971184259500063,121.1559185930306,1159321169,Philippines,Philippines,Philippines,Philippines,Philippines,Asia,South-Eastern Asia
1003152,319176,Dinagat,"[""Dinagat Island""]",835.124250455,103519.51727618891,2025,WorldPop R2025A 2025 1km,1km-raster,10.138639892000043,125.57799701875194,1159321169,Philippines,Philippines,Philippines,Philippines,Philippines,Asia,South-Eastern Asia
1005069,321123,Puna,"[""La Pun\u00e1""]",825.571576631,9242.893898113942,2025,WorldPop R2025A 2025 1km,1km-raster,-2.8577996609999445,-80.21254497459475,1159320569,Ecuador,Ecuador,Ecuador,Ecuador,Ecuador,Americas,South America
1021931,0,Livingston,"[""Livingston Island""]",824.476161065,0.0,2025,WorldPop R2025A 2025 1km,1km-raster,-62.60776999999996,-60.49653845188169,1159320337,Antarctica,Antarctica,Antarctica,Antarctica,Antarctica,Antarctica,Antarctica
1003141,319165,King,[],821.870592151,0.5078019918873906,2025,WorldPop R2025A 2025 1km,1km-raster,52.18075689950007,-127.70004336150801,1159320467,Canada,Canada,Canada,Canada,Canada,Americas,Northern America
1021845,0,,[],817.763200246,0.0,2025,WorldPop R2025A 2025 1km,1km-raster,-74.41890699949997,-127.37093071529122,1159320337,Antarctica,Antarctica,Antarctica,Antarctica,Antarctica,Antarctica,Antarctica
1003139,319163,Sibirykova,[],817.571858754,0.0,2025,WorldPop R2025A 2025 1km,1km-raster,72.89394369350006,79.11930802892878,1159321205,Russia,Russia,Russia,Russia,Russia,Asia,Central Asia
1003805,319831,Big,[],815.582423145,0.0,2025,WorldPop R2025A 2025 1km,1km-raster,62.710116132500076,-70.60405940065309,1159320467,Canada,Canada,Canada,Canada,Canada,Americas,Northern America
1003147,319171,Lanzarote,[],814.983146714,161119.8122119473,2025,WorldPop R2025A 2025 1km,1km-raster,29.040733695000057,-13.634175522478703,1159320589,Canary Is.,Spain,Spain,Spain,Canary Islands,Europe,Southern Europe
1003183,319207,Rennell,"[""Rennel"", ""Mu Ngava""]",813.578716708,2981.731673140081,2025,WorldPop R2025A 2025 1km,1km-raster,-11.671258959499966,160.35848067949965,1159321249,Solomon Is.,Solomon Islands,Solomon Islands,Solomon Islands,Solomon Islands,Oceania,Melanesia
1003799,319825,Soroya,"[""Storholmen""]",812.135472536,1063.1635114026685,2025,WorldPop R2025A 2025 1km,1km-raster,70.66985133600005,22.490410736309894,1159321117,Norway,Norway,Norway,Norway,Norway,Europe,Northern Europe
1003145,319169,Salisbury,[],808.436519149,0.0,2025,WorldPop R2025A 2025 1km,1km-raster,63.53053017350004,-76.94685450239905,1159320467,Canada,Canada,Canada,Canada,Canada,Americas,Northern America
1002721,339837,UNNAMED,[],808.164237009,0.0,2025,WorldPop R2025A 2025 1km,1km-raster,68.60094460950006,160.32198253638114,1159321205,Russia,Russia,Russia,Russia,Russia,Asia,Central Asia
1003136,319160,Sudest,"[""Tagula"", ""Tagula Island""]",807.887768104,5821.568916456524,2025,WorldPop R2025A 2025 1km,1km-raster,-11.488718662499963,153.4533093265399,1159321177,Papua New Guinea,Papua New Guinea,Papua New Guinea,Papua New Guinea,Papua New Guinea,Oceania,Melanesia
1003140,319164,Karakelong,"[""Palau Karakelang""]",804.219996286,49305.27365325634,2025,WorldPop R2025A 2025 1km,1km-raster,4.269881224000045,126.81351707379906,1159320845,Indonesia,Indonesia,Indonesia,Indonesia,Indonesia,Asia,South-Eastern Asia
1006243,322414,Ilha Queimada,"[""Panema""]",800.862819149,1200.441141449533,2025,WorldPop R2025A 2025 1km,1km-raster,-0.12921911399993746,-50.86131941130161,1159320441,Brazil,Brazil,Brazil,Brazil,Brazil,Americas,South America
1003181,319205,Bubiyan,[],799.191071037,844.6292155668174,2025,WorldPop R2025A 2025 1km,1km-raster,29.78127687050005,48.2192780225596,1159321009,Kuwait,Kuwait,Kuwait,Kuwait,Kuwait,Asia,Western Asia
1003275,319299,Esmeralda,[],795.811172263,1.6790060007702348,2025,WorldPop R2025A 2025 1km,1km-raster,-48.91553590749996,-75.47137484255299,1159320499,Chile,Chile,Chile,Chile,Chile,Americas,South America
1003802,319828,White,[],791.852283349,0.0,2025,WorldPop R2025A 2025 1km,1km-raster,65.79147534600006,-84.91343954346931,1159320467,Canada,Canada,Canada,Canada,Canada,Americas,Northern America
1003149,319173,Santo Antao,[],788.149949964,33425.30099969153,2025,WorldPop R2025A 2025 1km,1km-raster,17.056868742000063,-25.172295373936368,1159320523,Cabo Verde,Cabo Verde,Cabo Verde,Cabo Verde,Cabo Verde,Africa,Western Africa
1012920,330077,UNNAMED,"[""Sumatra""]",787.15729746,86960.77130336645,2025,WorldPop R2025A 2025 1km,1km-raster,-1.1285823374999495,104.01251446264496,1159320845,Indonesia,Indonesia,Indonesia,Indonesia,Indonesia,Asia,South-Eastern Asia
1003150,319174,Cephalonia,"[""Kefallin\u00eda""]",781.968376355,35480.14024944464,2025,WorldPop R2025A 2025 1km,1km-raster,38.26587087300004,20.537375141558485,1159320811,Greece,Greece,Greece,Greece,Greece,Europe,Southern Europe
1003156,319180,Singkep,"[""Singpek""]",777.475030085,53825.320267777606,2025,WorldPop R2025A 2025 1km,1km-raster,-0.5093814889999351,104.41372919841623,1159320845,Indonesia,Indonesia,Indonesia,Indonesia,Indonesia,Asia,South-Eastern Asia
1003303,319327,Cayo Romano,"[""Cayo Pared\u00c3\u00b3n Gran""]",776.201961053,212.61884283755202,2025,WorldPop R2025A 2025 1km,1km-raster,22.16896372450006,-77.9139259956763,1159320527,Cuba,Cuba,Cuba,Cuba,Cuba,Americas,Caribbean
1021844,0,Grant Island,"[""\u00cele de l'Ours""]",774.294910107,0.0,2025,WorldPop R2025A 2025 1km,1km-raster,-74.39718700099996,-131.345890269078,1159320337,Antarctica,Antarctica,Antarctica,Antarctica,Antarctica,Antarctica,Antarctica
1003144,319168,Ambon,[],774.209856202,417849.58340324805,2025,WorldPop R2025A 2025 1km,1km-raster,-3.6422121494999544,128.0803300530221,1159320845,Indonesia,Indonesia,Indonesia,Indonesia,Indonesia,Asia,South-Eastern Asia
1003158,319182,Brock,"[""Brock Island""]",766.64290613,0.0,2025,WorldPop R2025A 2025 1km,1km-raster,77.89162105900007,-114.33113768874667,1159320467,Canada,Canada,Canada,Canada,Canada,Americas,Northern America
1003143,319167,Hanover,[],758.767841455,5.315230041052868,2025,WorldPop R2025A 2025 1km,1km-raster,-50.911582934999956,-74.76863425913251,1159320499,Chile,Chile,Chile,Chile,Chile,Americas,South America
1003148,319172,Dominica,[],750.797787171,60174.091097630626,2025,WorldPop R2025A 2025 1km,1km-raster,15.42311151450005,-61.34131073316934,1159320543,Dominica,Dominica,Dominica,Dominica,Dominica,Americas,Caribbean
1003154,319178,Prat,[],748.132531192,0.5878789982796616,2025,WorldPop R2025A 2025 1km,1km-raster,-48.257053573499945,-75.00342280889612,1159320499,Chile,Chile,Chile,Chile,Chile,Americas,South America
1003216,319240,Patricio,[],746.23955389,9.000224933612214,2025,WorldPop R2025A 2025 1km,1km-raster,-48.588348293499934,-75.47796819561309,1159320499,Chile,Chile,Chile,Chile,Chile,Americas,South America
1003153,319177,Sao Miguel,[],743.531239913,128210.60028786155,2025,WorldPop R2025A 2025 1km,1km-raster,37.809228062000045,-25.4730989654787,1159321189,Azores,Portugal,Portugal,Azores,Azores,Europe,Southern Europe
1003155,319179,Kvaloy,"[""Sore Kvalo"", ""Kvaloya""]",740.928087427,11596.36179857531,2025,WorldPop R2025A 2025 1km,1km-raster,69.70174839300003,18.80208426928858,1159321117,Norway,Norway,Norway,Norway,Norway,Europe,Northern Europe
1003159,319183,Madeira,"[""Mad\u00e8re""]",738.765661144,239286.34498270735,2025,WorldPop R2025A 2025 1km,1km-raster,32.75183776450004,-16.981592879216397,1159321191,Madeira,Portugal,Portugal,Madeira,Madeira,Europe,Southern Europe
1000720,328567,Marajo,[],738.741895017,681.9127793425542,2025,WorldPop R2025A 2025 1km,1km-raster,-0.7797247099999538,-50.255654440067715,1159320441,Brazil,Brazil,Brazil,Brazil,Brazil,Americas,South America
1003052,319076,South Andros,[],737.379647195,871.1114826279867,2025,WorldPop R2025A 2025 1km,1km-raster,24.002593546000043,-77.65301429840895,1159320415,Bahamas,The Bahamas,The Bahamas,The Bahamas,The Bahamas,Americas,Caribbean
1003166,319190,Pantar,[],736.864639766,31204.50316861791,2025,WorldPop R2025A 2025 1km,1km-raster,-8.361881317499979,124.17508717266503,1159320845,Indonesia,Indonesia,Indonesia,Indonesia,Indonesia,Asia,South-Eastern Asia
1003171,319195,Bray,[],731.450133495,0.0,2025,WorldPop R2025A 2025 1km,1km-raster,69.28838731400006,-77.06039778469754,1159320467,Canada,Canada,Canada,Canada,Canada,Americas,Northern America
1003188,319212,Anglesey,[],722.519724748,67460.19496356198,2025,WorldPop R2025A 2025 1km,1km-raster,53.27811147050005,-4.332022918108242,1159320749,Wales,United Kingdom,United Kingdom,Wales,Wales,Europe,Northern Europe
1003163,319187,Adak,[],717.244824892,697.243229240219,2025,WorldPop R2025A 2025 1km,1km-raster,51.796011971500064,-176.5737217205256,1159321397,Alaska,United States of America,United States of America,United States of America,Alaska,Americas,Northern America
1002292,336825,UNNAMED,[],714.895378551,1335.3924194953802,2025,WorldPop R2025A 2025 1km,1km-raster,44.46229310150005,28.016561074508907,1159321199,Romania,Romania,Romania,Romania,Romania,Europe,Eastern Europe
1009905,326290,Amami Ōshima,[],710.267704362,52570.10533455617,2025,WorldPop R2025A 2025 1km,1km-raster,28.32057031550005,129.39800071902073,1159320947,Nansei-shoto,Japan,Japan,Japan,Nanseishoto,Asia,Eastern Asia
1003178,319202,Foley,[],708.202264769,0.0,2025,WorldPop R2025A 2025 1km,1km-raster,68.52169164100007,-75.10809778016451,1159320467,Canada,Canada,Canada,Canada,Canada,Americas,Northern America
1003167,319191,Wowoni,[],705.65049981,32980.637401959524,2025,WorldPop R2025A 2025 1km,1km-raster,-4.117203350999972,123.0983305175134,1159320845,Indonesia,Indonesia,Indonesia,Indonesia,Indonesia,Asia,South-Eastern Asia
1003172,319196,La Palma,[],705.21933741,82347.94375872072,2025,WorldPop R2025A 2025 1km,1km-raster,28.655249359000038,-17.856262079526005,1159320589,Canary Is.,Spain,Spain,Spain,Canary Islands,Europe,Southern Europe
1021830,0,,[],703.681803671,0.0,2025,WorldPop R2025A 2025 1km,1km-raster,-77.03802149999996,-149.90061493399259,1159320337,Antarctica,Antarctica,Antarctica,Antarctica,Antarctica,Antarctica,Antarctica
1003174,319198,Goodenough,"[""Dawila""]",703.291581235,31188.74469296778,2025,WorldPop R2025A 2025 1km,1km-raster,-9.359178652499963,150.23554324668294,1159321177,Papua New Guinea,Papua New Guinea,Papua New Guinea,Papua New Guinea,Papua New Guinea,Oceania,Melanesia
1019014,337935,Tsushima,"[""Kamino-sima"", ""Kami-jima""]",703.289440319,26450.117522782115,2025,WorldPop R2025A 2025 1km,1km-raster,34.395092231000035,129.31574967425283,1159320955,Japan,Japan,Japan,Japan,Japan,Asia,Eastern Asia
1003168,319192,Little Andaman,"[""Petite Andaman""]",703.123000648,19523.679982453672,2025,WorldPop R2025A 2025 1km,1km-raster,10.702020094500057,92.48860877688548,1159320849,Andaman Is.,India,India,India,Andaman Is.,Asia,South-Eastern Asia
1013597,330926,UNNAMED,[],698.874671731,244.90837007767308,2025,WorldPop R2025A 2025 1km,1km-raster,8.452427515500034,-59.98612302669318,1159321411,Venezuela,Venezuela,Venezuela,Venezuela,Venezuela,Americas,South America
1003170,319194,Menorca,"[""Isla Colom"", ""Isla de Col\u00f3n""]",696.330899995,94085.50442158693,2025,WorldPop R2025A 2025 1km,1km-raster,39.949805145000056,4.046167248383076,1159320593,Balearic Is.,Spain,Spain,Spain,Balearic Islands,Europe,Southern Europe
1003151,319175,Ammassilik,"[""Angmagssalik""]",689.722893164,1360.0784130096436,2025,WorldPop R2025A 2025 1km,1km-raster,65.73094482900007,-37.66498629656265,1159320551,Greenland,Denmark,Greenland,Greenland,Greenland,Americas,Northern America
1006492,322697,Pulau Komoran,"[""Silam"", ""Komoran""]",688.274601756,99.74795623411507,2025,WorldPop R2025A 2025 1km,1km-raster,-8.265998577999966,138.73566516213288,1159320845,Indonesia,Indonesia,Indonesia,Indonesia,Indonesia,Asia,South-Eastern Asia
1003173,319197,Kolombangara,"[""Nduke""]",688.073321778,9043.305739174828,2025,WorldPop R2025A 2025 1km,1km-raster,-7.990505113999973,157.06845698378189,1159321249,Solomon Is.,Solomon Islands,Solomon Islands,Solomon Islands,Solomon Islands,Oceania,Melanesia
1003801,319827,Mezhdusharskiy,"[""Mezhdusharski"", ""Mezdusarskij""]",687.47598607,0.0,2025,WorldPop R2025A 2025 1km,1km-raster,71.16992399200004,52.96162302584558,1159321209,Russia,Russia,Russia,Russia,Russia,Europe,Eastern Europe
1007678,323933,Île de la Gonâve,"[""Gonave"", ""Gon\u00e2ve""]",681.981749657,92218.53977795881,2025,WorldPop R2025A 2025 1km,1km-raster,18.832074527500055,-73.01721500970379,1159320839,Haiti,Haiti,Haiti,Haiti,Haiti,Americas,Caribbean
1003176,319200,Molokai,[],675.795877288,6659.304346732548,2025,WorldPop R2025A 2025 1km,1km-raster,21.134709306000047,-157.00643878740914,1159321395,Hawaii,United States of America,United States of America,United States of America,Hawaii,Oceania,Polynesia
1018740,337477,Tablas,"[""Tablas Island""]",674.263746188,160482.7741382892,2025,WorldPop R2025A 2025 1km,1km-raster,12.379670864000047,122.0196798025737,1159321169,Philippines,Philippines,Philippines,Philippines,Philippines,Asia,South-Eastern Asia
1003177,319201,Ambrym,"[""Ambrim""]",671.332583238,7492.8836762395595,2025,WorldPop R2025A 2025 1km,1km-raster,-16.23473700349996,168.0658780938271,1159321421,Vanuatu,Vanuatu,Vanuatu,Vanuatu,Vanuatu,Oceania,Melanesia
1003187,319211,Dall,"[""Bushy""]",665.913392915,22.11907345060203,2025,WorldPop R2025A 2025 1km,1km-raster,54.96358084400006,-133.04944541000202,1159321397,Alaska,United States of America,United States of America,United States of America,Alaska,Americas,Northern America
1003184,319208,Ringvassoy,"[""Ringvass\u00c3\u00b8ya""]",664.695038136,1131.931903352997,2025,WorldPop R2025A 2025 1km,1km-raster,69.93841619350007,19.162267565515812,1159321117,Norway,Norway,Norway,Norway,Norway,Europe,Northern Europe
1021282,340472,UNNAMED,[],663.138886601,0.0,2025,WorldPop R2025A 2025 1km,1km-raster,73.08302384800004,126.23227038654225,1159321205,Russia,Russia,Russia,Russia,Russia,Asia,Central Asia
1013502,330758,Mustang and Padre,"[""North Bird"", ""Mustang""]",661.036802805,12260.906455147458,2025,WorldPop R2025A 2025 1km,1km-raster,27.202261401000072,-97.37509357999329,1159321393,United States of America,United States of America,United States of America,United States of America,United States,Americas,Northern America
1003204,319228,Benjamin,[],659.913544674,0.8297449946708879,2025,WorldPop R2025A 2025 1km,1km-raster,-44.69910016649996,-74.12328628678077,1159320499,Chile,Chile,Chile,Chile,Chile,Americas,South America
1003189,319213,King Christian Island,"[""King Christian"", ""Roi Christian""]",656.709691596,0.0,2025,WorldPop R2025A 2025 1km,1km-raster,77.79203759100005,-101.76592412801854,1159320467,Canada,Canada,Canada,Canada,Canada,Americas,Northern America
1003502,319526,Kvitoya,"[""Commandeur Giles Land""]",654.974481333,0.0,2025,WorldPop R2025A 2025 1km,1km-raster,80.17799325950006,32.53356178044402,1159321119,Svalbard Is.,Norway,Norway,Svalbard,Svalbard,Europe,Northern Europe
1003185,319209,Mare,"[""Nengone""]",652.833388067,5661.098688284995,2025,WorldPop R2025A 2025 1km,1km-raster,-21.50447746049997,167.98402914367892,1159320641,New Caledonia,France,New Caledonia,New Caledonia,New Caledonia,Oceania,Melanesia
1017831,336021,Masirah,"[""Masira"", ""Mesirah""]",652.620817017,15521.883708807458,2025,WorldPop R2025A 2025 1km,1km-raster,20.428982257500053,58.79772575022104,1159321151,Oman,Oman,Oman,Oman,Oman,Asia,Western Asia
1003196,319220,Vella Lavela,"[""Vella Lavella""]",649.866159113,12189.642364133715,2025,WorldPop R2025A 2025 1km,1km-raster,-7.761507563999942,156.6824291107019,1159321249,Solomon Is.,Solomon Islands,Solomon Islands,Solomon Islands,Solomon Islands,Oceania,Melanesia
1003182,319206,Salayar,"[""Selayar"", ""Lelayar""]",649.693223586,91212.18875544466,2025,WorldPop R2025A 2025 1km,1km-raster,-6.1321653679999315,120.50004598809534,1159320845,Indonesia,Indonesia,Indonesia,Indonesia,Indonesia,Asia,South-Eastern Asia
1003195,319219,Polillo,"[""Pollilo"", ""Polillo Island""]",649.167002555,62823.634042943515,2025,WorldPop R2025A 2025 1km,1km-raster,14.843245570500045,121.929347200991,1159321169,Philippines,Philippines,Philippines,Philippines,Philippines,Asia,South-Eastern Asia
1003401,319425,South Rennell,[],647.12491268,3.263180961832404,2025,WorldPop R2025A 2025 1km,1km-raster,-51.96577641499994,-74.02758646525447,1159320499,Chile,Chile,Chile,Chile,Chile,Americas,South America
1003194,319218,Kuhn,"[""Huhn""]",646.960094956,0.0,2025,WorldPop R2025A 2025 1km,1km-raster,74.87194868400005,-20.174258849926687,1159320551,Greenland,Denmark,Greenland,Greenland,Greenland,Americas,Northern America
1003197,319221,Fernandina,[],643.882318883,1.9965089853855487,2025,WorldPop R2025A 2025 1km,1km-raster,-0.38734190249996914,-91.51474709465117,1159320571,Galápagos Is.,Ecuador,Ecuador,Ecuador,Galapagos Islands,Americas,South America
1021993,0,,[],641.364153,0.0,2025,WorldPop R2025A 2025 1km,1km-raster,-72.95937699999996,-90.00951207857469,1159320337,Antarctica,Antarctica,Antarctica,Antarctica,Antarctica,Antarctica,Antarctica
1003192,319216,Boa Vista,[],638.632535156,15137.960235706512,2025,WorldPop R2025A 2025 1km,1km-raster,16.099525265500034,-22.80158809105802,1159320523,Cabo Verde,Cabo Verde,Cabo Verde,Cabo Verde,Cabo Verde,Africa,Western Africa
1003146,319170,Sangmissoq,"[""Sammisoq""]",637.220477286,0.0,2025,WorldPop R2025A 2025 1km,1km-raster,60.036828599000074,-43.63051200851035,1159320551,Greenland,Denmark,Greenland,Greenland,Greenland,Americas,Northern America
1003180,319204,Bahrain,"[""Bahrein""]",633.354525432,1322995.3536730674,2025,WorldPop R2025A 2025 1km,1km-raster,26.032132724000064,50.552752783497716,1159320413,Bahrain,Bahrain,Bahrain,Bahrain,Bahrain,Asia,Western Asia
1002487,337700,UNNAMED,[],633.073401293,106009.51595554546,2025,WorldPop R2025A 2025 1km,1km-raster,16.49306652550007,95.24735905438763,1159321067,Myanmar,Myanmar,Myanmar,Myanmar,Myanmar,Asia,South-Eastern Asia
1003190,319214,Londonderry,"[""Phillips""]",631.462003369,20.33972870399843,2025,WorldPop R2025A 2025 1km,1km-raster,-55.06180597399995,-70.94002537398757,1159320499,Chile,Chile,Chile,Chile,Chile,Americas,South America
1009202,325547,Salsette Island,[],631.395532648,4855559.011634802,2025,WorldPop R2025A 2025 1km,1km-raster,19.105456275500046,72.89287576685814,1159320855,India,India,India,India,India,Asia,Southern Asia
1003201,319225,Dirk Hartog,[],630.470480677,3.7308680378136128,2025,WorldPop R2025A 2025 1km,1km-raster,-25.82095806899997,113.05110641787662,1159320377,Australia,Australia,Australia,Australia,Australia,Oceania,Australia and New Zealand
1003232,319256,Singapore,[],629.336591841,5842647.285211444,2025,WorldPop R2025A 2025 1km,1km-raster,1.3459863055000483,103.83157935625161,1159321247,Singapore,Singapore,Singapore,Singapore,Singapore,Asia,South-Eastern Asia
1002442,337643,UNNAMED,[],628.146836379,70164.66289341856,2025,WorldPop R2025A 2025 1km,1km-raster,16.057899803000055,95.20317980564275,1159321067,Myanmar,Myanmar,Myanmar,Myanmar,Myanmar,Asia,South-Eastern Asia
1018897,337763,UNNAMED,[],628.123059055,853752.2782174051,2025,WorldPop R2025A 2025 1km,1km-raster,20.40159448700004,106.43480386252146,1159321417,Vietnam,Vietnam,Vietnam,Vietnam,Vietnam,Asia,South-Eastern Asia
1003203,319227,Islay,[],627.389827846,4518.004846409514,2025,WorldPop R2025A 2025 1km,1km-raster,55.75863073700006,-6.1651561280399285,1159320747,Scotland,United Kingdom,United Kingdom,Scotland,Scotland,Europe,Northern Europe
1002459,337666,UNNAMED,[],626.939123189,151290.8029206402,2025,WorldPop R2025A 2025 1km,1km-raster,16.302422031500043,95.79772601172508,1159321067,Myanmar,Myanmar,Myanmar,Myanmar,Myanmar,Asia,South-Eastern Asia
1006508,322713,Pulau Babar,"[""Babar""]",626.166052062,11793.865010184334,2025,WorldPop R2025A 2025 1km,1km-raster,-7.92040005399997,129.7329014077231,1159320845,Indonesia,Indonesia,Indonesia,Indonesia,Indonesia,Asia,South-Eastern Asia
1000119,322379,Ilha Japichaua,[],625.49683859,512.4200524414553,2025,WorldPop R2025A 2025 1km,1km-raster,-0.8751181814999711,-50.57302452676416,1159320441,Brazil,Brazil,Brazil,Brazil,Brazil,Americas,South America
1003198,319222,Prince Charles Foreland,"[""Prins Karls Forland"", ""Prins Karl Forland""]",625.114798382,0.0,2025,WorldPop R2025A 2025 1km,1km-raster,78.55106687750006,11.122747888642559,1159321119,Svalbard Is.,Norway,Norway,Svalbard,Svalbard,Europe,Northern Europe
1003332,319356,Merino Jarpa,[],623.42037225,7.147311112844621,2025,WorldPop R2025A 2025 1km,1km-raster,-47.87139639949996,-74.06680971334248,1159320499,Chile,Chile,Chile,Chile,Chile,Americas,South America
1010883,327290,Ostrov Markhayanovskiy,[],622.320359341,1.6312479879707098,2025,WorldPop R2025A 2025 1km,1km-raster,69.19834456900006,161.24873846664042,1159321205,Russia,Russia,Russia,Russia,Russia,Asia,Central Asia
1003186,319210,Alluttoq,[],621.501335734,0.0,2025,WorldPop R2025A 2025 1km,1km-raster,69.71625941250005,-51.17959115276935,1159320551,Greenland,Denmark,Greenland,Greenland,Greenland,Americas,Northern America
1003261,319285,Gordon,[],618.13594107,44.48700406337081,2025,WorldPop R2025A 2025 1km,1km-raster,-54.97550773599994,-69.51506245681145,1159320499,Chile,Chile,Chile,Chile,Chile,Americas,South America
1003211,319235,Tawitawi,"[""Tawi-Tawi""]",616.00115283,72540.98868357955,2025,WorldPop R2025A 2025 1km,1km-raster,5.1975595175000535,120.03427537218869,1159321169,Philippines,Philippines,Philippines,Philippines,Philippines,Asia,South-Eastern Asia
1003269,319293,Mornington,[],612.01669903,0.49984598997980356,2025,WorldPop R2025A 2025 1km,1km-raster,-49.732503929499956,-75.44669443329255,1159320499,Chile,Chile,Chile,Chile,Chile,Americas,South America
1001595,332981,Mackenzie Delta,[],608.957667418,7.139441044302735,2025,WorldPop R2025A 2025 1km,1km-raster,68.26691118950004,-133.9627449247664,1159320467,Canada,Canada,Canada,Canada,Canada,Americas,Northern America
1003215,319239,Hitra,[],605.381541521,3629.145595963961,2025,WorldPop R2025A 2025 1km,1km-raster,63.54271424600006,8.77880173554198,1159321117,Norway,Norway,Norway,Norway,Norway,Europe,Northern Europe
1003191,319215,Saint Lucia,"[""St. Lucia"", ""Sainte-Lucie""]",603.664703153,174883.59362736504,2025,WorldPop R2025A 2025 1km,1km-raster,13.908549119500037,-60.97807360181164,1159321019,Saint Lucia,Saint Lucia,Saint Lucia,Saint Lucia,Saint Lucia,Americas,Caribbean
1003175,319199,Buka,[],603.160024898,61640.09447328095,2025,WorldPop R2025A 2025 1km,1km-raster,-5.231115614499942,154.63138020099115,1159321175,Bougainville,Papua New Guinea,Papua New Guinea,Bougainville,Bougainville,Oceania,Melanesia
1003202,319226,Pagai Utara,"[""North Pagai (Pagai Utara)""]",602.284037771,13626.803175741003,2025,WorldPop R2025A 2025 1km,1km-raster,-2.677636877499964,100.09901996385202,1159320845,Indonesia,Indonesia,Indonesia,Indonesia,Indonesia,Asia,South-Eastern Asia
1010253,326646,Awaji Shima,[],596.69290783,121135.91765812978,2025,WorldPop R2025A 2025 1km,1km-raster,34.40116125800006,134.8333707777017,1159320955,Japan,Japan,Japan,Japan,Japan,Asia,Eastern Asia
1003208,319232,Sipura,"[""Pulau Sipura""]",596.460364266,25334.383984962667,2025,WorldPop R2025A 2025 1km,1km-raster,-2.2151532779999457,99.65138527668606,1159320845,Indonesia,Indonesia,Indonesia,Indonesia,Indonesia,Asia,South-Eastern Asia
1003213,319237,North Kent,[],595.714721174,0.0,2025,WorldPop R2025A 2025 1km,1km-raster,76.65623975300005,-90.1420552353047,1159320467,Canada,Canada,Canada,Canada,Canada,Americas,Northern America
1003206,319230,MacKlintock,"[""Mak-Klintoka""]",593.865722229,0.0,2025,WorldPop R2025A 2025 1km,1km-raster,80.20237316450005,56.659713902592834,1159321209,Russia,Russia,Russia,Russia,Russia,Europe,Eastern Europe
1010893,327303,Ostrov Sobo-Sise,[],592.892562385,0.0,2025,WorldPop R2025A 2025 1km,1km-raster,72.46372529100006,128.15226324054692,1159321205,Russia,Russia,Russia,Russia,Russia,Asia,Central Asia
1003199,319223,Corfu,"[""Kerkira""]",592.819607656,89349.37436243208,2025,WorldPop R2025A 2025 1km,1km-raster,39.59164424100007,19.859077300922422,1159320811,Greece,Greece,Greece,Greece,Greece,Europe,Southern Europe
1003210,319234,Hendrik,[],591.50041015,0.0,2025,WorldPop R2025A 2025 1km,1km-raster,82.09647723850006,-53.48991451634455,1159320551,Greenland,Denmark,Greenland,Greenland,Greenland,Americas,Northern America
