{"type":"FeatureCollection","crs":{"type":"name","properties":{"name":"urn:ogc:def:crs:OGC:1.3:CRS84"}},"features":[{"type":"Feature","properties":{"shapeName":"Michigan","shapeISO":"US-MI","shapeID":"66186276B37442548568489","shapeGroup":"USA","shapeType":"ADM1"},"geometry":{"type":"MultiPolygon","coordinates":[[[[-83.19159543099994,42.035377115000074],[-83.19100142999997,42.03343611500003],[-83.18921842999998,42.033347115000026],[-83.18993142999994,42.03599511500005],[-83.19159543099994,42.035377115000074]]],[[[-83.21737573699994,45.05407063000007],[-83.21321673499995,45.052391630000045],[-83.20716773199996,45.04558562900007],[-83.20751173199994,45.04248462800007],[-83.20513473099999,45.03920962800004],[-83.19724072799994,45.034414628000036],[-83.18956672599995,45.03383462800008],[-83.20962773399998,45.053122630000075],[-83.21737573699994,45.05407063000007]]],[[[-83.23199273999995,45.04785762800003],[-83.23139873999997,45.041980627000044],[-83.22735873799996,45.03962862700007],[-83.21654373499996,45.04088862800006],[-83.21511773499998,45.04315562800008],[-83.21808873599997,45.04953762900004],[-83.22296073799998,45.05071262900003],[-83.22854673899997,45.04760562800004],[-83.23199273999995,45.04785762800003]]],[[[-83.23401374199995,45.056001629000036],[-83.23436974199996,45.05407062900008],[-83.22379273899998,45.056589630000076],[-83.22581373999998,45.05742863000006],[-83.23401374199995,45.056001629000036]]],[[[-83.32603975299998,44.89033859700004],[-83.32267675199995,44.88936059700006],[-83.32433975299995,44.89112959700003],[-83.32603975299998,44.89033859700004]]],[[[-83.33035475699995,44.91186860000005],[-83.32659775499997,44.910574600000075],[-83.32612275499997,44.91284660100007],[-83.33035475699995,44.91186860000005]]],[[[-83.33654778899995,45.19182464600004],[-83.33868978999999,45.190409645000045],[-83.32433878499995,45.18612464500006],[-83.31914078299997,45.18898064600006],[-83.32138078499997,45.194116647000044],[-83.32989078799994,45.19774364700004],[-83.33546478899996,45.19771564700005],[-83.33654778899995,45.19182464600004]]],[[[-83.42345279399996,44.98837260800008],[-83.42166979299998,44.98660760800004],[-83.41643879199995,44.98682460800006],[-83.41513379099996,44.98501060800004],[-83.41144978999995,44.98601960800005],[-83.41299479099996,44.990557609000064],[-83.41786679299997,44.99249060900007],[-83.42345279399996,44.98837260800008]]],[[[-83.43618334099995,43.88407588300004],[-83.42998867999995,43.87722142300004],[-83.41988767599997,43.87533642300008],[-83.41430967399998,43.86975042200004],[-83.41405167499994,43.877034423000055],[-83.42334267799998,43.881964424000046],[-83.42749967999998,43.88236142400007],[-83.42976667999994,43.88460142400004],[-83.43261468099996,43.88528142400003],[-83.43618334099995,43.88407588300004]]],[[[-83.43997180499997,45.03701661500003],[-83.43842680399996,45.03449761400003],[-83.43749980399997,45.035542615000054],[-83.43997180499997,45.03701661500003]]],[[[-83.44122569999996,44.03805844900006],[-83.44009069899994,44.032365448000064],[-83.44146369899994,44.02782044700007],[-83.43598169599994,44.02320044700008],[-83.43503169699994,44.02701744800004],[-83.42726969399996,44.02870944800003],[-83.42742769499995,44.03085744900005],[-83.42847269499998,44.03270944900004],[-83.44122569999996,44.03805844900006]]],[[[-83.47102970499998,44.00256044200006],[-83.47027570499995,44.001523442000064],[-83.46327070299998,44.00138044200003],[-83.466413704,44.003706442000066],[-83.47102970499998,44.00256044200006]]],[[[-83.48237868399997,43.75912240000008],[-83.48085168299997,43.757601400000055],[-83.47137067999995,43.75619840000007],[-83.46492767899997,43.757515401000035],[-83.46100567799994,43.76051940100007],[-83.47110768099998,43.75974740100003],[-83.47336568199995,43.76249340100003],[-83.48052168399994,43.761158400000056],[-83.48237868399997,43.75912240000008]]],[[[-83.49579268999997,43.77219640100003],[-83.49597868999996,43.770686401000034],[-83.48477368599998,43.76549740100006],[-83.48631868599995,43.76764340100004],[-83.49579268999997,43.77219640100003]]],[[[-83.69641200099994,46.05848476400007],[-83.695699,46.05493876400004],[-83.69153999899999,46.05559776400003],[-83.69082699899997,46.06128876500003],[-83.693917,46.06194776500007],[-83.69641200099994,46.05848476400007]]],[[[-83.70508800399995,46.06516376500008],[-83.70199800299997,46.06128876500003],[-83.69985900299997,46.06442176500008],[-83.70069100299997,46.06837976600008],[-83.70508800399995,46.06516376500008]]],[[[-83.71007900499995,46.05262876300003],[-83.70900900399994,46.04924776200005],[-83.70140400099996,46.04891776300008],[-83.70176000199996,46.05312376300003],[-83.71007900499995,46.05262876300003]]],[[[-83.72802400899997,46.046443761000035],[-83.72838000899998,46.04446376000004],[-83.72041800699998,46.04405076100005],[-83.71863500699999,46.046607761000075],[-83.72041800799997,46.05081476200007],[-83.72267600799995,46.05081476200007],[-83.72802400899997,46.046443761000035]]],[[[-83.72885600899997,46.040751760000035],[-83.72838000899998,46.03802975900004],[-83.72517200799996,46.03745175900008],[-83.72552800799997,46.04058676000005],[-83.72885600899997,46.040751760000035]]],[[[-83.73444100999995,46.03687475900006],[-83.73349000999997,46.035884759000055],[-83.73265900999996,46.03827675900004],[-83.73444100999995,46.03687475900006]]],[[[-83.76866700899996,45.93547374100007],[-83.76855700899995,45.93176174000007],[-83.76630100899996,45.93512474100004],[-83.76807300899998,45.93778774100008],[-83.76866700899996,45.93547374100007]]],[[[-83.77140002799996,46.090966765000076],[-83.76652802599995,46.08626876500006],[-83.76247002499997,46.08632676500008],[-83.76165602499998,46.08890576600004],[-83.76510202699995,46.09220276600007],[-83.77140002799996,46.090966765000076]]],[[[-83.77401502499998,46.05147475900003],[-83.77128202299997,46.044050758000026],[-83.76902402199994,46.04504075800003],[-83.76973702299995,46.05073275900003],[-83.76807302299994,46.050649759000066],[-83.76236901999994,46.04479375900007],[-83.75999201899998,46.03835975800007],[-83.75702101799999,46.03654475800005],[-83.74723101399996,46.03478675800005],[-83.74489901399994,46.036379758000066],[-83.74585001399998,46.040503759000046],[-83.73978901299995,46.045948760000044],[-83.73617601199999,46.04654076000003],[-83.73432201199995,46.05073276100006],[-83.73491701299997,46.05361876100005],[-83.74656301699997,46.05642276100008],[-83.750960019,46.06475176200007],[-83.75226701899999,46.06417476200005],[-83.75476301999998,46.066153762000056],[-83.75785302099996,46.06433976200003],[-83.76165602199995,46.06541176200005],[-83.76914202299997,46.05444376000003],[-83.77045002399996,46.05551576000005],[-83.77235102399999,46.05452575900006],[-83.77401502499998,46.05147475900003]]],[[[-83.77425302599994,46.06648276100003],[-83.77401502599997,46.06433976100004],[-83.77235102599997,46.06425676100008],[-83.77009302499994,46.068709762000026],[-83.77425302599994,46.06648276100003]]],[[[-83.78423503099998,46.08132276300006],[-83.78257103099997,46.080333763000056],[-83.78126403099998,46.085031764000064],[-83.78423503099998,46.08132276300006]]],[[[-83.79196002499998,46.00856975100004],[-83.79196002499998,46.007249751000074],[-83.78970202399995,46.007249751000074],[-83.79041502499996,46.009230751000075],[-83.79196002499998,46.00856975100004]]],[[[-83.79362302899995,46.03621475500006],[-83.79374202899999,46.03481175500008],[-83.79160302799994,46.03439975500004],[-83.79077102799994,46.038441756000054],[-83.79362302899995,46.03621475500006]]],[[[-83.79885203299995,46.05873175900007],[-83.79825803299997,46.056092758000034],[-83.79623803199996,46.05650575800007],[-83.797664033,46.061040759000036],[-83.79885203299995,46.05873175900007]]],[[[-83.81323203999995,46.07456276000005],[-83.81311303999996,46.073243760000025],[-83.81061803899996,46.074068760000046],[-83.80942903899995,46.07802576100005],[-83.81323203999995,46.07456276000005]]],[[[-83.82511603799998,46.02920175300005],[-83.82392803799996,46.02680875200008],[-83.82285803799994,46.030851753000036],[-83.82511603799998,46.02920175300005]]],[[[-83.82784904199997,46.056587757000045],[-83.82737404199997,46.05510375600005],[-83.82582904199995,46.05823675700003],[-83.82784904199997,46.056587757000045]]],[[[-83.82761204799993,46.10176176400006],[-83.82749304699996,46.09961976300008],[-83.81929304399995,46.09739476400006],[-83.82036204399998,46.092037763000064],[-83.81893604399994,46.091955763000044],[-83.81846104399995,46.094345763000035],[-83.81465804199996,46.09319176300005],[-83.81240004299997,46.10011376400007],[-83.80538903999997,46.10085576500006],[-83.80206103899997,46.099454765000075],[-83.80313103899994,46.092532764000055],[-83.79695103699999,46.09170876400003],[-83.79481203599994,46.09541676500004],[-83.78946403499998,46.09451076500005],[-83.78245203199998,46.090636765000056],[-83.77817402999995,46.08997776500007],[-83.77651102999994,46.09203776500004],[-83.78067003199999,46.09459276500007],[-83.77983803199999,46.09854876600008],[-83.78340303299996,46.09797176600006],[-83.79077103599997,46.10250376600004],[-83.79255403599996,46.101926766000076],[-83.79362303699997,46.105387766000035],[-83.79196003699997,46.10703576700007],[-83.79350503699999,46.107364767000035],[-83.80729004199998,46.105469766000056],[-83.81489604399997,46.10893076600007],[-83.81715404499994,46.10612976500005],[-83.81703504399997,46.10217376400004],[-83.81929304499994,46.10192676400004],[-83.82143204599998,46.105057765000026],[-83.82761204799993,46.10176176400006]]],[[[-83.83209478299995,43.66629136600005],[-83.82844978199995,43.66383736500006],[-83.82390978099994,43.66658036600006],[-83.81859677899996,43.665461366000045],[-83.81630177899996,43.671217367000054],[-83.81789877899996,43.673797368000066],[-83.82227878099997,43.67540136800005],[-83.82707778199995,43.67439236700005],[-83.83131878299997,43.67009836600005],[-83.83209478299995,43.66629136600005]]],[[[-83.83735704399999,46.04537075400003],[-83.83652504299994,46.042978754000046],[-83.83581204399997,46.04561875400003],[-83.83735704399999,46.04537075400003]]],[[[-83.85066705099996,46.066977757000075],[-83.84555604899998,46.063679757000045],[-83.84234804799996,46.064174757000046],[-83.84187204799997,46.06945175800007],[-83.84520004899997,46.07027575800004],[-83.84757705099997,46.07373875800005],[-83.85019105099997,46.07159475800006],[-83.85066705099996,46.066977757000075]]],[[[-83.85625205499997,46.08478475900006],[-83.85423205299998,46.08000375900008],[-83.85019105199996,46.078684759000055],[-83.85102305299995,46.08173475900003],[-83.85625205499997,46.08478475900006]]],[[[-83.85733405199994,46.05781475500004],[-83.85506405099994,46.05353675500004],[-83.84781404799998,46.052216755000074],[-83.84716204799997,46.05525075500003],[-83.85256804999995,46.05889675600008],[-83.85733405199994,46.05781475500004]]],[[[-83.86908705799993,46.078107758000044],[-83.86718505699997,46.07291375700004],[-83.85934205399997,46.06936875700006],[-83.85565805299996,46.07274975800004],[-83.85328105199994,46.07274975800004],[-83.85292505299998,46.076541758000076],[-83.85851005399996,46.076541758000076],[-83.86255105599997,46.08041575800007],[-83.86623505699998,46.080992758000036],[-83.86908705799993,46.078107758000044]]],[[[-83.88132705899994,46.05592775400004],[-83.87918805799995,46.054195753000045],[-83.87871305899995,46.05798975400006],[-83.88132705899994,46.05592775400004]]],[[[-83.88287204999995,45.97546174100006],[-83.88382305,45.972653740000055],[-83.88180304899998,45.97157974000004],[-83.88358504999997,45.96934974000004],[-83.88002004799995,45.96612773900006],[-83.88190404899996,45.96411273900003],[-83.87842704799993,45.96604674000008],[-83.87229504599998,45.96447574000007],[-83.86754204399995,45.961832739000045],[-83.86665704299998,45.959501739000075],[-83.86486604299995,45.95947373900003],[-83.86088704199994,45.96373274000007],[-83.853992039,45.95972574000007],[-83.85007203799995,45.960675740000056],[-83.84912203799996,45.96282374100008],[-83.84377403599996,45.95786774000004],[-83.84613503599996,45.95242873900003],[-83.83842603399995,45.95414974000005],[-83.83628703299996,45.95324074000007],[-83.83640603299995,45.95051373900003],[-83.83058303099995,45.94919174000006],[-83.82951302999999,45.94522573900008],[-83.83343503099996,45.94398573900003],[-83.83782203199996,45.93963473800005],[-83.83652903099994,45.93818673700008],[-83.83095802899999,45.93734973800008],[-83.82927502899997,45.940349738000066],[-83.82380902799997,45.94258073900005],[-83.82297702799997,45.94522573900008],[-83.82547302899997,45.94629973900004],[-83.82321502899998,45.95249674000007],[-83.82167002799997,45.95423174100006],[-83.81786702699998,45.95423174100006],[-83.81608402599994,45.95010074100003],[-83.80333402099996,45.94337174000003],[-83.80254802099995,45.941384740000046],[-83.80455702099994,45.939936740000064],[-83.80198401999996,45.93661973900004],[-83.79336801699998,45.93774474000003],[-83.79282001699994,45.93406573900006],[-83.78822501599996,45.93490774000003],[-83.78617301499997,45.93293274000007],[-83.77841201299998,45.940101741000035],[-83.77603501299996,45.949852743000065],[-83.77161301199999,45.94997074300005],[-83.76890501199995,45.95390174400006],[-83.76557701099995,45.95472774400008],[-83.75702100799998,45.95464474500005],[-83.75642700699996,45.94869574400008],[-83.75096000499997,45.94167174300003],[-83.74121300099995,45.93730374300003],[-83.736224,45.93985374300007],[-83.736105,45.941341744000056],[-83.73299099799993,45.937649743000065],[-83.731707998,45.938366743000074],[-83.72968799799997,45.94588674500005],[-83.72707299799998,45.94671274500007],[-83.72386399599998,45.944481745000076],[-83.71943399399998,45.93408674300008],[-83.71567299199995,45.93011674300004],[-83.71209899199994,45.93596974400003],[-83.70849298999997,45.934013744000026],[-83.70568198899997,45.934223744000064],[-83.69914598799994,45.94233374600003],[-83.68769598399996,45.93539874500004],[-83.67462197999998,45.94103374700006],[-83.66591797799998,45.94169074800004],[-83.65766597499999,45.94546974900004],[-83.65291597399994,45.94268774900007],[-83.64447897199994,45.947786750000034],[-83.64245897099994,45.94720875000007],[-83.63936896899997,45.939523749000045],[-83.63497196799995,45.94406875000004],[-83.63188196699997,45.94382075000004],[-83.63283296799995,45.94877875100008],[-83.63818096999995,45.95257975100003],[-83.63829996999993,45.954810751000025],[-83.63580396999998,45.95695875200005],[-83.63021896799995,45.95704075200007],[-83.62724796699996,45.95530575200007],[-83.62546496599998,45.95100975100007],[-83.62296896499998,45.950265751000074],[-83.62059296399997,45.94456475100003],[-83.63200096599996,45.93745774900003],[-83.63097196499996,45.929009748000055],[-83.62415796299996,45.93225074900005],[-83.61940396199998,45.930927749000034],[-83.61655196099997,45.933489749000046],[-83.61583896199994,45.93993675000007],[-83.61060995999998,45.938944750000076],[-83.60918395999994,45.94092875100006],[-83.60645095899997,45.94068075100006],[-83.60419295799994,45.93877975100003],[-83.60846795799995,45.92608474800005],[-83.58227794799996,45.91569374800008],[-83.58125694799998,45.92001574900007],[-83.57662194699998,45.92117374900005],[-83.57471994599996,45.919850749000034],[-83.57210594499998,45.92026375000006],[-83.57010494399998,45.91395374900003],[-83.56184094099996,45.91257174900005],[-83.56259894199997,45.91489074900005],[-83.56651994299995,45.91538674900005],[-83.56758994399996,45.92257875000007],[-83.56200494199999,45.92208275000007],[-83.55356693899995,45.91827975000007],[-83.55249693899998,45.91505575000008],[-83.55027193799998,45.91439875000003],[-83.54974893799994,45.91760075000008],[-83.54096993599995,45.92009875100007],[-83.54489193699999,45.92439775200006],[-83.54322793699998,45.928695753000056],[-83.53954393599997,45.92803475300008],[-83.53728593499994,45.92282675200005],[-83.52831693099995,45.91777775200006],[-83.51582892799996,45.92362575300007],[-83.51011592699996,45.931735755000034],[-83.51288692799994,45.93176775500007],[-83.51332492899996,45.93681775600004],[-83.50481392599994,45.94116375700003],[-83.50405892699996,45.94635775800003],[-83.49973492599997,45.947174758000074],[-83.49827592499997,45.949564758000065],[-83.49978692699995,45.95994576000004],[-83.49135392499994,45.96805676200006],[-83.48177092299994,45.97188276300005],[-83.47322592099994,45.98442976500007],[-83.47395092199997,45.98856876600007],[-83.48064192499999,45.99617076700008],[-83.48835492799998,45.99955076700007],[-83.49484792999993,45.99955076600003],[-83.49462192999994,45.99767376600005],[-83.50068293099997,45.99478476500008],[-83.50638693299999,45.99519676500006],[-83.51934893899994,46.00870776700003],[-83.53181894299996,46.00642376500008],[-83.53443394399994,46.00766276600007],[-83.533604944,46.01367176700006],[-83.54194094699994,46.01850976700007],[-83.54085294699996,46.02125676700007],[-83.54336994999994,46.03720577000007],[-83.54720795199995,46.047875771000065],[-83.55030695299996,46.04942277100008],[-83.55406695599999,46.058892773000025],[-83.56535795999997,46.061905772000046],[-83.56699596099998,46.06730777300004],[-83.57257596299996,46.06990577300007],[-83.57264396399995,46.074929774000054],[-83.57566596499998,46.078973774000076],[-83.57430996499994,46.080017775000044],[-83.58131896799995,46.08962377600005],[-83.58673696999995,46.09113877600004],[-83.59266497099998,46.088576775000035],[-83.59622997299994,46.08931777500004],[-83.61534597999997,46.09598677500003],[-83.62962398499997,46.10357477500003],[-83.64931299099999,46.10362277400003],[-83.65203999199997,46.10142577400006],[-83.65533399299994,46.10244277400005],[-83.66116799499997,46.100266773000044],[-83.70011600699996,46.10387577100005],[-83.70386200799999,46.10337577100006],[-83.70478700899997,46.101253771000074],[-83.71979301299996,46.101040770000054],[-83.72330201399996,46.09381976800006],[-83.72921201499997,46.091543768000065],[-83.72865801499995,46.090170768000064],[-83.73218301599996,46.08692776700008],[-83.72232101199995,46.08259576700004],[-83.72148801099996,46.08074576700005],[-83.71951801099993,46.081334767000044],[-83.69988800399994,46.07538376700006],[-83.67739799699996,46.07299676800005],[-83.67502099499995,46.06755476700005],[-83.67751699499996,46.063349766000044],[-83.67181299299995,46.060628766000036],[-83.67074299299998,46.05831976600007],[-83.67169399299996,46.05493876500003],[-83.67894299499994,46.05180476400005],[-83.68644399699997,46.050869764000026],[-83.69046999799997,46.05361876400008],[-83.69355999899994,46.04619576300007],[-83.68488499499995,46.04058676200003],[-83.68607299499996,46.037451762000046],[-83.68880699599998,46.035636761000035],[-83.69272799699996,46.035636761000035],[-83.70520700099996,46.03745176100006],[-83.70687000199996,46.03885376100004],[-83.70912800299999,46.03827676100008],[-83.71178200399999,46.04028776100006],[-83.72784200799998,46.03493275900007],[-83.73242100899995,46.02730375700003],[-83.73812500999998,46.02400275700006],[-83.74323501199996,46.024332756000035],[-83.74525601199997,46.02268275600005],[-83.74882101299994,46.02301275600007],[-83.74817601299998,46.02506675600006],[-83.75309901499998,46.02441575600005],[-83.75559501599997,46.025735756000074],[-83.75571401599996,46.02804675600004],[-83.76272501799997,46.024910755000064],[-83.76581501899994,46.02639575500007],[-83.76527901799994,46.01837275400004],[-83.77033101899997,46.01459575300004],[-83.77223202,46.01624575300008],[-83.77354001999998,46.01038575200005],[-83.77734202099998,46.01335775300004],[-83.78067002199998,46.01302675200003],[-83.77865002099998,46.01005575200003],[-83.77425301999995,46.008487752000065],[-83.77644101999994,46.00421275100007],[-83.77916702099998,46.00303675100008],[-83.77900601999994,45.999820750000026],[-83.78387902199995,45.998251750000065],[-83.78839402299997,46.00180175000003],[-83.78910802299998,45.998746750000066],[-83.79405702399998,45.99580874900005],[-83.79588102399998,45.98867474800005],[-83.80087302599998,45.987270747000025],[-83.79909002499994,45.98603174700003],[-83.80099202499997,45.984710747000065],[-83.80610202699995,45.98388474600006],[-83.81192502899995,45.98850974700008],[-83.81560902999996,45.987765747000026],[-83.81727303199995,45.99313274700006],[-83.81929303199996,45.99412374700006],[-83.82107503299994,45.99214274700006],[-83.82499703399998,45.99205974700004],[-83.82642303499995,45.99395874700008],[-83.81656003199998,46.00064574800007],[-83.81715403299995,46.00303974900004],[-83.82404603399993,45.99750874800003],[-83.82915703599997,45.99593974700008],[-83.83010703599996,45.99693074700008],[-83.82416503499996,46.00171874800003],[-83.82915703599997,46.00336974800007],[-83.82844403699994,46.00716674900008],[-83.83367203799997,46.00733174900006],[-83.83462303899995,46.00873574900004],[-83.82511603699999,46.01624575000005],[-83.83034503899995,46.02400275100007],[-83.83184703999996,46.022705751000046],[-83.84508104399998,46.026560751000034],[-83.86053004699994,46.00774474700006],[-83.86469004799994,46.00790974700004],[-83.86635304899994,46.00964274700004],[-83.86730404899998,46.00477274600007],[-83.87110704899999,46.00105874500008],[-83.87039404899997,45.99825174500006],[-83.86719504799999,45.99648174500004],[-83.87811904999995,45.98908774300003],[-83.88013204999999,45.98371774200007],[-83.87788104899994,45.97826974100008],[-83.88287204999995,45.97546174100006]]],[[[-83.88524906199996,46.069286755000064],[-83.88406106099995,46.06483375500005],[-83.88061405999997,46.063184755000066],[-83.87681105899998,46.06483375500005],[-83.87954506099999,46.072419756000045],[-83.88524906199996,46.069286755000064]]],[[[-83.89998506099994,46.01781374600006],[-83.90093606099998,46.01624574600004],[-83.89867805999995,46.01550274600004],[-83.89713305999999,46.01830874700005],[-83.89998506099994,46.01781374600006]]],[[[-83.98757009699995,46.09286175300008],[-83.98614409599998,46.089400753000064],[-83.98364809499998,46.08865875300006],[-83.98483709599998,46.09220275300004],[-83.98757009699995,46.09286175300008]]],[[[-83.99066009899997,46.10250375500004],[-83.99113509899996,46.100855754000065],[-83.98768909799998,46.098300754000036],[-83.98970909899998,46.10316275500003],[-83.99066009899997,46.10250375500004]]],[[[-84.01169510499994,46.091543752000064],[-84.01263910399996,46.087288751000074],[-84.00123709999997,46.079096750000076],[-83.97345508899997,46.06529375000008],[-83.97364408999994,46.067569750000075],[-83.97639909099996,46.06903875000006],[-83.97651809199994,46.07538775100005],[-83.98044009299997,46.07678875100004],[-83.98590609599995,46.084454752000056],[-83.98745109599997,46.084125752000034],[-83.98970909699995,46.086845752000045],[-83.98911509699997,46.08948275300003],[-83.99113509799997,46.089647753000065],[-83.99529509999996,46.09483975300003],[-84.00183110199998,46.09459275300003],[-84.00576510299999,46.097599753000054],[-84.00575310299996,46.093768752000074],[-84.01169510499994,46.091543752000064]]],[[[-84.02322210999995,46.10934275400007],[-84.02037010899994,46.10769475400008],[-84.02072610999994,46.10983675400007],[-84.02322210999995,46.10934275400007]]],[[[-84.17141516999999,46.21905876200003],[-84.16927616899994,46.21568776200007],[-84.16511716799994,46.21428976200008],[-84.16452316799996,46.215522762000035],[-84.16868216899996,46.218729763000056],[-84.17141516999999,46.21905876200003]]],[[[-84.20245614999999,45.96921772200005],[-84.20031414899995,45.96662172100008],[-84.19794014899998,45.968473722000056],[-84.20233815099994,45.97111772200003],[-84.20245614999999,45.96921772200005]]],[[[-84.43368521799994,45.92621070100006],[-84.42838021499995,45.91674070000005],[-84.42713421499997,45.920497701000045],[-84.43336521799995,45.92736570200003],[-84.43368521799994,45.92621070100006]]],[[[-84.44334122699996,45.97803570900004],[-84.43627022399994,45.97175870800004],[-84.43686722499996,45.974621709000075],[-84.44334122699996,45.97803570900004]]],[[[-84.51694230699997,46.442704777000074],[-84.51406830599996,46.44172277700005],[-84.51538930599997,46.44358877700006],[-84.51694230699997,46.442704777000074]]],[[[-84.58269726899994,45.96312869900004],[-84.58085726799999,45.95880069800006],[-84.56795526399998,45.95249269800007],[-84.56239526199994,45.95685269900008],[-84.56191426299995,45.963477700000055],[-84.56393826399994,45.966416700000025],[-84.57269526699997,45.968746700000054],[-84.57496026799998,45.97066270000005],[-84.58269726899994,45.96312869900004]]],[[[-84.59024525399997,45.81280967500004],[-84.58846025299994,45.807457674000034],[-84.58183524999998,45.80252067300006],[-84.56226824299995,45.796518674000026],[-84.54995623899998,45.79008167300003],[-84.52621822799995,45.76602867100007],[-84.52524522799996,45.76169967000004],[-84.50868722099995,45.75401867000005],[-84.50712421999998,45.74510066900007],[-84.50079021699997,45.73723566800004],[-84.48142620999994,45.73006066800008],[-84.47447720799994,45.73266366900003],[-84.46559520499994,45.73135966900003],[-84.45149219999996,45.72648366900006],[-84.44960419999995,45.72807566900008],[-84.44518719799999,45.72727466900005],[-84.43621719599997,45.728773670000066],[-84.41963218899997,45.720102670000074],[-84.41737718899998,45.72230467000003],[-84.41471418799995,45.72180367000004],[-84.41185618699996,45.72353667100003],[-84.40572218499995,45.722267671000054],[-84.39359118199997,45.72808167200003],[-84.39530818299994,45.73387367300006],[-84.39023718199996,45.73753967400006],[-84.39116618299994,45.73941267400005],[-84.38641218199996,45.741320675000054],[-84.38349517999995,45.739443675000075],[-84.37901817899996,45.74065867500008],[-84.38142117999996,45.743061676000025],[-84.38047017999997,45.74397467600005],[-84.37174617699998,45.74552567600006],[-84.36911317699997,45.74900167700008],[-84.37058817799993,45.75596167800006],[-84.36625917699996,45.758346679000056],[-84.36471217699994,45.76247268000003],[-84.35595017499998,45.77069968100005],[-84.35648317599998,45.77230368200003],[-84.37339618199996,45.77636068100003],[-84.39157018799995,45.78390468100008],[-84.39961819099994,45.78283668100005],[-84.40434019199995,45.78525868100007],[-84.42033119999996,45.81132568400005],[-84.42744920299998,45.81134168400007],[-84.42141019999997,45.80573168300003],[-84.42132619899996,45.792709681000076],[-84.4286962,45.78746668000008],[-84.43372920199994,45.786718679000046],[-84.44555920599998,45.791453680000075],[-84.47435521599994,45.79869367900005],[-84.50614322699994,45.81092367900004],[-84.52484123299996,45.80806967800004],[-84.53242923499994,45.808949677000044],[-84.53805323699999,45.80786367700006],[-84.57373424999997,45.81945067700008],[-84.57939025099995,45.81985867600008],[-84.58630125299999,45.81624667500006],[-84.58905525399996,45.81638067500006],[-84.59024525399997,45.81280967500004]]],[[[-84.61493126499994,45.83661767700005],[-84.60813626099997,45.82843467600003],[-84.61007226199996,45.82679467600008],[-84.59057925499997,45.82162967600004],[-84.58905525499995,45.82768367700004],[-84.59093625599996,45.82668167700007],[-84.60056225999995,45.83418967700004],[-84.61185126299995,45.83504467700004],[-84.61493126499994,45.83661767700005]]],[[[-84.641625289,45.972909697000034],[-84.63615028599997,45.96525269600005],[-84.64033228699998,45.96100169500005],[-84.64018428699995,45.95837769500008],[-84.63158028399994,45.95535869500003],[-84.61942227999998,45.95836469600005],[-84.61067527899996,45.96555169700008],[-84.61197127899999,45.967170698000075],[-84.60878827799996,45.967479698000034],[-84.62970028599995,45.97946869800006],[-84.63582728799997,45.98088369800007],[-84.63986828899993,45.978353698000035],[-84.63925228899996,45.974379697000074],[-84.641625289,45.972909697000034]]],[[[-84.65151727899996,45.86277867900003],[-84.65092227899999,45.85980667800004],[-84.63970027399995,45.852626678000036],[-84.63038627099996,45.850408678000065],[-84.61979426699997,45.84555667800004],[-84.61541726599995,45.849863679000066],[-84.60666426299997,45.84855667900007],[-84.60214726199996,45.852070680000054],[-84.62252727199996,45.87752668300004],[-84.62912127399994,45.88222868300005],[-84.64181127899997,45.88547568300004],[-84.64622627999995,45.88522468300005],[-84.64556627899998,45.87467668100004],[-84.65151727899996,45.86277867900003]]],[[[-84.68377136499998,46.49175977500005],[-84.68190736499997,46.49104577500003],[-84.67906236399995,46.49342977500004],[-84.68222736499996,46.493490775000055],[-84.68377136499998,46.49175977500005]]],[[[-84.75140130699998,45.83625366900003],[-84.75105430699995,45.83471866900004],[-84.74806230599995,45.83439566900006],[-84.74409630499997,45.83664166900007],[-84.74479230599997,45.83877467000008],[-84.74655430599995,45.83636666900003],[-84.75140130699998,45.83625366900003]]],[[[-84.88039235099995,45.86532866600004],[-84.87999035099995,45.86122366500007],[-84.86483234499997,45.854042665000065],[-84.86190834399997,45.85665166600006],[-84.86313934499998,45.86106866600005],[-84.86829334699996,45.861535666000066],[-84.86923934799995,45.86443766600007],[-84.87384934899995,45.86672066700004],[-84.878329351,45.867295666000075],[-84.88039235099995,45.86532866600004]]],[[[-85.07657135399995,45.765755256000034],[-85.07456839999998,45.76219063800005],[-85.05690739399995,45.75939763900004],[-85.05536639399998,45.761179639000034],[-85.03860538799995,45.76105664000005],[-85.03439138699997,45.75869564000004],[-85.02295338299996,45.75757064100003],[-85.01505438099997,45.76428964200005],[-85.02529538499994,45.76592264200008],[-85.03057338699995,45.769064642000046],[-85.04552639099995,45.76753564100005],[-85.04984039299995,45.76961464100003],[-85.04984539199995,45.76698864100007],[-85.05529839399998,45.76518764000008],[-85.05814839499999,45.76482964000007],[-85.06185939599999,45.76721864000007],[-85.07657135399995,45.765755256000034]]],[[[-85.20477947399996,46.044420675000026],[-85.20143247299995,46.04309467500008],[-85.199549473,46.04423067500005],[-85.20477947399996,46.044420675000026]]],[[[-85.30178647699995,45.81675663400006],[-85.29921447599997,45.81455263300006],[-85.29875047599995,45.81749763400006],[-85.30080747699998,45.81795563400004],[-85.30178647699995,45.81675663400006]]],[[[-85.425097511,45.78088462100004],[-85.40752450499997,45.77738362100007],[-85.39962650299998,45.77730862200008],[-85.38947249899996,45.77275962200008],[-85.37534549399999,45.76884562200007],[-85.37055649299998,45.77059262200004],[-85.36374549199996,45.77660462400007],[-85.35542748899996,45.77863262400007],[-85.35834349099997,45.78194962500004],[-85.35804049199999,45.79060962600005],[-85.35578249099996,45.79193562700004],[-85.35388148999994,45.79110762700003],[-85.34975348999996,45.79534162700003],[-85.34366148699996,45.793427628000074],[-85.33963848599996,45.79405362800003],[-85.35001848999997,45.79641662800003],[-85.35082249099997,45.80163362800005],[-85.34918648999997,45.80337362900008],[-85.35284649199997,45.80555262900003],[-85.36095949599996,45.817562630000054],[-85.36869249799997,45.81849663000003],[-85.37934850099998,45.81345962900008],[-85.37016249799996,45.809499628000026],[-85.36897349699996,45.80767762800008],[-85.37230149799996,45.804778628000065],[-85.37842949999998,45.805695627000034],[-85.37611049699996,45.791286625000055],[-85.37904149799994,45.78995962500005],[-85.37800549699995,45.78828962500006],[-85.38530049899998,45.78490262400004],[-85.38516949899997,45.78297762300008],[-85.38929549999995,45.780499623000026],[-85.39389750099997,45.780424623000044],[-85.39426950099994,45.77853862200004],[-85.39666350199997,45.77801362200006],[-85.425097511,45.78088462100004]]],[[[-85.53397554799994,45.800276617000065],[-85.53201854699995,45.79818061700007],[-85.50849153899998,45.79541561800005],[-85.49577653499995,45.79152161800005],[-85.49613253399997,45.78795861800006],[-85.50385753699999,45.78920161700006],[-85.50599653699999,45.78563761700008],[-85.51336453899995,45.78638361600008],[-85.50504553599995,45.78373161600007],[-85.50468953599994,45.78165961600007],[-85.50785953699994,45.78019261600008],[-85.50726853699996,45.77824461500006],[-85.49558053199996,45.77274761500007],[-85.48805152999995,45.776521616000025],[-85.48733852999999,45.77958761700006],[-85.48317952899998,45.780085617000054],[-85.47818752699999,45.77817861700004],[-85.48044552799996,45.77569261700006],[-85.47628852599996,45.77328461700006],[-85.46275152199996,45.77487061800008],[-85.46131252199996,45.77652161800006],[-85.45309051899994,45.77670861800004],[-85.46368952399996,45.78406361900005],[-85.46190652399997,45.78820662000004],[-85.45271352099996,45.78960262000004],[-85.45312152199995,45.79483262100007],[-85.45829952399998,45.797524621000036],[-85.46951252699995,45.79897862100006],[-85.47200852899994,45.80320462100008],[-85.469987528,45.80699862200004],[-85.49117153699996,45.81952662300006],[-85.51638554499993,45.827712623000025],[-85.523240548,45.828942622000056],[-85.52771354899994,45.828256622000026],[-85.52786354899996,45.824305621000065],[-85.52536754699997,45.82200662100007],[-85.52980554799996,45.81860862000008],[-85.53022754799997,45.816358620000074],[-85.52612054599996,45.81009161900005],[-85.51990054399994,45.80544061900008],[-85.52988354599995,45.80047061800008],[-85.53397554799994,45.800276617000065]]],[[[-85.56804447499997,45.09978950500005],[-85.56586547399996,45.09951050500007],[-85.56773847499994,45.101421505000076],[-85.56804447499997,45.09978950500005]]],[[[-85.58321945199998,44.863736466000034],[-85.58376045199998,44.861462466000035],[-85.58185445199996,44.86025146600008],[-85.57064844899998,44.86452846700007],[-85.57213044999997,44.86960346800004],[-85.57024844999995,44.87281346800006],[-85.58121245299998,44.869946467000034],[-85.58321945199998,44.863736466000034]]],[[[-85.59449457099998,45.83768862000005],[-85.58918456899994,45.83331861900007],[-85.58692656799997,45.833931619000055],[-85.58376256799994,45.839502620000076],[-85.58817756899998,45.84070862000004],[-85.59449457099998,45.83768862000005]]],[[[-85.61754357499996,45.810784614000056],[-85.61112957199998,45.80738461400006],[-85.60431457099997,45.81183261500007],[-85.61197257299995,45.81431061500007],[-85.61754357499996,45.810784614000056]]],[[[-85.628226553,45.601753581000025],[-85.62915955199998,45.59618958000004],[-85.62322154999998,45.58786057900005],[-85.62348554899995,45.58473557800005],[-85.61974054799998,45.58189057800007],[-85.61805454699999,45.58265557800007],[-85.60977254499994,45.580508578000035],[-85.60698754299995,45.578437578000035],[-85.60665454399998,45.58054757900004],[-85.60427654299997,45.58148257900007],[-85.60071154199994,45.58139957900005],[-85.59707953999998,45.57828757900006],[-85.58485553699995,45.57934558000005],[-85.57680853399995,45.57461457900007],[-85.56066352799996,45.57159258000007],[-85.55744352699998,45.57324958000004],[-85.54113452299998,45.575053582000066],[-85.53406952099994,45.57820658300005],[-85.53421652199995,45.58362158300008],[-85.53027852099996,45.58926158400004],[-85.52690051999997,45.59159858500004],[-85.51804351799996,45.59292058600005],[-85.50928151499994,45.59648358700008],[-85.50650051499997,45.602549588000045],[-85.49173251099995,45.607535590000055],[-85.48703151099994,45.621219592000045],[-85.48733851299994,45.63735859500008],[-85.49025751599999,45.65213059700005],[-85.500456521,45.66430659800005],[-85.50610952399995,45.681156600000065],[-85.50280552499999,45.69100660200007],[-85.49402152299996,45.69848460400004],[-85.49631652599999,45.71514460600008],[-85.50126252699994,45.71763460600005],[-85.50195552799994,45.720793607000076],[-85.49878252799994,45.72629960800003],[-85.50487152999995,45.73038160800007],[-85.50825453099998,45.730666608000035],[-85.51360253299998,45.73655560900005],[-85.52080853599995,45.737255608000055],[-85.52191653599994,45.739427609000074],[-85.52057453699996,45.74475360900004],[-85.51515053599996,45.74945961000003],[-85.50904553299995,45.748496611000064],[-85.50882353299994,45.74236661000003],[-85.49946052999996,45.74435261100007],[-85.49766152999996,45.74625461100004],[-85.50127253199997,45.75442361200004],[-85.50670953399998,45.75521561200003],[-85.52524253899998,45.750470610000036],[-85.53562554199993,45.75040260900005],[-85.54375554499995,45.75142160900003],[-85.54956554699999,45.75727461000008],[-85.55707454999998,45.75949661000004],[-85.56644655299993,45.760230609000075],[-85.56799655299994,45.758587609000074],[-85.56713355199997,45.75042760800005],[-85.56888455199999,45.74935160700005],[-85.56272854999997,45.74304860700005],[-85.56216854799999,45.73546160600006],[-85.56770054899994,45.72870760400008],[-85.57240055099999,45.72767960400006],[-85.57231454899994,45.71145760100006],[-85.58372955099998,45.70080459900004],[-85.59077455299996,45.69805959800004],[-85.59693155399998,45.69035659600007],[-85.59880755399996,45.69073059600004],[-85.60084755499997,45.68886859600008],[-85.60488655499995,45.68194059500007],[-85.60441955399995,45.674848594000025],[-85.60875355499996,45.672007593000046],[-85.60545555399995,45.66958959300007],[-85.61032155499998,45.66434659200007],[-85.60907955299996,45.65364759000005],[-85.60495655099999,45.647607589000074],[-85.60452654999995,45.63926458800006],[-85.60865854999997,45.63201658700007],[-85.61264155199996,45.63078858600005],[-85.61985555299998,45.62455558500005],[-85.62240655199997,45.60723058200006],[-85.628226553,45.601753581000025]]],[[[-85.69626459499995,45.77439960400005],[-85.69310759299998,45.77089560300004],[-85.68408059099994,45.77013360400008],[-85.68819759199994,45.775069604000066],[-85.69458059399994,45.77560160400003],[-85.69626459499995,45.77439960400005]]],[[[-85.700807592,45.73853359800006],[-85.69480658999998,45.73430159700007],[-85.69316358799995,45.72566459600006],[-85.68710858499998,45.71979859600003],[-85.68924758499998,45.71415659500008],[-85.69644058699998,45.712593594000055],[-85.69356558599998,45.709197594000045],[-85.69758658599994,45.69765759200004],[-85.69364558499996,45.69610859200003],[-85.68851758299996,45.697475592000046],[-85.68045958,45.69607059200007],[-85.67509757899995,45.69724459300005],[-85.67303257799995,45.69817559300003],[-85.67195557899998,45.70305959400008],[-85.65482857499995,45.715890597000055],[-85.65078957399999,45.72251059800004],[-85.65512357799997,45.73825260000007],[-85.65350057699999,45.74031760100007],[-85.64489857499996,45.742710602000045],[-85.66378458099996,45.74361360100005],[-85.68152258699996,45.74750360000007],[-85.68511358799998,45.74622060000007],[-85.68885558899996,45.74724660000004],[-85.69078758999996,45.746872600000074],[-85.68948558899996,45.74534760000006],[-85.69114858999995,45.744186599000045],[-85.69486859099999,45.744171599000026],[-85.69384558999997,45.742260599000076],[-85.69786759099998,45.73881159800004],[-85.700807592,45.73853359800006]]],[[[-85.78952158899995,45.48782955300004],[-85.79296658999993,45.48198455200003],[-85.78310458599998,45.477080552000075],[-85.77787558399996,45.47099755100004],[-85.77742758299996,45.46742055100003],[-85.77015157999995,45.46074555000007],[-85.76684358099999,45.475796553000066],[-85.77061658299993,45.48649755400004],[-85.77538058499994,45.49016255400005],[-85.78265158799996,45.49160455400005],[-85.78952158899995,45.48782955300004]]],[[[-85.84488363099996,45.69509858200007],[-85.84375563099996,45.69210958200006],[-85.83941562899997,45.693022582000026],[-85.83923062999997,45.695333583000036],[-85.83423362799994,45.69522858300007],[-85.83326562799994,45.69664058300003],[-85.83511462899997,45.699044584000035],[-85.83335562899998,45.702398584000036],[-85.83492162999994,45.70987058500003],[-85.84274463299994,45.712360585000056],[-85.84369463299998,45.711531585000046],[-85.84096163199996,45.70995458500005],[-85.84274463199995,45.70497558400007],[-85.84082163099998,45.70252058400007],[-85.84488363099996,45.69509858200007]]],[[[-85.88471261399997,45.444822541000065],[-85.87511360799994,45.42541853800003],[-85.86522260399994,45.41721853800004],[-85.84216859399999,45.39110253500007],[-85.83848359199999,45.382588534000035],[-85.83872159099997,45.377163533000044],[-85.83384958999994,45.37958353400006],[-85.83028458899997,45.384258534000026],[-85.82778858999995,45.39327253600004],[-85.82654959099995,45.405884538000066],[-85.83197259399998,45.420488540000065],[-85.85207860299994,45.43695554100003],[-85.88471261399997,45.444822541000065]]],[[[-86.06448863299994,45.139609482000026],[-86.05842462799995,45.117884479000054],[-86.06040362799996,45.108293477000075],[-86.05865862599995,45.10078447600006],[-86.05242962399996,45.09531947600004],[-86.04117761999998,45.09041247500005],[-86.03271361599997,45.081161475000044],[-86.01669960999999,45.06904247400007],[-86.00753260599998,45.05718047200003],[-85.99951560299996,45.05407147200003],[-85.99405360099996,45.05733547300008],[-85.98772159999999,45.05825447400008],[-85.97688859699997,45.062668475000066],[-85.96088459199996,45.06051647500004],[-85.97708759799997,45.07300147700005],[-85.98280460099994,45.08079547700004],[-85.98410060199996,45.08708147800007],[-85.98043860399997,45.11305448300004],[-85.97468460299996,45.12260048500008],[-85.97687760399998,45.12628948500003],[-85.97680860599996,45.13837148700003],[-85.98462160899999,45.14386448700003],[-85.98941761099996,45.151077488000055],[-86.00595161699994,45.15575948800006],[-86.04443562899996,45.15959048600007],[-86.05047863099998,45.15842648600005],[-86.05939863299994,45.152299484000025],[-86.06448863299994,45.139609482000026]]],[[[-86.15565964599995,45.01439845700003],[-86.15433164399997,45.00273945500004],[-86.13483763799996,44.99697145500005],[-86.12488263499995,44.99959245600007],[-86.11570463199996,44.99910145700005],[-86.093541626,45.00784645900006],[-86.09224062599998,45.01013746000007],[-86.09768062799998,45.01337946000007],[-86.10121962999995,45.01810946000006],[-86.10189963099998,45.02281946100004],[-86.09709962999995,45.030136463000076],[-86.08769762699995,45.032126463000054],[-86.07762162399996,45.03081146400007],[-86.07781562399998,45.032418464000045],[-86.08525462699998,45.039551465000045],[-86.11314163699996,45.045720464000055],[-86.11791363799995,45.048486464000064],[-86.13810064399996,45.04304646200006],[-86.14164964499997,45.04025946200005],[-86.15565964599995,45.01439845700003]]],[[[-86.65922688799998,45.73790754000004],[-86.66031688799995,45.736013540000044],[-86.65754188799997,45.73658454000008],[-86.65707988799994,45.74265154100004],[-86.65922688799998,45.73790754000004]]],[[[-86.66064486899995,45.57861251500003],[-86.65492486499994,45.55989951300006],[-86.65560986499997,45.55642551200003],[-86.65089986299995,45.55307051200003],[-86.64891486099998,45.544352511000056],[-86.64107385899996,45.54302351100006],[-86.63462985699994,45.544803511000055],[-86.62750085499994,45.54946451300003],[-86.62756185599994,45.552824513000076],[-86.62208685499996,45.559480515000075],[-86.62216085499995,45.56363851500004],[-86.62682585799996,45.57294251600007],[-86.63646186099999,45.57166751600005],[-86.63880486199997,45.573199516000045],[-86.63735186199995,45.57678251600004],[-86.64163286299998,45.57708751600006],[-86.64657886499998,45.58170751600005],[-86.64614586499994,45.58393551700004],[-86.65038686699995,45.58342251700003],[-86.65494086799998,45.58717951700004],[-86.66064486899995,45.57861251500003]]],[[[-86.67020986599994,45.52956850700008],[-86.66706186399995,45.52168850600003],[-86.66226286299997,45.52099150600003],[-86.65992086199998,45.52249950600003],[-86.66118486399995,45.53297050800006],[-86.66785386599997,45.53176050700006],[-86.67020986599994,45.52956850700008]]],[[[-86.70167688499998,45.60573451700003],[-86.701606885,45.603180516000066],[-86.69017487999997,45.59572951600006],[-86.68558287899998,45.59582051600006],[-86.682273878,45.59923751700006],[-86.67728287699998,45.60006851700007],[-86.67288487599996,45.60455851800003],[-86.66789387499995,45.60605551900005],[-86.67727487899998,45.61369752000007],[-86.69239588399995,45.61713451900005],[-86.69815788499994,45.61362951800004],[-86.70176388599998,45.61661251900006],[-86.69919888499999,45.61106851800008],[-86.70167688499998,45.60573451700003]]],[[[-86.70904600699998,46.545218660000046],[-86.70946900699994,46.54185966000006],[-86.70417200299994,46.52895065800004],[-86.701655,46.51122565500003],[-86.69648899799995,46.503531655000074],[-86.68473799299994,46.49964965500004],[-86.68381699299994,46.497734654000055],[-86.68855398999995,46.46370364900008],[-86.68760098899998,46.45623664800007],[-86.680244986,46.45233664800003],[-86.67168798299997,46.45061764800005],[-86.66443898199998,46.45986865000003],[-86.65992298199996,46.470264652000026],[-86.64471197699999,46.470837653000046],[-86.63888797599998,46.47239265300004],[-86.63591697499999,46.47141065400007],[-86.64114597499997,46.46437165200007],[-86.64780097699997,46.46257065100008],[-86.64078997399997,46.45438365100006],[-86.63520397199994,46.453483651000056],[-86.62961897099996,46.45602165200006],[-86.62308296899994,46.45651265200007],[-86.61333796699995,46.46486265400006],[-86.60793796599995,46.472184655000035],[-86.60695596699998,46.47956165700003],[-86.60889896899994,46.49257265800003],[-86.61238096999995,46.494164658000045],[-86.61638097099996,46.49119765800003],[-86.62077797199998,46.48420465600003],[-86.62822897299998,46.47778965500004],[-86.63579597499995,46.478537655000025],[-86.64680397999996,46.487505655000064],[-86.63978897999993,46.50163065800007],[-86.63442497899996,46.504967659000044],[-86.63213497799995,46.50933265900005],[-86.62633497999997,46.53491166400005],[-86.63224598199997,46.53790066400006],[-86.63834098499996,46.546499665000056],[-86.64537698799995,46.550796665000064],[-86.64601498899998,46.55388366500006],[-86.65336099199999,46.560706666000044],[-86.65611799199996,46.55873566500003],[-86.66664599499995,46.556703664000054],[-86.67595599799995,46.55712766400006],[-86.678549,46.560898664000035],[-86.68440200099997,46.559701664000045],[-86.69779900499998,46.554696662000026],[-86.70904600699998,46.545218660000046]]],[[[-86.71177088899998,45.609191517000056],[-86.70699188699996,45.60888151700004],[-86.70520988699997,45.61062751700007],[-86.70806188799997,45.61154251700003],[-86.71177088899998,45.609191517000056]]],[[[-86.71695287699998,45.50116150000008],[-86.71614287599994,45.497787499000026],[-86.71389987599997,45.499806500000034],[-86.71695287699998,45.50116150000008]]],[[[-86.72245700299999,46.48581365000007],[-86.71932900199994,46.47904164900007],[-86.71674800099998,46.47860765000007],[-86.72245700299999,46.48581365000007]]],[[[-86.72183687999996,45.51058750100003],[-86.72291687999996,45.50853150000006],[-86.71669887799999,45.50949150100007],[-86.72065887899998,45.51152950100004],[-86.72183687999996,45.51058750100003]]],[[[-86.72715788299996,45.522533502000044],[-86.72624488199995,45.52060650200008],[-86.72309788099994,45.520533502000035],[-86.72715788299996,45.522533502000044]]],[[[-86.74819101499997,46.51560865300007],[-86.74417301299997,46.505300652000074],[-86.73692200999994,46.50397865200006],[-86.73729301099996,46.51115665300006],[-86.74358801399995,46.51583965300006],[-86.74617201499996,46.51661565300003],[-86.74819101499997,46.51560865300007]]],[[[-86.76272792799995,45.80092554300006],[-86.76249092799998,45.798523543000044],[-86.75880692599998,45.79670054300004],[-86.75381492499997,45.79794354300003],[-86.755716926,45.80018054400006],[-86.76272792799995,45.80092554300006]]],[[[-86.76562892199996,45.74589053500006],[-86.76344092099998,45.74356453400003],[-86.75928191999998,45.74431053500007],[-86.76546192199999,45.748788535000074],[-86.76562892199996,45.74589053500006]]],[[[-86.78351889699996,45.50226949600005],[-86.78281189499995,45.48679049300006],[-86.779734895,45.48904049400005],[-86.774924893,45.48762249400005],[-86.76558088899998,45.47895849300005],[-86.75999488699995,45.477875493000056],[-86.75756988699999,45.48576449500007],[-86.75755388999994,45.50413149800005],[-86.76470489199994,45.50603149800003],[-86.77383789599997,45.51113249800005],[-86.78147989799999,45.50969349700006],[-86.78351889699996,45.50226949600005]]],[[[-86.82483349999995,41.76024787800003],[-86.51932340999997,41.759454894000044],[-86.12784929299994,41.76059991500006],[-85.79136819199994,41.75905893300006],[-85.17223500699998,41.759625965000055],[-84.80588789599994,41.76022398400005],[-84.80597689099994,41.69612597300005],[-84.20223719299997,41.71104665400003],[-83.88054361299999,41.72008902400006],[-83.45383648399996,41.73265504800003],[-83.45292448399994,41.740595049000035],[-83.43343447899997,41.74600305100006],[-83.428324477,41.74121505100004],[-83.42868147799999,41.75088005300006],[-83.44204548499994,41.78127605700007],[-83.44336848599994,41.78912605900007],[-83.44167248699995,41.80865406200007],[-83.43961648699997,41.81317006300003],[-83.43420848599999,41.81857006400003],[-83.41958448099996,41.82130706600003],[-83.41006247899998,41.82783306700003],[-83.39801147699995,41.85158207200004],[-83.38195947399998,41.870885076000036],[-83.37871547299994,41.87189907700008],[-83.37686747199996,41.867805076000025],[-83.37520347199995,41.86833607600005],[-83.37649447299998,41.87375407700006],[-83.37116247099993,41.87691907800007],[-83.35625946699997,41.87401507800007],[-83.35357446599994,41.87612307900008],[-83.34677546399996,41.87693707900007],[-83.34276446299998,41.87939208000006],[-83.335965462,41.88972908200003],[-83.33156646299994,41.91408808700004],[-83.32733046199996,41.91617408700006],[-83.32554846099998,41.920588088000045],[-83.32713446199995,41.92239908800008],[-83.32028446099997,41.93257109000007],[-83.30290845699994,41.943081093000046],[-83.29039345299998,41.944886094000026],[-83.28379545099995,41.944271094000044],[-83.27048844599994,41.93934309400004],[-83.26475544399995,41.930920093000054],[-83.26251444399998,41.93962309500006],[-83.253556442,41.94490509600007],[-83.25405744199998,41.949013097000034],[-83.25729644299997,41.950753097000074],[-83.25701344399994,41.95969409800006],[-83.25042144299994,41.97276610100005],[-83.22850643799995,41.987299105000034],[-83.22335843599996,41.98919910500007],[-83.21248343299999,41.98872810600005],[-83.19392242799995,41.99766410800004],[-83.17089442299994,42.01816311300007],[-83.17089442299994,42.02178311400007],[-83.18056642699997,42.02696511400006],[-83.19349743099997,42.02655011400003],[-83.20312343399996,42.035024115000056],[-83.195398432,42.039879116000066],[-83.19064543099995,42.04093811600006],[-83.18693242999996,42.04454211700005],[-83.18619943099998,42.051924118000045],[-83.19112043299998,42.064587120000056],[-83.16876342699999,42.07360912300004],[-83.15762842499998,42.085550126000044],[-83.13351541799994,42.08815112700006],[-83.12127441699994,42.11746213300006],[-83.11923241699998,42.12527113500005],[-83.12530841999995,42.13756413700003],[-83.13438842599999,42.17462914300006],[-83.13061042799995,42.21104714900008],[-83.12636542899997,42.23842015500003],[-83.11203442699997,42.26059515900005],[-83.09729442499997,42.29007616500007],[-83.07821142099993,42.308573169000056],[-83.06364141699999,42.316865172000064],[-83.01902840399998,42.33062417600007],[-82.988623395,42.33244717800005],[-82.95975438699998,42.34004118100006],[-82.94541938299994,42.34734518300007],[-82.92397437699998,42.352076185000044],[-82.92881937899995,42.35944518600007],[-82.92455537799998,42.36233718700004],[-82.92354937799996,42.36759518800005],[-82.91854637699998,42.37301418900006],[-82.91911837799995,42.37444518900003],[-82.91511837699994,42.378145190000055],[-82.89841737199998,42.38544519200008],[-82.88918736999995,42.39603719400003],[-82.88724736999995,42.40192319500005],[-82.88437536899994,42.40129819500004],[-82.88430236999994,42.402984196000034],[-82.88691636999994,42.40276819600007],[-82.88653036999995,42.40536419600005],[-82.88266436899994,42.404886196000064],[-82.88152336899998,42.40659919700005],[-82.88562136999997,42.40826719700004],[-82.87567636999995,42.43491420200007],[-82.87072836799996,42.43317520200003],[-82.86942036799996,42.43545620200007],[-82.87405136899997,42.43676120200007],[-82.87403636999994,42.43925320300008],[-82.87035136999998,42.45089620500005],[-82.86766836899994,42.45371920600007],[-82.86852136999994,42.456402206000064],[-82.87152137099997,42.45820920600005],[-82.87084937099996,42.46077420700004],[-82.87703037399996,42.47199020800008],[-82.88365937599997,42.47658720900006],[-82.88352137599998,42.479114209000045],[-82.88023937499997,42.47909720900003],[-82.87838837599998,42.49164721200003],[-82.88272237699994,42.49254121200005],[-82.88232037799997,42.50104321300006],[-82.87442037699998,42.52354321800004],[-82.87060937699994,42.52590521800005],[-82.87073537699996,42.52888721900007],[-82.85932037499998,42.54194322200004],[-82.84988937199995,42.54979722300004],[-82.84708637199998,42.55896222500007],[-82.84182537099997,42.56013522600006],[-82.84281737099997,42.56249822600006],[-82.83422036899998,42.56785722700005],[-82.82102036499998,42.570742229000075],[-82.81623236399997,42.56970422900008],[-82.81010836199994,42.571366229000034],[-82.79671935799996,42.571042230000046],[-82.78911835499997,42.56844223000007],[-82.78451835299995,42.56364222900004],[-82.78241835299997,42.56484222900008],[-82.78338035299998,42.56784323000005],[-82.78151835299997,42.571642231000055],[-82.78812035599998,42.58284323200007],[-82.78682735699994,42.592257234000044],[-82.77790435399999,42.59318123500003],[-82.77419735299998,42.59207123500005],[-82.76959435199996,42.59338823500008],[-82.77643735399994,42.596242235000034],[-82.78979835799998,42.596106235000036],[-82.79300635899995,42.601093235000064],[-82.79193735899997,42.60310523600003],[-82.78877335799996,42.603966236000076],[-82.81199636599996,42.61083423600007],[-82.81902136899998,42.61634123700003],[-82.82012236999998,42.626341238000066],[-82.81352236899994,42.64084124100003],[-82.80561336799997,42.64877324300005],[-82.79732236599995,42.65404024400004],[-82.79242236399995,42.65514024500004],[-82.78082135999995,42.65224024500003],[-82.76026935399994,42.65658024700008],[-82.76005635499996,42.66383824800005],[-82.75332135399998,42.66974024900003],[-82.74699235199995,42.67280125000008],[-82.73644634899995,42.672892251000064],[-82.73314034799995,42.67547325100003],[-82.73470434799998,42.67699525200004],[-82.72637034599995,42.68277625300004],[-82.70908334099994,42.68361425400008],[-82.70096833899999,42.68955625500007],[-82.69622633799997,42.690286256000036],[-82.68550433399997,42.69004425600008],[-82.67429133099995,42.68705725600006],[-82.65978532499997,42.67862625600003],[-82.65324532299996,42.67224025500008],[-82.64447731999996,42.67590725600007],[-82.63526631799994,42.67556025600004],[-82.63085531599995,42.67334925600005],[-82.62380131299994,42.66540325500006],[-82.62304731199998,42.65595925300005],[-82.62640031199999,42.64739325200003],[-82.63092631299997,42.642118251000056],[-82.63535331399999,42.63998325000006],[-82.63899031499994,42.64000725000005],[-82.64231731699994,42.64429125000004],[-82.65289432099996,42.65058525100005],[-82.66181632199994,42.63560324800005],[-82.66666132399996,42.64002524800003],[-82.66910732499997,42.63723324800003],[-82.66465932299997,42.632139247000055],[-82.66549132199998,42.62418224600003],[-82.67535532599999,42.62671824600005],[-82.68984032999998,42.62715624500004],[-82.69012832999994,42.625041245000034],[-82.68367432799994,42.62304524500007],[-82.68159732699996,42.618680244000075],[-82.67618732499994,42.61622424400008],[-82.67654332499995,42.612988243000075],[-82.68712032699995,42.60642824200005],[-82.70082233199997,42.60669524100007],[-82.71304633499994,42.59791223900004],[-82.71115533299997,42.59089223800004],[-82.70115632999995,42.58599923700007],[-82.68735832599998,42.589282239000056],[-82.67713732299995,42.59741924000008],[-82.67238432199997,42.59610624000004],[-82.66953232099996,42.59321924000005],[-82.66073831799997,42.59593124100007],[-82.65645931699999,42.59243224100004],[-82.66168831699997,42.58158223800007],[-82.66786831899998,42.58114523800003],[-82.66751131899997,42.57878223800003],[-82.67072031999999,42.576945237000075],[-82.67511732099996,42.57930723700008],[-82.68104032299993,42.57470323600006],[-82.68096732199996,42.57029223500007],[-82.68757532399997,42.566099234000035],[-82.68961332399994,42.55983123300007],[-82.69406632499994,42.55857023300007],[-82.68593232299997,42.56014023300003],[-82.68510032199998,42.55558823300004],[-82.68331732099995,42.55550123300003],[-82.67594931999997,42.56154123400006],[-82.66133231599997,42.568631236000044],[-82.65693531399995,42.56766823600003],[-82.64790331099994,42.55935323500006],[-82.65123031099995,42.55331223400003],[-82.66433931499995,42.54625223200003],[-82.67096031599993,42.53799723000003],[-82.67952631799994,42.53552822900008],[-82.68153531899998,42.53037222800003],[-82.68070331799998,42.52319022700004],[-82.67906331699999,42.52221822700005],[-82.66168131399996,42.54188323100004],[-82.64092030799998,42.55498123500007],[-82.63349530599999,42.55705923600004],[-82.62491130399997,42.55723723600005],[-82.61685230099994,42.55460923600003],[-82.60574629699994,42.54817523500003],[-82.58978329199994,42.550686237000036],[-82.58400029099994,42.55404923700007],[-82.57738428999994,42.56708624000004],[-82.55594228499996,42.58243324400007],[-82.54817328299998,42.59185624600008],[-82.52537827699996,42.605661249000036],[-82.51878627599996,42.61389625100003],[-82.50993927499997,42.637302256000055],[-82.51085527799995,42.665000261000046],[-82.49449527599995,42.70083126800006],[-82.48387427499995,42.71798827100008],[-82.48360827599998,42.73363227400006],[-82.46748727399995,42.76191828000003],[-82.46704927399998,42.76875528100004],[-82.47036827599999,42.782835283000054],[-82.48257828299995,42.80865228700003],[-82.46896528199994,42.85232229600007],[-82.46991628599994,42.88746730200006],[-82.45557828499994,42.926859309000065],[-82.44714628399998,42.93776031200008],[-82.42860727899995,42.952009315000055],[-82.41674127699997,42.96662131800008],[-82.41347827699997,42.97689532000004],[-82.42035027999998,42.98445932100003],[-82.42497328199994,42.993391323000026],[-82.42259028199999,43.00003732400006],[-82.41594127999997,43.005563325000026],[-82.42277228199998,43.007964325000046],[-82.42654428499998,43.01724832700006],[-82.46308730099997,43.06939633400003],[-82.47105730499999,43.087589337000054],[-82.48604631099994,43.10249433900003],[-82.48728631199998,43.11277734000004],[-82.49061831399996,43.11818034100003],[-82.49419831699998,43.14374434500007],[-82.50166032099997,43.161664348000045],[-82.50888532699997,43.19675635400006],[-82.51912733199998,43.21274535600003],[-82.52309033399996,43.22536935800008],[-82.52556433699993,43.24979936200003],[-82.52434333699995,43.25156236300006],[-82.52746333899995,43.259790364000025],[-82.52567833899997,43.26721436500003],[-82.52273533799996,43.26746836500007],[-82.52271933799994,43.269384366000054],[-82.52765433999997,43.27464936600006],[-82.52818434199997,43.28934836900004],[-82.53240034499999,43.30577837200008],[-82.52942034499995,43.31625137300006],[-82.53083034699995,43.338127377000035],[-82.53679834999997,43.34851837900004],[-82.53751135099998,43.35317137900006],[-82.53308035199996,43.38370738500004],[-82.53938535599997,43.401301388000036],[-82.53699835599997,43.407890389000045],[-82.54022935799998,43.42444539200005],[-82.53709535799999,43.43306039300006],[-82.54711236299994,43.44740639500003],[-82.54658036299998,43.45714239700004],[-82.55494636699996,43.467673398000045],[-82.55474736799994,43.47951740000008],[-82.56027236999995,43.48375740100005],[-82.56499637199994,43.49060140200004],[-82.56569537399997,43.50291240400003],[-82.57165737599996,43.510511405000045],[-82.57153037699999,43.516492406000054],[-82.57624637899994,43.52526740700006],[-82.57622337999999,43.52865140800003],[-82.58565838399994,43.543977410000025],[-82.58461638499995,43.553450412000075],[-82.58901838699995,43.56123941300007],[-82.59198238899995,43.57841241500006],[-82.59876639299995,43.59366841800005],[-82.60061339499998,43.61191542100005],[-82.59658039399994,43.615117422000026],[-82.60283239799998,43.63432642400005],[-82.60171439899995,43.643363426000064],[-82.60423639999993,43.64918242700003],[-82.60630440199998,43.66539143000006],[-82.60483440299998,43.678892432000055],[-82.60609540499996,43.68919043400007],[-82.61008240699994,43.698305435000066],[-82.60998240699996,43.702920436000056],[-82.606665406,43.704789436000056],[-82.60787940699998,43.70794343700004],[-82.60568440599997,43.710000437000076],[-82.61217340999997,43.725576440000054],[-82.61028840999995,43.73012644100004],[-82.61153841099997,43.741204442000026],[-82.61721741399998,43.74679644300005],[-82.61908341499998,43.756096444000036],[-82.61700541499994,43.76017644500007],[-82.61795941599996,43.76860444700003],[-82.61322841499998,43.77185044700008],[-82.61477741599998,43.779546449000065],[-82.62431241999997,43.78794345000006],[-82.62157241999995,43.79723345100007],[-82.62530042199995,43.802318452000065],[-82.62465542199999,43.80418545200007],[-82.62790542299996,43.80803945300005],[-82.63146742499998,43.820677455000066],[-82.63376642599997,43.82305245500004],[-82.63364542699998,43.831232457000056],[-82.63771942899996,43.83545645700008],[-82.64434943099997,43.83754745700003],[-82.64778843299996,43.842692458000045],[-82.64747143299996,43.84449845800003],[-82.64290343099998,43.84642745900004],[-82.64317043199998,43.85247646000005],[-82.64655543399994,43.856724460000066],[-82.64921043399994,43.85700146000005],[-82.65513343799995,43.869175462000044],[-82.67864644599996,43.88373846300004],[-82.68474344999998,43.90068846600008],[-82.68258444999998,43.908235467000054],[-82.69342745399996,43.91906146800005],[-82.69389445499996,43.92328946900005],[-82.69975745699998,43.92701046900004],[-82.69957145799998,43.93157147000005],[-82.702332459,43.93775447100006],[-82.70498145999994,43.939232471000025],[-82.70984346199998,43.94823447200008],[-82.71540446499995,43.95127347300007],[-82.71885046599994,43.95555147300007],[-82.72693146999995,43.97368547600007],[-82.73899647599995,43.989514478000046],[-82.74523347799999,43.99147147800005],[-82.75759248299994,44.003867479000064],[-82.76102648399996,44.003908479000074],[-82.76669748599994,44.008674480000025],[-82.78320249099994,44.00937447900003],[-82.78830249399994,44.013720480000075],[-82.79320949599997,44.023255481000035],[-82.81130850199997,44.028395481000075],[-82.81389550299997,44.03238248100007],[-82.82696450799995,44.033720481000046],[-82.83119050899995,44.03770748100004],[-82.83310750999993,44.03685948100008],[-82.84810251499994,44.03973148100005],[-82.85809951799996,44.042366481000045],[-82.85958451899995,44.044231481000054],[-82.87589352399993,44.04505448000003],[-82.88983552899998,44.05096048000007],[-82.89496953099996,44.05752148100004],[-82.89781653199998,44.05778548100005],[-82.90098653299998,44.060496482000076],[-82.91183953699993,44.06271248100006],[-82.92075953999995,44.06845548200005],[-82.92888854299997,44.069397482000056],[-82.94737254799998,44.062195479000025],[-82.95666255099997,44.06331447900004],[-82.95945255299995,44.06849648000008],[-82.96386555399994,44.06827448000007],[-82.96995955599994,44.06597947900008],[-82.99073255999997,44.04885447500004],[-82.99928756299994,44.04651847400004],[-83.02460857099999,44.04518247200008],[-83.02767957199995,44.046212472000036],[-83.03299457199995,44.03575347000003],[-83.03982657399996,44.030903469000066],[-83.03843957299995,44.02875946900008],[-83.04658157399996,44.01571846600007],[-83.05874557699997,44.00623246400005],[-83.06603057899997,44.00337446300006],[-83.07930158299996,44.001087462000044],[-83.09612458799995,44.001819461000025],[-83.11239759399996,44.00470646100007],[-83.11905859599995,44.00269146000005],[-83.13488559999996,43.99315545800005],[-83.15127160399999,43.98777245600007],[-83.16438260799998,43.98622345500007],[-83.17014460999997,43.98699345500006],[-83.17566061099996,43.983150454000054],[-83.18512961399995,43.98159445300007],[-83.19826561799994,43.98360645300005],[-83.22938162799994,43.98038845100007],[-83.24766563299994,43.97587744900005],[-83.26247563799996,43.97532344800004],[-83.26185463699994,43.969029447000025],[-83.26898463799995,43.956140445000074],[-83.28027963999995,43.94610344200004],[-83.28467264099999,43.93833044100006],[-83.29037364199996,43.93284643900006],[-83.31070464699997,43.919816436000076],[-83.32695465199998,43.91550043500007],[-83.36680266399998,43.91323943200007],[-83.38030866799994,43.91320543100005],[-83.39901267399995,43.91705643100005],[-83.40543967599996,43.915201430000025],[-83.40305167499997,43.910717430000034],[-83.39761467299996,43.90712642900007],[-83.38241266799997,43.90998143100006],[-83.34098065499995,43.90454943200007],[-83.33957365399993,43.90117543200006],[-83.33179265099994,43.893909431000054],[-83.33313464999998,43.88407342900007],[-83.34276065199998,43.872166426000035],[-83.36331965699998,43.85794342300005],[-83.37128165899998,43.85468742200004],[-83.37247065999998,43.858715423000035],[-83.37659466099996,43.85755142200003],[-83.37587266099996,43.85464742200003],[-83.38449166299995,43.854348421000054],[-83.38661166399999,43.85151642100004],[-83.39286366499994,43.84910442000006],[-83.39386166399999,43.83437441700005],[-83.39564366499997,43.83377441700003],[-83.39981066699994,43.84475241900003],[-83.40526866799996,43.841332418000036],[-83.40772366899995,43.83524041700008],[-83.41209866999998,43.83414441600007],[-83.41937067199996,43.83644841600005],[-83.41748767199994,43.84197541700007],[-83.42689867499996,43.84363141700004],[-83.43391067699997,43.840717416000075],[-83.43379167799998,43.84586041700004],[-83.42713667599998,43.85134541800005],[-83.42978267699993,43.85306741900007],[-83.42739367699994,43.85892842000004],[-83.43759468099995,43.86248542000004],[-83.44527368299998,43.86146441900007],[-83.44929268399994,43.85926641900005],[-83.45072768399996,43.855148418000056],[-83.44828968299998,43.85220241700006],[-83.44864668199995,43.84448841600005],[-83.44662668099994,43.84114641600007],[-83.44852768199996,43.83831741500006],[-83.45197368299995,43.83694541500006],[-83.45898568399997,43.82683041300004],[-83.46314468499997,43.82665841200003],[-83.46255068399995,43.82057141100006],[-83.46575968399998,43.812682410000036],[-83.46362068299999,43.80830840900006],[-83.46611568399999,43.80659340900007],[-83.46433368299995,43.80273340800005],[-83.46789868399998,43.800331408000034],[-83.47253368499997,43.80153240800007],[-83.47609868599994,43.79784440700007],[-83.47597968599996,43.79381240600003],[-83.47957168699998,43.793633406000026],[-83.48072968699995,43.791794406000065],[-83.46956268299994,43.78883740600003],[-83.46504668199998,43.79372740700006],[-83.45844268199994,43.81041741000007],[-83.45606568099998,43.81230341000003],[-83.44328967699994,43.812775411000075],[-83.44341767799995,43.81525441100007],[-83.435573676,43.81782741200004],[-83.42848567299995,43.81791541300004],[-83.41976866999994,43.80959441200008],[-83.43218267099996,43.78775540700008],[-83.43238767099996,43.78316940700006],[-83.43966167199994,43.77281340500008],[-83.44314467199996,43.76238140300006],[-83.45826267499996,43.742539398000076],[-83.46304567599998,43.74181139800004],[-83.47481068099995,43.746499398000026],[-83.47898768099998,43.74180239700007],[-83.47818868099995,43.740278397000054],[-83.46673767699997,43.73563939700006],[-83.46705067599999,43.72923839600003],[-83.48524968099997,43.71449639200006],[-83.49107268199998,43.71217739200006],[-83.49142868199993,43.70762439100008],[-83.49796468399995,43.70745339000007],[-83.498805684,43.71101739100004],[-83.50331268599996,43.71243539100004],[-83.50660868699998,43.71141239100007],[-83.51306168899998,43.71401539100003],[-83.51717269099998,43.71827939100007],[-83.52419469299997,43.71690339100007],[-83.53475669499994,43.707309388000056],[-83.53815269599994,43.70823938800004],[-83.55116269899997,43.69807038600004],[-83.54875069799994,43.69397838500004],[-83.55344469899995,43.69011138400003],[-83.55362369899996,43.685213384000065],[-83.55784269999998,43.684955383000045],[-83.56123170099994,43.686519383000075],[-83.57062170299997,43.67396638100007],[-83.57523470399997,43.672044380000045],[-83.58321470599998,43.66484237900005],[-83.59551470799994,43.649667375000035],[-83.64709071999994,43.604721365000046],[-83.65725372199995,43.59814236300008],[-83.65844072199997,43.59551236300007],[-83.66343172399996,43.59469536200004],[-83.66784972499994,43.59031136100003],[-83.67756472799994,43.58975536100007],[-83.68521172899995,43.584445360000075],[-83.69943073399998,43.58897636000006],[-83.70302473699996,43.60101336100007],[-83.73718974899998,43.619018363000066],[-83.78303276399998,43.63221836200006],[-83.79571876899996,43.63514036200007],[-83.80595377199995,43.63414936200007],[-83.81611677499995,43.637435362000076],[-83.81626077599998,43.64338236300006],[-83.82400377799996,43.64498836200005],[-83.83368778199997,43.649867363000055],[-83.83816478399996,43.654392363000056],[-83.84412278499997,43.65290436300006],[-83.85107978699995,43.64593336100006],[-83.85561178799998,43.64671236100003],[-83.88131379699996,43.658022362000054],[-83.88300679799994,43.66095936200003],[-83.89524680199997,43.66517236200008],[-83.91255080899998,43.677353363000066],[-83.93930182099996,43.71537736800008],[-83.94386982399999,43.72688137000006],[-83.94599182599995,43.73944437200004],[-83.95264682899995,43.74957537300003],[-83.95288382999996,43.758502375000035],[-83.95233282999999,43.76068137500005],[-83.94670482799995,43.76219337600003],[-83.94449982699996,43.759796375000064],[-83.93969282599994,43.76339537600006],[-83.93999782699996,43.77142037800007],[-83.93439382499997,43.77262637800004],[-83.93045482499997,43.77527937900004],[-83.92685382399998,43.78312138000007],[-83.92317382499994,43.800374383000076],[-83.91635082399995,43.81093538600004],[-83.91794482799997,43.84461739100004],[-83.91520382799996,43.85446639300005],[-83.91722782899996,43.85642539300005],[-83.91378582799996,43.85952939400005],[-83.91152782799998,43.86938239600005],[-83.91197882999995,43.88663739900005],[-83.90852383099997,43.90336740200007],[-83.90863383199996,43.915568404000055],[-83.90582383099996,43.91751140400004],[-83.90178282999995,43.91708340400004],[-83.89091682699996,43.92332240600007],[-83.88086682599999,43.94276041000006],[-83.88181782699996,43.94472841000004],[-83.87670782699996,43.95833141300005],[-83.86941082499999,43.96072741300003],[-83.86660682399997,43.95816041300003],[-83.86220982199995,43.95867341300004],[-83.86209082199997,43.960983414000054],[-83.85638582099995,43.96508941500008],[-83.85683882199999,43.969520415000034],[-83.84949381999996,43.97304341600005],[-83.85056281999994,43.97672141700008],[-83.84842381999994,43.97911541800005],[-83.84319481799997,43.97911541800005],[-83.83677781699998,43.982365419000075],[-83.83309381599997,43.98809442000004],[-83.80162680599994,43.98572642100004],[-83.79552480399997,43.98600542200006],[-83.79042980299994,43.989291422000065],[-83.78567680099997,43.98612742200004],[-83.75596679199998,43.98570042400007],[-83.75620379299994,43.98997542400008],[-83.75228279099997,43.99048842500008],[-83.74678378999994,43.98881542500004],[-83.74360678899995,43.993480426000076],[-83.73909078799994,43.99604542600008],[-83.73814078799995,43.99886642700005],[-83.72792078499998,44.00151642800006],[-83.72090878199998,43.99006042600007],[-83.71816378099999,43.993240427000046],[-83.70843077799998,43.99672942800004],[-83.70581577799999,43.99570342800007],[-83.70272577599997,43.990317427000036],[-83.700468775,43.99151442800007],[-83.69321877299996,43.98877842700006],[-83.68570177099997,43.988860428000066],[-83.68038476899994,43.98655542800003],[-83.67701776799998,43.991175429000066],[-83.68011276899995,43.994204429000035],[-83.68442477299999,44.01185943200005],[-83.68335577399995,44.02741243400004],[-83.67955377299995,44.03122043500008],[-83.67965877399996,44.036373436000076],[-83.67149277199997,44.04185043800004],[-83.65012076599999,44.05241244000007],[-83.62108275699995,44.05619444300004],[-83.61050575399997,44.056251443000065],[-83.57987074399995,44.049447444000066],[-83.59044174899998,44.06957744700003],[-83.59136575099996,44.07924544800005],[-83.58845674999998,44.085728449000044],[-83.57307574699996,44.10130645300006],[-83.56907774599995,44.10480145400004],[-83.56398274499998,44.10525145400004],[-83.56891974799998,44.126742457000034],[-83.56774875099995,44.15590746200007],[-83.55527875099995,44.18992846900005],[-83.54910075299995,44.227290475000075],[-83.53771475099995,44.248179479000044],[-83.52576774899995,44.25856248200006],[-83.52482174899995,44.261566482000035],[-83.51363674599997,44.268507484000054],[-83.50884374499998,44.27371948500007],[-83.50039674299995,44.276618486000075],[-83.47953573699994,44.28009848800008],[-83.46305373099995,44.278846488000056],[-83.45313272799996,44.276388488000066],[-83.44183272399994,44.270475488000045],[-83.44033772299997,44.26442948700003],[-83.44370972399997,44.26343048700005],[-83.45201572499997,44.253377485000044],[-83.45767672699998,44.25239148400004],[-83.45914972699995,44.24809948300003],[-83.45012672399997,44.25025048400005],[-83.44518072299996,44.25283148500006],[-83.42576671899997,44.27249548900005],[-83.41924071899996,44.28780849200007],[-83.41430571799998,44.294551494000075],[-83.40182671499997,44.30183949500008],[-83.37361170799994,44.32779250100003],[-83.36431670599995,44.33259850300004],[-83.34051069799995,44.33105650400006],[-83.33371269699995,44.33658750500007],[-83.33253769699996,44.340472506000026],[-83.33525269999996,44.35800350800008],[-83.33376170099996,44.37249451100007],[-83.32053669999993,44.406940517000066],[-83.32462070199995,44.41504751800005],[-83.32717570499995,44.42924252100005],[-83.32682870599996,44.44441952300008],[-83.31674470799999,44.49362953200006],[-83.31907170999995,44.508466534000036],[-83.31828371099994,44.514424535000046],[-83.30698970999998,44.54224354100006],[-83.31365371399994,44.56459654400004],[-83.31560771799997,44.59508754900003],[-83.31452171899997,44.60873355100006],[-83.30750871899994,44.62982455500003],[-83.29087771599995,44.64899155900008],[-83.28683171599994,44.660411561000046],[-83.28494171599993,44.661245561000044],[-83.28610071599996,44.663488562000055],[-83.28440371599999,44.670444563000046],[-83.27584271599994,44.69228456700006],[-83.27433171699994,44.70594556900005],[-83.27029271599997,44.70878857000008],[-83.27139271699997,44.713368571000046],[-83.28413272199998,44.72177457200007],[-83.29066972499999,44.72927357200007],[-83.29730472899996,44.74614257500008],[-83.29761972999995,44.75748757700006],[-83.29100772899994,44.765513578000025],[-83.29599673199994,44.77808358000004],[-83.29672273299997,44.78711458200007],[-83.29296773299995,44.797301583000035],[-83.29374373399997,44.80831558500006],[-83.30010673699996,44.81981958700004],[-83.30010273799996,44.828829588000076],[-83.30342273999997,44.83388958900008],[-83.31443374399998,44.84222859000005],[-83.32187474799997,44.85620059200005],[-83.31497074699996,44.868388594000066],[-83.31827974799995,44.87083559400003],[-83.317922749,44.874625595000055],[-83.31233574799995,44.88279259600006],[-83.32050775,44.880579596000075],[-83.32852275299996,44.88196659500005],[-83.33134375399999,44.88423259600006],[-83.33575475499998,44.883620595000025],[-83.34169075699998,44.88551659500007],[-83.34727575899996,44.88430959500005],[-83.364032765,44.89020259500006],[-83.37437176899994,44.896937595000054],[-83.37498376999997,44.90142559600008],[-83.38113077099996,44.900764596000045],[-83.39396477599996,44.903064595000046],[-83.39671377699995,44.90771259600007],[-83.39563877699999,44.910887597000055],[-83.40154677899994,44.91352759700004],[-83.40460078099994,44.91876959700005],[-83.42039478599997,44.92595459800003],[-83.42531578799998,44.92674959800007],[-83.43303679099995,44.932898598000065],[-83.43886079399994,44.94085159900004],[-83.44372279699996,44.95225560100005],[-83.44595079999993,44.98078960500004],[-83.45375680499995,44.99912960800003],[-83.44698280299997,45.004591609000045],[-83.434855799,45.001717609000025],[-83.43125879899998,45.00800661100004],[-83.43525379999994,45.01189161100007],[-83.45197380599996,45.01870661100003],[-83.45553980799997,45.02509061200004],[-83.45255580799994,45.028743613000074],[-83.44750480599998,45.02734661300008],[-83.45228580799994,45.03017961300003],[-83.45294480799998,45.032458613000074],[-83.44205680699997,45.051064617000065],[-83.43380280499997,45.057624618000034],[-83.42691580299999,45.05784261900004],[-83.42458880299995,45.06168162000006],[-83.42072480099995,45.060346620000075],[-83.41853480099996,45.06154962000005],[-83.41764280099994,45.06707662100007],[-83.41670479999993,45.065033621000055],[-83.41064179899996,45.06569362100004],[-83.40887679799994,45.06673862100007],[-83.40927879899994,45.06951262200005],[-83.40727679799994,45.06629562100005],[-83.39925979599997,45.070372622000036],[-83.39304179299995,45.068526622000036],[-83.39067679299995,45.069059623000044],[-83.38970179299997,45.07387162400005],[-83.37710478899999,45.07605362500004],[-83.37270778799996,45.07479462500004],[-83.36676578499998,45.068919624000046],[-83.36759578499993,45.06181462300003],[-83.35761377999995,45.05062162100006],[-83.34911477699995,45.04974662200004],[-83.34026177399994,45.04155362100005],[-83.32792876999997,45.03814962100006],[-83.31984076699996,45.037979621000034],[-83.31326276399994,45.03370962100007],[-83.30470376199997,45.03365362200003],[-83.30236676099997,45.030969621000054],[-83.28797875599997,45.026470621000044],[-83.26656874899999,45.02278262200008],[-83.26455874799996,45.020214622000026],[-83.26066174699997,45.025902623000036],[-83.26590074899997,45.026852623000025],[-83.27138675199996,45.03942762400004],[-83.27835675499995,45.045793625000044],[-83.28488575699998,45.04549762500005],[-83.30627676399996,45.04969562400004],[-83.30758376499995,45.05246662500008],[-83.30247376399996,45.058175626000036],[-83.28776375899997,45.05970462700003],[-83.291350761,45.06260562700004],[-83.29090376099998,45.068260628000075],[-83.28845076099998,45.07043062900004],[-83.29974076499997,45.08217963000004],[-83.29827976599995,45.09049163100008],[-83.30380676799996,45.09634663200006],[-83.31328777199997,45.10080463200006],[-83.31364477199998,45.105501633000074],[-83.31011477199996,45.108867634000035],[-83.31147577199994,45.11221963400004],[-83.31625877399995,45.11279863400006],[-83.31839777499994,45.114811634000034],[-83.31732877499996,45.118082635000064],[-83.32041877599994,45.11841763500007],[-83.31816077599996,45.12286163500005],[-83.31362477499994,45.12564363600006],[-83.32202777799995,45.13392263700007],[-83.32181877799997,45.13775763800004],[-83.31592877699995,45.14000063800006],[-83.31612277699998,45.14196663900003],[-83.33012978199997,45.14601063900005],[-83.33289678199998,45.14222863800006],[-83.33527378299993,45.14331863800004],[-83.34868878999998,45.16152464000004],[-83.35989979299995,45.16302864000005],[-83.36368279499999,45.16647764000004],[-83.36395579499998,45.169326640000065],[-83.36805079699997,45.172486641000035],[-83.36923279799998,45.17845064200003],[-83.36710079799997,45.18323764300004],[-83.37345380099998,45.19423464400006],[-83.38028680399998,45.203764645000035],[-83.38426980499997,45.20348064500007],[-83.39317480899996,45.21373364600004],[-83.39737481099996,45.215887646000056],[-83.39719781099996,45.21848964700007],[-83.39477080999995,45.21997664700007],[-83.40503281499997,45.227245648000064],[-83.40840481599997,45.235552649000056],[-83.41227781799995,45.23983664900004],[-83.41257381899999,45.245815650000054],[-83.40937181799995,45.247012651000034],[-83.40931081799994,45.249087651000025],[-83.41655982099996,45.25176465100003],[-83.41834282199994,45.25410665100003],[-83.41560882099998,45.25577965200006],[-83.39156581299994,45.25244565200006],[-83.38738681199999,45.25572165300008],[-83.38219181199997,45.270627656000045],[-83.38827881499998,45.27692465700005],[-83.39395581699995,45.27820065700007],[-83.40808482199998,45.287677657000074],[-83.42239382699995,45.29078365700008],[-83.42299382799996,45.297564658000056],[-83.42835882999998,45.299767658000064],[-83.43325583199999,45.304262659000074],[-83.44518383599996,45.30808365900003],[-83.44662983699999,45.31241365900007],[-83.44992383799996,45.31440465900005],[-83.45116483899994,45.320678660000056],[-83.45386483999994,45.31918766000007],[-83.46124384199999,45.31915665900004],[-83.46445284399994,45.32542366000007],[-83.463395844,45.33065366100004],[-83.469443846,45.33294266100006],[-83.47122584699997,45.331939661000035],[-83.47514784799995,45.33319366100005],[-83.47693084799994,45.326509660000056],[-83.48263484999995,45.32801366000007],[-83.48655685199998,45.331522660000076],[-83.48988385399997,45.33845566100007],[-83.485962853,45.34246566200005],[-83.47779884999994,45.34189966200006],[-83.47664984999994,45.34471666300004],[-83.48394085299998,45.34864666300007],[-83.49078685599994,45.358950664000076],[-83.49488285799998,45.360223664000046],[-83.49794985799997,45.35904266400007],[-83.49142885499998,45.34981566300007],[-83.49190485399998,45.34054466100008],[-83.49451885499997,45.33937466100008],[-83.51163186099996,45.34580666100004],[-83.52026286399996,45.34724766100004],[-83.52498486599995,45.351414661000035],[-83.53831087099996,45.358175661000075],[-83.54573387299996,45.35840566100006],[-83.54680387299999,45.352645660000064],[-83.55239887499994,45.34996465900008],[-83.55547587499996,45.34934265900006],[-83.56552087899996,45.351238659000046],[-83.57036587999994,45.34720665800006],[-83.57969788299994,45.350710658000025],[-83.58457888499998,45.355823659000066],[-83.58780788599995,45.350901658000055],[-83.59207788799995,45.35456465800007],[-83.59682388899995,45.35211465700007],[-83.59927788999994,45.35256965700006],[-83.60507889199994,45.36051065800007],[-83.61046489399996,45.36312865800005],[-83.63070590099994,45.365003657000045],[-83.66415091299996,45.383786659000066],[-83.67217591599996,45.385299658000065],[-83.68109291999997,45.390597659000036],[-83.68518392099998,45.39070465900005],[-83.69732092499999,45.39624765900004],[-83.70578392899995,45.40272865900005],[-83.71026393099999,45.41100966000005],[-83.715994933,45.414889661000075],[-83.73597793899995,45.41163165900008],[-83.73825993899999,45.405494658000066],[-83.74123093999998,45.403742658000056],[-83.74467694099997,45.40382565700003],[-83.74895494299994,45.40824765800005],[-83.75793594599998,45.41202265800007],[-83.76005694699995,45.41228265800004],[-83.76380994799996,45.40774765700007],[-83.77117794999998,45.40699665600005],[-83.78258695399995,45.410667656000044],[-83.78425095499995,45.41379365700004],[-83.77310895199997,45.41779065800006],[-83.78888495599995,45.41583965700005],[-83.81083596399998,45.42059065600006],[-83.81425396499998,45.42422665700008],[-83.82450896899996,45.42697065700003],[-83.83083597199999,45.43477265800004],[-83.83351797199998,45.43315965700003],[-83.84154797499997,45.43529565700004],[-83.85856498199996,45.44687365800007],[-83.88181799099993,45.467915660000074],[-83.89797199699996,45.47636666000005],[-83.90947700199996,45.48579266100006],[-83.93926601199996,45.49319766100007],[-83.95333301699998,45.49441566000007],[-83.96240401999995,45.493229660000054],[-83.97179002299998,45.49518765900007],[-83.98978602799997,45.49160265800003],[-84.00000703099994,45.49122865700008],[-84.00958703499998,45.49507765700008],[-84.03669404399994,45.49780665600008],[-84.03683004299995,45.49494065600004],[-84.04253004499998,45.49281765500007],[-84.06342005099998,45.488902653000025],[-84.06998605299998,45.48926665300007],[-84.08976305999994,45.49444165300008],[-84.10924306699997,45.50517965300003],[-84.12002307199998,45.51831065500005],[-84.12697607699994,45.54243665800004],[-84.12653707799996,45.55662466000007],[-84.13232408199997,45.567057662000025],[-84.13730608399999,45.57243266200004],[-84.15712609099995,45.58531366300008],[-84.15777709199995,45.58963566400007],[-84.16699909499994,45.59220666400006],[-84.16951009699994,45.596696664000035],[-84.18051910099996,45.60464766500007],[-84.19604810799996,45.621464667000055],[-84.20110710999995,45.623089667000045],[-84.21527311499995,45.63477566800003],[-84.24056412399995,45.637873667000065],[-84.27024313399994,45.64479866600004],[-84.28678913999994,45.65242666700004],[-84.32954215499996,45.664388666000036],[-84.37640816799995,45.65557366200005],[-84.40028817699994,45.66335366200008],[-84.41364718199998,45.66943566200007],[-84.42750018599997,45.669209661000025],[-84.43231118699998,45.664308660000074],[-84.43596018799997,45.66338766000007],[-84.42681818499995,45.66097866000007],[-84.42705518499997,45.659483660000035],[-84.41790518099998,45.65358565900004],[-84.42004418099998,45.65001365900008],[-84.42717418299998,45.64527865700006],[-84.43050218399998,45.64502865700007],[-84.44235318899996,45.65477965800005],[-84.46163819499998,45.65308765700007],[-84.47321519899998,45.65925765700007],[-84.47958320099997,45.659649657000045],[-84.483101203,45.66214665700005],[-84.49054020499995,45.663863657000036],[-84.49832720799998,45.67059465700004],[-84.49795920899999,45.67280665800007],[-84.51109021299999,45.67566565700008],[-84.52289421799998,45.68450665800003],[-84.53670622199996,45.68785065800006],[-84.53876522299998,45.69106165800008],[-84.55331622899996,45.69857465900003],[-84.55710823099997,45.70892466000004],[-84.57363623699996,45.71038965900004],[-84.63246225799998,45.732632659000046],[-84.64933126399995,45.742801660000055],[-84.66160226799997,45.74395566000004],[-84.67955127399995,45.74910365900007],[-84.68197227599995,45.756205660000035],[-84.72142228999996,45.76677666000006],[-84.72558129199996,45.77431966100005],[-84.72486829199994,45.77697266100006],[-84.71890928999994,45.77760766200004],[-84.71937129099996,45.78009366200007],[-84.72886529499993,45.78815366300006],[-84.73407029599997,45.78821366200003],[-84.74200529799998,45.78414266100003],[-84.75157630099994,45.782741660000056],[-84.77277030799996,45.78930966000007],[-84.78031831099997,45.78723265900004],[-84.79315831399998,45.78047165800007],[-84.78786631199995,45.776127657000075],[-84.78800631099995,45.77123965700008],[-84.78117930899998,45.77110265700003],[-84.77980530799994,45.769658657000036],[-84.77943430799996,45.76611465600007],[-84.78440530799998,45.75674365400005],[-84.78882630899994,45.75229165300004],[-84.79956331199998,45.74713865200005],[-84.80664731399997,45.74617965200008],[-84.811027315,45.74671065100006],[-84.82243431999996,45.752820652000025],[-84.82544632099996,45.753004651000026],[-84.83247332199994,45.74715065000004],[-84.84098632499996,45.74475964900006],[-84.85131632799994,45.74885764900006],[-84.85776032999996,45.74947964900008],[-84.88268133899999,45.75672264900004],[-84.88663733999994,45.75552864800005],[-84.89251634099998,45.749659647000044],[-84.90392934399995,45.746586646000026],[-84.92466935199997,45.756905646000064],[-84.93831735699996,45.75990064600006],[-84.96619136499999,45.75788764400005],[-84.98259537099995,45.75987364300005],[-84.98468037099997,45.75863364300005],[-84.99480637399995,45.75825164200006],[-85.01345038099998,45.76387664200007],[-85.01566338099997,45.75993264200008],[-85.01215637899998,45.75619564100003],[-84.99783337499997,45.75267164100006],[-84.99542837399997,45.750595641000075],[-84.98358836999995,45.749788642000055],[-84.98349236899998,45.74802564200007],[-84.98058036899994,45.75221064200008],[-84.97807336799997,45.75234464300007],[-84.97395736699997,45.749530642000025],[-84.97354136599995,45.746130642000026],[-84.962307362,45.74463164200006],[-84.95675235999994,45.73935964200007],[-84.95084535799998,45.73690164200008],[-84.94044735299997,45.725399640000035],[-84.94376135299996,45.71029863800004],[-84.95100835399995,45.707429637000075],[-84.95434835499998,45.70182563600008],[-84.95889335599998,45.69815263500004],[-84.96161835699996,45.69807363500007],[-84.96831535799998,45.68906563300004],[-84.97577335899996,45.68318263200007],[-84.98281536099995,45.68117163100004],[-84.98785236299994,45.68300563100007],[-84.992963364,45.679991630000075],[-85.00115936499998,45.66123362700006],[-85.00703136599998,45.656368626000074],[-85.01534636799994,45.65157262400004],[-85.04342337599996,45.645405622000055],[-85.05077837799996,45.64095762100004],[-85.06149338099993,45.63951362000006],[-85.06891938299998,45.63528461900006],[-85.07491538399995,45.629250617000025],[-85.07569138399998,45.623696617000064],[-85.07953338399994,45.61709161500005],[-85.09143838599994,45.60593761300004],[-85.09353038599994,45.600129612000046],[-85.11191438999998,45.58583760800008],[-85.11864239099998,45.57518360600005],[-85.11974239099999,45.56903460500007],[-85.11724338899995,45.56181260400007],[-85.11548438599993,45.53941460100003],[-85.10885338099996,45.51849359800008],[-85.09825137599995,45.49981059600003],[-85.09373037199998,45.48157259300007],[-85.08097536699995,45.47077759200005],[-85.06247535899996,45.45129759000008],[-85.05923635799996,45.45083359000006],[-85.03695534899998,45.434910589000026],[-85.01298734099998,45.431540590000054],[-85.00423833799994,45.42668458900005],[-85.00000833699994,45.42682259000003],[-84.99106233299995,45.421607589000075],[-84.98414833099997,45.419513590000065],[-84.97861332899998,45.41867159000003],[-84.97712132899994,45.420043590000034],[-84.98384133099995,45.42077259000007],[-84.99079033399994,45.42527259000008],[-84.99004633399994,45.427626590000045],[-84.98095833099995,45.42939059100007],[-84.97208432799994,45.427374591000046],[-84.95582132299995,45.42759459200005],[-84.92201131199994,45.42192259300003],[-84.91617030999998,45.41764759300003],[-84.91296130799998,45.40978459200005],[-84.91300030599996,45.39924759000007],[-84.91585530699996,45.39312358900003],[-84.92457430899998,45.390996588000064],[-84.92994230999994,45.38700358700004],[-84.93711531299994,45.38692358700007],[-84.95772931799996,45.377084584000045],[-84.96049631899996,45.377876584000035],[-84.96922032099997,45.37569458300004],[-84.98729232599999,45.36882558100007],[-84.99386632799997,45.36815958100004],[-84.99843632999995,45.37004858100005],[-85.009371333,45.36985658000003],[-85.01297133399999,45.37109958000008],[-85.02445633799994,45.36799257900003],[-85.03777734099998,45.36209957700004],[-85.04310634299998,45.36151457700004],[-85.05566334699995,45.36468257700005],[-85.10933136399996,45.36670557400004],[-85.12201536799995,45.368714573000034],[-85.12844236999996,45.37177057400004],[-85.13794737299997,45.37349657300007],[-85.14570637499997,45.36943257200005],[-85.15345937799998,45.36983757200005],[-85.15708137899998,45.367107571000076],[-85.16442138099995,45.36767757100006],[-85.16866638199997,45.364797570000064],[-85.18247638599996,45.36083256900008],[-85.19275538899996,45.36019556800005],[-85.20362139299993,45.36189556800008],[-85.20987939399998,45.35878656700004],[-85.20967839399998,45.356945567000025],[-85.22319739699998,45.34647456400006],[-85.23563439999998,45.339382562000026],[-85.24190540199999,45.33928256200005],[-85.24356240199995,45.340594562000035],[-85.24979240399995,45.33969756100004],[-85.25505540399996,45.325683559000026],[-85.26300140599994,45.319515557000045],[-85.27379440899995,45.31545155600003],[-85.28957341399996,45.314060555000026],[-85.29338841499998,45.31505055500003],[-85.29886241699995,45.321804556000075],[-85.30069841799997,45.32129155600006],[-85.31282641999996,45.306105552000076],[-85.32152442199998,45.30305755100005],[-85.32786642399998,45.30304255100003],[-85.33488142599998,45.29764455000003],[-85.33502142499998,45.29403554900006],[-85.34240642699996,45.286892548000026],[-85.35078342899999,45.284510547000025],[-85.35425942999996,45.284768547000056],[-85.35680543099994,45.28762254700007],[-85.36141643299999,45.28710354700007],[-85.35614643099996,45.28455054600005],[-85.35662142999996,45.27995154600006],[-85.36030543099997,45.27710854500003],[-85.36623443299999,45.27644854500005],[-85.37159843399996,45.27084254300007],[-85.38883543499998,45.23385453700007],[-85.38642343399994,45.22939653600008],[-85.38992143399997,45.217253534000065],[-85.38796143299999,45.21455353300007],[-85.38866643199998,45.207580532000065],[-85.38681143099996,45.205472532000044],[-85.38814542999995,45.19153953000006],[-85.38409242799997,45.188392530000044],[-85.38322742799994,45.18345852900006],[-85.380469426,45.180884529000025],[-85.37875742499995,45.16985452700004],[-85.37887142199997,45.151610524000034],[-85.38097042199996,45.14556752300007],[-85.37690742099994,45.14201452300006],[-85.37257641799994,45.126249520000044],[-85.36349541299995,45.11163251800008],[-85.36703741199995,45.09434551600003],[-85.36676141099997,45.086420514000054],[-85.370513411,45.07437151200003],[-85.36687240999998,45.07286751200007],[-85.36641740899995,45.06903151100005],[-85.37759141099997,45.05572150900008],[-85.38066441099994,45.04632750700006],[-85.37929440999994,45.039987506000045],[-85.38136340999995,45.03298650500005],[-85.38165940799996,45.01841550300003],[-85.37600040499996,45.00743750100003],[-85.37588540399997,45.00329850000003],[-85.38452440499998,44.988819498000055],[-85.38198740299998,44.977754496000045],[-85.38482540299998,44.96556949400008],[-85.39039740399994,44.95683149200005],[-85.38926140199999,44.94806549100008],[-85.39442340299996,44.93900348900007],[-85.39580540199995,44.93102648800004],[-85.40395740299994,44.91927148500008],[-85.40597540299996,44.910546484000065],[-85.40960140399994,44.90514448300007],[-85.41742540599995,44.90166848200005],[-85.41792340499995,44.89866148100003],[-85.42369040699998,44.89483048000005],[-85.42580940599998,44.88165447800003],[-85.43520540699996,44.868224475000034],[-85.44311540899997,44.859826473000055],[-85.45141441099997,44.85395947200004],[-85.45290340999998,44.845695471000056],[-85.46165141199998,44.83453946800006],[-85.46292141099997,44.82507546700003],[-85.47148841299997,44.81660446500007],[-85.49938541999995,44.804352461000065],[-85.50737242099996,44.79537145900008],[-85.50721742099995,44.79082645900007],[-85.50951542099995,44.78717745800003],[-85.50524941899994,44.781602457000076],[-85.50478041699995,44.76809045500005],[-85.51536341999997,44.759901453000055],[-85.52719742199997,44.747508451000044],[-85.53829042499996,44.746829450000064],[-85.55433143,44.74875244900005],[-85.57130643599999,44.75530144900006],[-85.57657143899996,44.76021645000003],[-85.57247143799998,44.76566345100008],[-85.57023243799995,44.77277745200007],[-85.56494743699994,44.776682453000035],[-85.55964643599998,44.785945455000046],[-85.56146643799997,44.79212445600007],[-85.56038343799997,44.80067145700008],[-85.55809243799996,44.80408545800003],[-85.56023643899994,44.81008045900006],[-85.55589943899997,44.81826446000008],[-85.53992943599997,44.83417446400006],[-85.53496243399997,44.83565146400008],[-85.52870043299998,44.84074846500005],[-85.52215243099994,44.841968466000026],[-85.51899843099994,44.84555646700005],[-85.50862242799997,44.84788046800003],[-85.50706042799999,44.85252146900007],[-85.49975042599993,44.85609647000007],[-85.500782427,44.86217547100006],[-85.49755842699994,44.86935347200006],[-85.49991842799994,44.87232547200006],[-85.49338242699997,44.88413847400005],[-85.49303542799998,44.89051847600007],[-85.48862942799997,44.90171547800003],[-85.49249542999996,44.90822847800007],[-85.488886429,44.91602848000008],[-85.49129143099998,44.92759348200008],[-85.48461143199995,44.95255648600005],[-85.48746443399995,44.958947487000046],[-85.48211643299999,44.96222748800005],[-85.46665542699998,44.95885248800005],[-85.46494942699996,44.961070488000075],[-85.47494243399996,44.99172949300004],[-85.49260543899999,44.98984249200004],[-85.50008543999996,44.98105749000007],[-85.52003944599994,44.97400448700006],[-85.52210544499997,44.96673548600006],[-85.52021044399999,44.960355485000036],[-85.524351444,44.95076048300007],[-85.52903844499997,44.94692648300003],[-85.52907144399995,44.93558548100003],[-85.53436244499994,44.92753047900004],[-85.53355844399994,44.92577047900005],[-85.53834844499994,44.92204847800008],[-85.53970844499997,44.91678747700007],[-85.54575644699997,44.91317847600004],[-85.56451445,44.89525447200003],[-85.56082644799994,44.88881247100005],[-85.55714044699994,44.887568471000066],[-85.54926044599995,44.89491747300008],[-85.54819144599998,44.900389474000065],[-85.54617044499997,44.90106247400007],[-85.53369244099997,44.90081047500007],[-85.52501743799996,44.89618047500005],[-85.53065443899999,44.88977147300005],[-85.52953343799999,44.88473047300005],[-85.53293643799998,44.873198470000034],[-85.53810643899999,44.86869246900005],[-85.54891344199996,44.86321746800007],[-85.55391144299995,44.85701746700005],[-85.56416744299997,44.83126746200003],[-85.56849644399995,44.825366461000044],[-85.57909444599994,44.81773345900007],[-85.58215144499997,44.80174545600005],[-85.59099044599998,44.78392245300006],[-85.59034144499998,44.78212945200005],[-85.59436144599994,44.77481545100005],[-85.59357644499994,44.76879145000004],[-85.59544144499995,44.76711945000005],[-85.61290044999998,44.76493244800008],[-85.61938345199997,44.76552144800007],[-85.61985545299996,44.76680244800008],[-85.62811445499995,44.76723444800007],[-85.63888945899998,44.77234344800007],[-85.64078645999996,44.775569449000045],[-85.63700546099994,44.790086451000036],[-85.63349945999994,44.79244145200005],[-85.63326846099994,44.800445453000066],[-85.641657464,44.810824454000056],[-85.65144046999995,44.83163245700007],[-85.65236047199994,44.849100460000045],[-85.64779647299997,44.86754846300005],[-85.64893747399998,44.87401846400007],[-85.64546147399994,44.883653466000055],[-85.63770547299998,44.89214646700003],[-85.62990847199995,44.90644547000005],[-85.63103247199996,44.90771447000003],[-85.62550247199994,44.92111547300004],[-85.61630346999993,44.923947474000045],[-85.60068446499997,44.924506475000044],[-85.60476146799994,44.93839447700003],[-85.60218546799996,44.950706479000075],[-85.60370146999998,44.957825480000054],[-85.60144546899994,44.96222648100007],[-85.60236147099994,44.97428048300003],[-85.59886447099996,44.98123048400004],[-85.59953247199996,44.98999248500007],[-85.60416447399996,44.99198648500004],[-85.60709247399996,44.99112348500006],[-85.61117647499998,44.983077484000034],[-85.63007147899998,44.96693648000007],[-85.63613248099995,44.96727248000008],[-85.63948548199994,44.96971148000006],[-85.64148048199996,44.968197479000025],[-85.64552148399997,44.96971047900007],[-85.64932348599996,44.97408248000005],[-85.64742248499994,44.97845348100003],[-85.64136148399996,44.98400148200005],[-85.63470648399993,44.99795348500004],[-85.62983448299997,45.002491486000054],[-85.62188348099994,45.00453748600006],[-85.59965747599995,45.02175749000003],[-85.59655947699997,45.044154494000054],[-85.59085447599995,45.04625349500003],[-85.58883447599999,45.05414549600005],[-85.58645747599996,45.05540449700004],[-85.57980247299997,45.05515349700005],[-85.57398146999998,45.043369495000036],[-85.57016546899996,45.041286495000065],[-85.56613546799997,45.04364149600008],[-85.56607146999994,45.05920949800003],[-85.56960347099994,45.06198449900006],[-85.57220247299995,45.06878450000005],[-85.57406047299997,45.06941550000005],[-85.57445447299995,45.06682149900007],[-85.57659347399994,45.06623349900008],[-85.58253547599998,45.067660499000056],[-85.58444147699998,45.07426950000007],[-85.59844648299998,45.09146950200005],[-85.59848648399998,45.09583850200005],[-85.59540148299999,45.09925650300005],[-85.59693748399997,45.104706504000035],[-85.59972948499995,45.10435850400006],[-85.60560048799994,45.107997504000025],[-85.61391049199995,45.12309550600003],[-85.61432449299997,45.12757050600004],[-85.61024849199998,45.13355550800003],[-85.60192548999999,45.14050850900003],[-85.59980649099998,45.14929451100005],[-85.58658948699997,45.15398051200003],[-85.58263648599996,45.15415251300004],[-85.57920848399993,45.15144851200006],[-85.57679848399994,45.15159151200004],[-85.57688648399994,45.155078513000035],[-85.57389848299994,45.15549651300006],[-85.57018348199995,45.15515351300007],[-85.56566347999996,45.151836513000035],[-85.56284847899997,45.146193512000025],[-85.56461747799995,45.137506511000026],[-85.55837847599997,45.133217511000055],[-85.56185747799998,45.143401512000025],[-85.55971847799998,45.14432351200003],[-85.55408847599995,45.14257651200006],[-85.55773947699998,45.14576551300007],[-85.56168547999994,45.15894851500008],[-85.55787147899997,45.16226851500005],[-85.55472747799996,45.162510515000065],[-85.55218447799996,45.16736051600003],[-85.53693647399996,45.172787518000064],[-85.53146647299997,45.17725551900003],[-85.52673947299996,45.18932452100006],[-85.53206947499996,45.19788252200004],[-85.53736947699997,45.20087452300004],[-85.53799647799997,45.20736852400006],[-85.54075347899999,45.21091452400003],[-85.54491348099998,45.21112152400008],[-85.55107748299997,45.21075052300006],[-85.559441484,45.201177521000034],[-85.56181448499996,45.20053252100007],[-85.56465948499994,45.192554520000044],[-85.58599148999997,45.18038951700004],[-85.59306949199998,45.17853551600007],[-85.60696849599998,45.178485515000034],[-85.61168949799998,45.18111251500005],[-85.61317949899995,45.18463251600008],[-85.61836650099997,45.187028516000055],[-85.62972250299998,45.17463851300005],[-85.63243650299995,45.16937451200005],[-85.65602950799996,45.14579650700006],[-85.65979550799995,45.13585250500006],[-85.67573550999998,45.11536350100005],[-85.67567650899997,45.105548499000065],[-85.68110150899997,45.092701497000064],[-85.69251151199995,45.08344349500004],[-85.69382251099995,45.07946149400004],[-85.70331251299996,45.07100049200005],[-85.72205351799994,45.061281490000056],[-85.74458252399995,45.05339848700004],[-85.75362852499995,45.040965484000026],[-85.76035152599997,45.02632548200006],[-85.76346352699994,45.02433848100003],[-85.76295052599994,45.02260848100008],[-85.78004753,45.00963347800007],[-85.77621252799997,45.00058247700008],[-85.78044452599994,44.97794047300005],[-85.80740853099996,44.94982246700005],[-85.83615553899995,44.94026446400005],[-85.85430954499998,44.938155462000054],[-85.86985754899996,44.93903946100005],[-85.87993955299999,44.94331346200005],[-85.89154855799995,44.957791463000035],[-85.89763156099997,44.96202246300004],[-85.91585656699993,44.96831546300007],[-85.93160557199997,44.96879646300005],[-85.93859457399998,44.96456746100006],[-85.94391557399996,44.95103645900008],[-85.95272657499999,44.94076645700005],[-85.96160857699994,44.93557545600004],[-85.96717457799997,44.92949245400007],[-85.97282957799996,44.914789452000036],[-85.98022457999997,44.906144450000056],[-85.98522358099996,44.902941449000025],[-85.99254058299994,44.90003444800004],[-86.00171158499995,44.89879444700006],[-86.00936058799994,44.899462447000076],[-86.02151859199995,44.90278244700005],[-86.04381359999996,44.91473744700005],[-86.05886760399994,44.911020446000066],[-86.06381860499994,44.90813844500008],[-86.06675060599997,44.905693445000054],[-86.07099560599994,44.89588444300006],[-86.07247360499997,44.88479644100005],[-86.06653459799998,44.83493343300006],[-86.06651959599998,44.819877431000066],[-86.07175159599996,44.80472542800004],[-86.07859759699994,44.794401426000036],[-86.07400159299993,44.769884422000075],[-86.07793859199995,44.758242420000045],[-86.08956959399995,44.74199241700006],[-86.10618759799996,44.731096414000035],[-86.12113060199994,44.72798041300007],[-86.13473760599999,44.728432412000075],[-86.15664661299996,44.731664411000054],[-86.16539061499998,44.724437410000064],[-86.173707617,44.72063840900006],[-86.23248763399994,44.70605840300004],[-86.24221363599997,44.70242340200008],[-86.24847963799994,44.69905440100007],[-86.25500163899994,44.69194339900008],[-86.25903463699996,44.663662395000074],[-86.24406762799998,44.62712139000007],[-86.23717362499997,44.61852638900007],[-86.22545561899994,44.59459838500004],[-86.22133161399995,44.56545938100004],[-86.22379361299994,44.54905137800006],[-86.23389661299996,44.52421237400006],[-86.23874861199994,44.50169037000006],[-86.24375061199999,44.48893736700006],[-86.24891961299994,44.483012366000025],[-86.25184861099996,44.451640361000045],[-86.24832560799996,44.43476635800005],[-86.24808860599995,44.42095435600004],[-86.25193160499998,44.40099235300005],[-86.25883460499995,44.38382334900007],[-86.26631460399994,44.35107334400004],[-86.27538860499999,44.33570834100004],[-86.30026960899994,44.308205335000025],[-86.31603061099997,44.284218330000044],[-86.32729261199995,44.26306532600006],[-86.34379861599996,44.249616323000055],[-86.351643616,44.229437319000056],[-86.36285261699999,44.20812131500003],[-86.38512862099998,44.18450531000008],[-86.400650623,44.15685630400003],[-86.42111362599996,44.12948829900006],[-86.42987662699994,44.119790297000065],[-86.44688863099998,44.10597829300008],[-86.50045864399993,44.075615285000026],[-86.50876964599996,44.067889284000046],[-86.51470764599998,44.058127282000044],[-86.51474764499994,44.047928280000065],[-86.50883264199996,44.03276327800006],[-86.50174363799994,44.02192027600006],[-86.48333662999994,44.001187274000074],[-86.46314162099998,43.97098427000003],[-86.46035061799995,43.94839826700007],[-86.45409761499997,43.94015726600003],[-86.44792061099997,43.91809726300005],[-86.44546060699997,43.88973425800003],[-86.43392059899998,43.85561625300005],[-86.43020759499996,43.82758324900004],[-86.43358159299999,43.80182324400005],[-86.44512859399998,43.77157223900008],[-86.46155959599997,43.74669323400008],[-86.52918460899997,43.677897218000055],[-86.53848760999995,43.658803215000034],[-86.54092160799996,43.63316621000007],[-86.53850260499996,43.61750920800006],[-86.52951259999998,43.593470205000074],[-86.52021059499998,43.57672620200003],[-86.47928157599995,43.515343194000025],[-86.47199057199998,43.50069319200003],[-86.46514956899995,43.484650190000025],[-86.44874855799998,43.43202118200003],[-86.42883554699995,43.38478117600005],[-86.42704954499999,43.37494917400005],[-86.39575552999997,43.316233166000075],[-86.34693450699996,43.24267715700006],[-86.33727750199995,43.22360915400003],[-86.32556349699996,43.21011615200007],[-86.28076147599995,43.136023142000056],[-86.25465146299996,43.08341713500005],[-86.25052245999996,43.06700113200003],[-86.25130645899998,43.06011613100003],[-86.24428245599995,43.04968913000005],[-86.23271244899996,43.015770125000074],[-86.22058743899998,42.95579911500005],[-86.21621443399994,42.91901510900004],[-86.21074242599997,42.85913610000006],[-86.21042841899998,42.79123808800006],[-86.21225041799994,42.772974085000044],[-86.20965741699996,42.769863085000054],[-86.20712641399996,42.74728008100004],[-86.20660140999996,42.709544074000064],[-86.20865940899995,42.69209807100003],[-86.21788740799997,42.65944506500006],[-86.22905540899995,42.63770106100003],[-86.22561840399999,42.59477305400003],[-86.22943440399996,42.57898405100008],[-86.23444140399994,42.56833504900004],[-86.24064740299997,42.54000804400005],[-86.24708339999995,42.49097703500007],[-86.26157839999996,42.443902026000046],[-86.27688340099996,42.41332502000006],[-86.28497440199999,42.401822018000075],[-86.28445340199994,42.39457101600004],[-86.29717340199994,42.35821500900005],[-86.32180840399997,42.310751],[-86.35622340899994,42.25417398800005],[-86.38518441399998,42.21728698000004],[-86.40415141799997,42.19638697600004],[-86.46626742999996,42.13441396200005],[-86.48902843499997,42.116231957000025],[-86.48789843499998,42.113754957000026],[-86.49012743399999,42.105146955000066],[-86.50132743599994,42.08454795100005],[-86.55642644399995,42.00004993400006],[-86.58220244599994,41.94224892200003],[-86.59790444799995,41.91829891700007],[-86.62177445299994,41.89194191100006],[-86.65075645899998,41.868361906000075],[-86.66901446299994,41.85570390300006],[-86.68445546599997,41.84018689900006],[-86.70591747199995,41.827866896000046],[-86.71704247399998,41.819356894000066],[-86.77723248899997,41.78474788400007],[-86.82483349999995,41.76024787800003]]],[[[-86.89996205899996,46.487838639000074],[-86.89910405799998,46.484157639000045],[-86.89110105499998,46.47946863900006],[-86.89053305599998,46.48623464000008],[-86.89529505699994,46.48902564000008],[-86.89996205899996,46.487838639000074]]],[[[-87.40383722899998,46.59368062400006],[-87.39941722699996,46.595054624000056],[-87.40263922899999,46.59555362400005],[-87.40383722899998,46.59368062400006]]],[[[-87.42014023499996,46.60298262400005],[-87.41988623399999,46.60004162300004],[-87.41651423299999,46.59748462300007],[-87.41008523199997,46.60272662400007],[-87.41336823299997,46.60540462500006],[-87.42014023499996,46.60298262400005]]],[[[-87.46124325199997,46.63682762600007],[-87.45716825099998,46.63810962700006],[-87.45831825199997,46.63979662700007],[-87.46124325199997,46.63682762600007]]],[[[-87.65066741899994,47.41747772900004],[-87.65230941899995,47.41621872800005],[-87.62990441199997,47.41528073000006],[-87.61753740699999,47.407719729000064],[-87.60034840199995,47.40771973100004],[-87.60032340199996,47.410807731000034],[-87.59526340099995,47.41649273200005],[-87.58623039899999,47.418344733000026],[-87.58676339899995,47.41988573300006],[-87.59514440199996,47.418824733000065],[-87.59729240299998,47.42177073300007],[-87.60235740499996,47.42276673300006],[-87.61692140899999,47.42302773200004],[-87.62367941199994,47.42629173200004],[-87.62957141299995,47.42238973100007],[-87.63789041499996,47.42045773000007],[-87.63962741599994,47.41817973000008],[-87.65066741899994,47.41747772900004]]],[[[-87.95935444899999,46.94998164000003],[-87.95542944699997,46.94878164100004],[-87.95655544799996,46.95159264100005],[-87.95935444899999,46.94998164000003]]],[[[-87.97942045499997,46.95368564000006],[-87.97564745399995,46.953233640000064],[-87.97146545299995,46.950287640000056],[-87.96243244999994,46.94998164000003],[-87.96903945199995,46.95396664000003],[-87.97788445499998,46.955106640000054],[-87.97942045499997,46.95368564000006]]],[[[-88.00541346499995,46.96587364000004],[-87.99939146299994,46.96121263900005],[-88.00154546299996,46.95695063900007],[-87.99713146099998,46.95675463900005],[-87.99718546199995,46.96282364000007],[-88.00322246499996,46.96622764000006],[-88.00541346499995,46.96587364000004]]],[[[-88.27976656399994,47.07000763700006],[-88.27470556299994,47.071428637000054],[-88.26881656099994,47.06952763800007],[-88.26755856099999,47.07366363800003],[-88.26921456199995,47.07652563900007],[-88.27439856299998,47.07510463800003],[-88.27976656399994,47.07000763700006]]],[[[-88.36616076099995,48.22625579600003],[-88.36779476099997,48.22296079500006],[-88.33634875299998,48.23714679900007],[-88.34086475499998,48.238808799000026],[-88.35251075799994,48.23548479800007],[-88.36104075999998,48.23104779700003],[-88.36616076099995,48.22625579600003]]],[[[-88.73276685599996,48.101362753000046],[-88.73405985599999,48.10066375300005],[-88.72122485299997,48.10395275500008],[-88.70550084899998,48.11118375700005],[-88.73276685599996,48.101362753000046]]],[[[-88.85168386399994,47.91300871900006],[-88.85127386399995,47.91150171900006],[-88.84723786299998,47.91265371900005],[-88.84506586199996,47.91524972000008],[-88.85168386399994,47.91300871900006]]],[[[-89.26280698399995,47.869872685000075],[-89.25638698199998,47.86847268500003],[-89.23826597699997,47.87300468700005],[-89.22554997399999,47.876910688000066],[-89.21045797099998,47.88575769000005],[-89.20380296899998,47.88631569100005],[-89.20023696699997,47.88336669100005],[-89.22269797199993,47.86830168700004],[-89.22162897099997,47.86606868700005],[-89.22885697199996,47.85829168500004],[-89.23454197399997,47.855381685000054],[-89.23453997299998,47.85172668400003],[-89.20844596499995,47.85153268600004],[-89.20181896299994,47.850251686000036],[-89.19221395799997,47.84106868500004],[-89.19268795699998,47.83343868400004],[-89.19017695599996,47.83161168400005],[-89.17977295299994,47.831035685000074],[-89.16955094899998,47.82493068500003],[-89.16205494599996,47.823572685000045],[-89.14653694199995,47.827552687000036],[-89.12414093499996,47.82862468800005],[-89.11917093399995,47.82773768900006],[-89.11661993399997,47.83226968900004],[-89.08028992499999,47.84534569400006],[-89.06258691999994,47.849260696000044],[-89.06045691899999,47.85128469600005],[-89.04446991499998,47.855758698000045],[-89.02274290899999,47.85854070000005],[-89.01441090699996,47.86264470100008],[-88.95143188999998,47.879214707000074],[-88.936922886,47.88418270900007],[-88.93642188599995,47.88589570900007],[-88.92978988399994,47.88610171000005],[-88.91167187899998,47.89135271200007],[-88.90789787899996,47.89667071300005],[-88.89899287699996,47.900693714000056],[-88.89970487699998,47.902453714000046],[-88.95043589099998,47.890538709000054],[-88.95572489299997,47.89123370900006],[-88.95747189399998,47.89444370900003],[-88.96879889699994,47.89326170800007],[-88.97147789799999,47.89507670800003],[-88.97738489999995,47.895229708000045],[-89.00094290699997,47.890618706000055],[-89.00379490799997,47.89269070600005],[-89.00510190899996,47.89866670600003],[-88.99742090699993,47.90068170700005],[-89.00296290899996,47.90233170700003],[-89.00391390999994,47.90711170800006],[-88.98606490599997,47.914894710000056],[-88.96542390099995,47.92143571200006],[-88.94688089599998,47.93037971500007],[-88.92449288999995,47.93671571700003],[-88.92464789099995,47.94326571800008],[-88.89919088499994,47.95330872100004],[-88.89506688399996,47.954233722000026],[-88.89181288299994,47.95391272200004],[-88.88987888199995,47.95180072200003],[-88.88452887999995,47.952353722000055],[-88.88132087899999,47.95353572300007],[-88.88193087999997,47.95530972300003],[-88.86638387599999,47.961834725000074],[-88.85292987199995,47.96533072600005],[-88.83439586699996,47.964242727000055],[-88.80916885999994,47.971937730000036],[-88.791965856,47.978946732000054],[-88.77247884999997,47.98070973400007],[-88.76587784799995,47.98448573500008],[-88.75717184599995,47.98330873500004],[-88.75242084399997,47.98464273600007],[-88.75311884499996,47.98688673600003],[-88.71856183499995,47.99514274000006],[-88.67007982299998,48.01145474500004],[-88.63960781599997,48.026568749000035],[-88.63699381499998,48.02945375000007],[-88.60248980699998,48.04548475400003],[-88.579790802,48.058677758000044],[-88.57396580099999,48.06485375900007],[-88.57375080199995,48.074780761000056],[-88.57840180399995,48.07801176100003],[-88.57671880499998,48.08500776200003],[-88.56694480299996,48.09372776400005],[-88.46825877999999,48.14357977700007],[-88.41988176899997,48.170739784000034],[-88.41825076999999,48.18037878600006],[-88.42260777299998,48.19098378700005],[-88.44724277999995,48.18292478400008],[-88.45974178399996,48.183815784000046],[-88.48204578999997,48.17992378100007],[-88.49196779199997,48.17547478000006],[-88.50109479399998,48.168189779000045],[-88.52475980099996,48.16529977700003],[-88.54703980899995,48.174899776000075],[-88.57841981699994,48.16237877200007],[-88.61403282699996,48.15480576900006],[-88.63271883199997,48.148592767000025],[-88.66652784099995,48.13563476300004],[-88.67419884199995,48.12717376100005],[-88.67563484099998,48.120452760000035],[-88.68444084299995,48.11579375900004],[-88.70776484899994,48.105170756000064],[-88.76426286299994,48.08519774900003],[-88.77207186499999,48.078914748000045],[-88.77393886399994,48.07342074700006],[-88.77883086499997,48.069606746000034],[-88.77771986499994,48.06793674600004],[-88.78756286699996,48.063043744000026],[-88.81046787299994,48.05525574200004],[-88.81365087399996,48.055389741000056],[-88.81226187399994,48.05822974200004],[-88.81518787499994,48.058226742000045],[-88.82482187699998,48.053165740000054],[-88.82232687599998,48.05189474000008],[-88.823514876,48.05046474000005],[-88.84918488299996,48.044108737000045],[-88.84965988399995,48.04569773800006],[-88.83581288099998,48.057109740000044],[-88.89370789599997,48.03477873300005],[-88.89633389599999,48.031809732000056],[-88.895075895,48.029067732000044],[-88.90528089799994,48.02538573100003],[-88.92386290299999,48.02077072900005],[-88.929863905,48.02203872900003],[-88.94125590799996,48.01912972800005],[-88.94472690899994,48.016944727000066],[-88.94972990999997,48.016705727000044],[-88.95340291099996,48.01328672600005],[-88.99416992199997,48.002298722000035],[-89.00164492299996,47.997656720000066],[-89.00792892499999,47.99673272000007],[-89.09521394799998,47.967930710000076],[-89.17916096899995,47.935038700000064],[-89.18825896999994,47.92863869800004],[-89.20171797399996,47.92262769600006],[-89.20087497299994,47.91997269600006],[-89.20315997299997,47.91779669500005],[-89.22072297799997,47.91099769300007],[-89.22257897699996,47.90041969200007],[-89.22633397699997,47.895446691000075],[-89.23218797899995,47.89482669000006],[-89.24713398199998,47.88851168800005],[-89.24301998099997,47.885279688000026],[-89.22887797699997,47.88934369000003],[-89.22448097599994,47.89308869100006],[-89.216993974,47.892212691000054],[-89.21532997299994,47.88838769000006],[-89.22281697499994,47.88599669000007],[-89.22293597399994,47.88480168900003],[-89.21937097299997,47.88392469000007],[-89.22412397399995,47.88025868900007],[-89.23541397699995,47.877707688000044],[-89.24575297999996,47.878026687000045],[-89.25520898299999,47.87611068600006],[-89.26280698399995,47.869872685000075]]],[[[-90.41814314199996,46.56610242000005],[-90.41460313999994,46.557328419000044],[-90.40785013699997,46.554513419000045],[-90.40560013599998,46.54759241800008],[-90.40004813399997,46.54439241800003],[-90.39557513099999,46.53632541700006],[-90.39242613,46.53621841800003],[-90.39214912999995,46.53484941800008],[-90.39527913099994,46.53394941700003],[-90.39332712999999,46.53262341700008],[-90.38596212799996,46.53379941800006],[-90.38026512699997,46.53670141900005],[-90.37685712599995,46.536183419000054],[-90.37620812599994,46.53816741900005],[-90.36709012299997,46.54117142000007],[-90.36474312199994,46.53959442000007],[-90.36069212099994,46.54138842100008],[-90.35973112099998,46.53937642000005],[-90.35734911999998,46.53900242000003],[-90.35032511799994,46.540501421000045],[-90.34580611799998,46.54515142200006],[-90.34681311799994,46.54935842300006],[-90.34234311699998,46.54783942300003],[-90.33941111599995,46.549296423000044],[-90.34434511799998,46.552095423000026],[-90.33692811599997,46.55408442400005],[-90.33189411499995,46.55328642400008],[-90.33257711499994,46.551873424000064],[-90.32735311299996,46.55113342400006],[-90.32669311199999,46.546158424000055],[-90.32067010999998,46.54661442400004],[-90.31845510899996,46.54425142400004],[-90.31520310799993,46.544455424000034],[-90.31633810799997,46.540882424000074],[-90.31086610599993,46.539373424000075],[-90.31061210499996,46.53256242300006],[-90.31294310599998,46.53044942200006],[-90.31189310499997,46.528703422000035],[-90.31444110499996,46.52379242100005],[-90.31778410599998,46.52164542100007],[-90.31699010499995,46.51732742000007],[-90.31384610399994,46.51620742000006],[-90.30854410199998,46.516820421000034],[-90.30772310199995,46.51840042100008],[-90.29829109899998,46.51782842100005],[-90.29441809799994,46.518856422000056],[-90.29475709899998,46.52165442200004],[-90.28343009499997,46.51887642300005],[-90.28227309499994,46.52158342300004],[-90.27892709399998,46.52227942300004],[-90.27713809399995,46.524495424000065],[-90.27180309199997,46.51927342300007],[-90.27506709199997,46.518406423000044],[-90.27758409299997,46.51503042200005],[-90.27472809199998,46.51542442300007],[-90.27042908999994,46.51169842200005],[-90.27298308999997,46.50514742100006],[-90.26657408799997,46.50786342200007],[-90.26432808799996,46.50664042200003],[-90.26527608699996,46.50383742200006],[-90.26051108599995,46.502830422000045],[-90.25716708499994,46.50472442200004],[-90.24340208099994,46.505253423000056],[-90.23159407799994,46.50985042500008],[-90.22940907699996,46.508000425000034],[-90.23033107699996,46.50174042400005],[-90.22053907399999,46.50341142500008],[-90.21660107299994,46.501767425000025],[-90.21119906999996,46.49311942400004],[-90.21176006899998,46.49035942300003],[-90.20570306699994,46.484454423000045],[-90.20401606499996,46.47818342200003],[-90.19340106099997,46.472495422000065],[-90.19266406099996,46.46858442200005],[-90.18900305999995,46.46902342200008],[-90.19330105999995,46.46315142100008],[-90.19075605899997,46.460181420000026],[-90.18769405799998,46.45821442000005],[-90.18034305499998,46.45675442100003],[-90.18028605599994,46.45874442100006],[-90.17833205499994,46.45741642100006],[-90.17893105399997,46.450275420000025],[-90.17677005299998,46.44768342000003],[-90.17793705199995,46.44023741800004],[-90.17041104999998,46.439446419000035],[-90.16777704899994,46.44213041900008],[-90.16342904699997,46.43461341900007],[-90.16235604599996,46.427499418000025],[-90.15964204499994,46.42529341800008],[-90.16059804499997,46.423007417000065],[-90.15861004399994,46.42266441700008],[-90.15785804199999,46.40929941500008],[-90.15401303999994,46.40667941500004],[-90.15294303899998,46.401301414000045],[-90.14677703699994,46.39914041500003],[-90.14747103699995,46.39560241400005],[-90.14436603499996,46.39026341300007],[-90.14080003399994,46.388431413000035],[-90.13941703299997,46.38500741300004],[-90.13225702999995,46.38125741300007],[-90.13425702999996,46.379139413000075],[-90.13283002999998,46.37826041200003],[-90.13387802899996,46.37183641100006],[-90.12293002499996,46.36361141100008],[-90.12248802399995,46.360607411000046],[-90.11883402299998,46.359249411000064],[-90.11674802099998,46.350660410000046],[-90.12355602299994,46.346514409000065],[-90.12189802199998,46.34447940800004],[-90.12020502099995,46.34507440900006],[-90.11799901999996,46.341381408000075],[-90.12138702099998,46.33813940700003],[-90.12049601999996,46.336860407000074],[-89.63842286299996,46.243812426000034],[-89.091636683,46.13851344700004],[-88.85027659699995,46.04028244800003],[-88.84390959399997,46.03305844700003],[-88.83860759199996,46.03013244700003],[-88.81909058499997,46.02632244800003],[-88.81543358399995,46.022962447000054],[-88.81603258399997,46.020594447000065],[-88.80577758099997,46.021562448000054],[-88.80176757999999,46.02374544800006],[-88.79646657799998,46.02361344900004],[-88.79624857899995,46.02686144900008],[-88.80067657999996,46.03004444900006],[-88.79618857999998,46.03372045000003],[-88.78835757599995,46.02862145000006],[-88.78441757599995,46.03271745100005],[-88.77863457399997,46.031279451000046],[-88.77874057399998,46.02888345100007],[-88.78401357399997,46.02299245000006],[-88.78016257199994,46.015403449000075],[-88.76971856999995,46.018976450000025],[-88.77005257099995,46.02573645100006],[-88.75862456599998,46.01955045100004],[-88.75218256499994,46.02359245200006],[-88.74000056199998,46.027316453000026],[-88.73350555899998,46.02555145300005],[-88.73068155899995,46.026543454000034],[-88.72480755699996,46.02451145400005],[-88.72113155499994,46.022021453000036],[-88.72212155499994,46.01735845300004],[-88.71803055299995,46.015619453000056],[-88.71840355299997,46.01329245200003],[-88.71305555199996,46.01267645300004],[-88.71226655199996,46.01619245300003],[-88.70772154999997,46.01540445300003],[-88.70469354999994,46.01816245400005],[-88.69872254799998,46.01791145400006],[-88.68990854499998,46.01411645400003],[-88.68682154399994,46.015026455000054],[-88.67913854099999,46.01354645500004],[-88.67461253999994,46.01057545500004],[-88.67592253999999,46.008554454000034],[-88.67121353799996,46.00469145400007],[-88.671273537,45.999034453000036],[-88.66704253599994,45.99724245300007],[-88.66719553499996,45.994043453000074],[-88.66361553399997,45.99240545300006],[-88.67060753599998,45.98983845200007],[-88.67083353599998,45.98855545200007],[-88.66370353299999,45.98909245200008],[-88.66337453299997,45.98767745200007],[-88.65776653199998,45.98929545300007],[-88.65142352999999,45.987574453000036],[-88.64788952899994,45.98867545300004],[-88.64647652799994,45.98711845300005],[-88.63750652499994,45.98496845300008],[-88.63483952399997,45.985667454000065],[-88.63406152399995,45.98800745400007],[-88.61641151899994,45.987708455000075],[-88.61306951799997,45.990635456000064],[-88.61592851999995,45.99334345600005],[-88.61156951899994,45.99881845700003],[-88.61271851999999,46.00447045800007],[-88.60694551899996,46.00846245900004],[-88.60744451899996,46.01099945900006],[-88.60144651799999,46.01760746100007],[-88.59809951699998,46.017631461000065],[-88.59386651599993,46.015140461000044],[-88.58900651299996,46.00508545900004],[-88.58067651099998,46.00698346000007],[-88.57155950899994,46.01381946200007],[-88.565491507,46.01571646300005],[-88.56068750599997,46.01428546300008],[-88.55499350399998,46.01498546300007],[-88.55076250199994,46.01290446300004],[-88.54108449999995,46.01377146400006],[-88.53627449899994,46.01769646500003],[-88.53290349799994,46.018105465000076],[-88.53420249799996,46.020894465000026],[-88.51460749199998,46.01993446600005],[-88.50621148899995,46.01714246700004],[-88.50648248899995,46.011122466000074],[-88.50013948499998,46.00046546400006],[-88.49690448399997,45.99902046400007],[-88.49742348399997,45.995157464000044],[-88.49380948299995,45.99427046400007],[-88.49250148199997,45.99216546400004],[-88.48676147999998,45.990957464000076],[-88.48380847899995,45.99241346400004],[-88.48043847799994,45.99164746400004],[-88.47600847699994,45.992834465000044],[-88.47400247699994,45.994447465000064],[-88.47470147699994,45.99877846600003],[-88.47086147699997,46.00101246600008],[-88.45866447299994,45.999399467000046],[-88.45377447099997,45.997027467000066],[-88.45426747,45.99343446600005],[-88.450331469,45.99018946600006],[-88.44075546599998,45.990858467000066],[-88.43881046499996,45.98874946700005],[-88.43476846399994,45.98834846700004],[-88.43388146299998,45.985609467000074],[-88.42613146099995,45.98411046700005],[-88.42232845899997,45.98017846600004],[-88.42305045899997,45.978555466000046],[-88.41692045699995,45.97533146600006],[-88.40987045499998,45.97969646700005],[-88.40285445299997,45.98120246800005],[-88.395314451,45.98039946800003],[-88.38794544899997,45.98317546900006],[-88.38432444899996,45.98812147000007],[-88.38524044899998,45.99024747000004],[-88.38018944799995,45.99166247100004],[-88.37371144499997,45.988564471000075],[-88.37145544399993,45.985364471000025],[-88.35928543999995,45.98151647100008],[-88.34542343499999,45.97399347000004],[-88.34144343299994,45.96872747000003],[-88.33474643099999,45.96863547000004],[-88.33014342899997,45.96595947000003],[-88.32787842699997,45.95894246900008],[-88.33030242799998,45.95663346900005],[-88.32695942699996,45.955079469000054],[-88.32053742499994,45.95997147000003],[-88.31970442599999,45.963634471000034],[-88.31690042399998,45.960977470000046],[-88.30097141899995,45.95617647100005],[-88.29527041699998,45.95126147000008],[-88.29238741599994,45.95112347000003],[-88.28498041399996,45.95533747200005],[-88.26895040899996,45.956421473000034],[-88.25934940699995,45.95950247400003],[-88.25482240599996,45.963546475000044],[-88.24635240299995,45.96339747500008],[-88.24575840199998,45.95415547400006],[-88.23994739899996,45.949370473000045],[-88.23019939599999,45.94725947400008],[-88.22377939399996,45.94872047400003],[-88.21914539299996,45.947511475000056],[-88.20380338799998,45.947949476000076],[-88.19763338699994,45.953090477000046],[-88.19199738499998,45.95274847700006],[-88.18617238299998,45.949312477000035],[-88.17801437999998,45.94711947700006],[-88.17010237699998,45.93947847600003],[-88.16396537499998,45.938348477000034],[-88.16118137399997,45.940609477000066],[-88.15611737199998,45.93752247700007],[-88.14616936899995,45.93680247800006],[-88.14642536899999,45.93420247700004],[-88.14100736699999,45.93061647700006],[-88.12642536199996,45.92561647700006],[-88.12638836099995,45.921507477000034],[-88.10291435399995,45.921877478000056],[-88.09497435099996,45.914677477000055],[-88.10197935199994,45.91055847600006],[-88.10663035299996,45.90222147500003],[-88.10598735199994,45.89709947400007],[-88.10253334999999,45.89223047400003],[-88.10182034899998,45.883512472000064],[-88.09650234699996,45.87986947200005],[-88.08182634199994,45.880209473000036],[-88.069891338,45.87272547300006],[-88.07557233899996,45.869943472000045],[-88.07483433799996,45.86491347100008],[-88.07754033899994,45.86383347100008],[-88.08259634099994,45.86495247100004],[-88.08883134099995,45.85586846900003],[-88.09833234299998,45.85015046800004],[-88.106628345,45.84108046600005],[-88.11173234599994,45.83920446500008],[-88.13507335099996,45.82170246100003],[-88.13559634999996,45.81731546000003],[-88.12946734799993,45.80929645900005],[-88.11603034299998,45.80408745900007],[-88.10833733999993,45.80347346000008],[-88.10536133899996,45.80011245900005],[-88.10635733899994,45.79758145900007],[-88.10325333699996,45.79136945800008],[-88.09405333399997,45.78566645800004],[-88.07977032899998,45.78495845900005],[-88.07638132799997,45.781614458000035],[-88.07209732599995,45.78026945900007],[-88.05064031999996,45.78098046000008],[-88.04175031799997,45.78374246100003],[-88.03973531799994,45.78963446200004],[-88.02723431399994,45.78919846300005],[-88.01759431099998,45.792463464000036],[-88.00704930799998,45.792200464000075],[-87.99588230499995,45.79544346600005],[-87.99145330399995,45.795401466000044],[-87.98794830199995,45.79308346600004],[-87.98087629799994,45.77698546400006],[-87.98179529799995,45.77508946300003],[-87.985603299,45.77493446300008],[-87.98966229999996,45.77203346300007],[-87.98643529899994,45.769604462000075],[-87.96697629199997,45.76402946300004],[-87.96345828999995,45.758228462000034],[-87.95928328899998,45.75737546200003],[-87.95446528799994,45.758422463000045],[-87.94548428499996,45.75669546300003],[-87.93459128199999,45.758102464000046],[-87.92913627999997,45.760372465000046],[-87.92200527799997,45.75699746500004],[-87.91728427699996,45.75949146500005],[-87.91134227399994,45.75654746500004],[-87.90587927299998,45.75937246600006],[-87.89836926999999,45.752511465000055],[-87.88226726499994,45.75478746700003],[-87.87581926299998,45.75389646700006],[-87.87334526199999,45.75044746700007],[-87.86811725999996,45.749485467000056],[-87.86599825899998,45.74654546600004],[-87.86221725799999,45.74502646600007],[-87.86432625799995,45.73714746500008],[-87.85548625399997,45.72695146400008],[-87.83734924699996,45.71692746400004],[-87.82418624199994,45.71266346400006],[-87.81015023799995,45.71023846400004],[-87.80508723499997,45.70498246400007],[-87.80908123599994,45.69972546300005],[-87.80188623299995,45.69387046200006],[-87.78223222599996,45.68306146200007],[-87.78162922399997,45.67328846100003],[-87.795361228,45.67134245900007],[-87.80329622999994,45.666502458000025],[-87.82317023599995,45.66274045600005],[-87.82269923499996,45.65608545500004],[-87.82468223499995,45.653219455000055],[-87.82410823399994,45.64714645400005],[-87.81020022799999,45.638740453000025],[-87.80448722599994,45.62894145200005],[-87.79698922299997,45.623621452000066],[-87.79588622199998,45.61885445100006],[-87.79202221999998,45.61676445100005],[-87.78085121599997,45.61460745200003],[-87.77767721499998,45.609212451000076],[-87.77757221399997,45.60401945000007],[-87.774688213,45.60203245000008],[-87.77720521199996,45.58850744800003],[-87.78677321399994,45.58283844600004],[-87.78880421299993,45.56595544400005],[-87.79237821299995,45.56306344300003],[-87.80611021799996,45.56287144200007],[-87.81042621899996,45.56531644200004],[-87.82935222499998,45.56878444200004],[-87.83169522599997,45.56804344100004],[-87.83359722599994,45.56253744000003],[-87.83230222499998,45.55877544000003],[-87.81374321799996,45.54862443900004],[-87.80339621399997,45.53828043800007],[-87.80472621299998,45.531252437000035],[-87.80224720999996,45.51306743500004],[-87.79880020799999,45.50629543400004],[-87.79322120599994,45.50503643400003],[-87.79277520599999,45.49997543300003],[-87.79794920599994,45.494052432000046],[-87.79896620599999,45.48515543100007],[-87.80689720699996,45.47910042900003],[-87.80577920599995,45.47314742800006],[-87.81147520699994,45.46799942700005],[-87.81298220699995,45.464167426000074],[-87.82027020899994,45.46232242600007],[-87.81984020899995,45.460599426000044],[-87.82551520999993,45.45803442500005],[-87.83122321199994,45.45719342400008],[-87.83601421299994,45.450885423000045],[-87.84482121499997,45.44841942200003],[-87.84743521499996,45.44418542100004],[-87.85530421699997,45.44138742000007],[-87.86170321799995,45.434481419000065],[-87.86043821699997,45.42351241700004],[-87.85713021499998,45.420200417000046],[-87.85622221399996,45.41610941600004],[-87.85053921199994,45.41169341600005],[-87.84932821099994,45.40388041500006],[-87.850975211,45.40193341500003],[-87.85913721299994,45.39897541400006],[-87.85960921299994,45.39641741300005],[-87.85683621199996,45.393114413000035],[-87.85942421199996,45.38823541200003],[-87.87091121499998,45.38312441000005],[-87.87543021599998,45.379381410000065],[-87.87569821499994,45.37706040900008],[-87.87127421299994,45.37147540900003],[-87.884861216,45.362800406000076],[-87.888058216,45.35470540500006],[-87.88517621499994,45.351744405000034],[-87.88112021399996,45.35128640500005],[-87.87037321099996,45.356275406000066],[-87.870090211,45.359030407000034],[-87.87580321399997,45.365322407000065],[-87.87024421199999,45.36644440800006],[-87.86600521099996,45.36320240800006],[-87.86576920999994,45.35628840700008],[-87.86349520899995,45.35302840600008],[-87.85042420399998,45.34750040600005],[-87.85013920299997,45.34044340500003],[-87.83814719999998,45.34510940700005],[-87.83530919999998,45.350988408000035],[-87.83261819899997,45.35225740800007],[-87.82692419699998,45.35054640800007],[-87.82303419599998,45.35265840900007],[-87.81008219199998,45.35127740900003],[-87.80047018999994,45.35361641000003],[-87.79033018599995,45.353452411000035],[-87.78308218399997,45.349733411000045],[-87.76917817999998,45.351203412000075],[-87.76213417699995,45.34840941200008],[-87.75411017499994,45.34945041200007],[-87.75093417499994,45.355045414000074],[-87.73846317099998,45.35716441500006],[-87.733415171,45.364440416000036],[-87.71889716799996,45.377470419000076],[-87.70833516499994,45.381226420000075],[-87.70434316399997,45.385470421000036],[-87.693962162,45.38990142200004],[-87.68594015899998,45.388719423000055],[-87.68287215799995,45.38495842200007],[-87.67502315499996,45.38246242200006],[-87.67351915399996,45.37695442200004],[-87.65735514799997,45.36876042100005],[-87.65663814599998,45.35862542000007],[-87.65357414499994,45.35421241900008],[-87.65066714399995,45.35380642000007],[-87.64773514299998,45.35072941900006],[-87.64813214099996,45.339404417000026],[-87.65578114299996,45.33085541600008],[-87.66160914399995,45.32761641500008],[-87.66150614299994,45.32139441400005],[-87.67267514499997,45.31022141100004],[-87.67194114499995,45.308212411000056],[-87.67909114699995,45.305849410000064],[-87.68033614699993,45.30280841000007],[-87.68750414799996,45.298063409000065],[-87.69037014799994,45.29027840700007],[-87.69825414999997,45.28152040500004],[-87.69878614799995,45.26942840300006],[-87.70584314999996,45.26588340200004],[-87.71045614999997,45.25933240100005],[-87.70778514999995,45.25835140100003],[-87.71113714999996,45.25293640000007],[-87.71134514799996,45.239973398000075],[-87.71827014999997,45.238341397000056],[-87.72521115199999,45.23154739600005],[-87.72136014999995,45.22685539500003],[-87.72695814999997,45.21895739400003],[-87.72620414899995,45.20939939200008],[-87.73634515199996,45.20466139100006],[-87.74173815199998,45.198209390000045],[-87.73521614799995,45.17765038700003],[-87.73651514799997,45.17339738600003],[-87.73514114699998,45.171546386000045],[-87.72777414499996,45.16960438600006],[-87.71795114099996,45.16116438500006],[-87.71011413799994,45.15902138600006],[-87.70349813499996,45.152214385000036],[-87.692381131,45.149513385000034],[-87.68390812799998,45.14414338500006],[-87.67582212499997,45.13506738400008],[-87.67821512499995,45.13009238300003],[-87.67450512299996,45.12657438300005],[-87.67245312199998,45.12130238200007],[-87.661302117,45.11257438100006],[-87.65995811599998,45.10752038100003],[-87.65141811399997,45.10856638100006],[-87.64819711299998,45.106376381000075],[-87.63154110799996,45.10623238200003],[-87.62764610599999,45.103336382000066],[-87.59204709399995,45.09426038300006],[-87.59027609399999,45.09641438300008],[-87.60012609799998,45.10301938400005],[-87.61007910199999,45.114149385000076],[-87.61202510399994,45.12338538600005],[-87.60792410299996,45.12608838700004],[-87.60974610399995,45.13082738700007],[-87.60718910399999,45.13553038800006],[-87.60237210299994,45.13754338900003],[-87.59914010099999,45.135830389000034],[-87.59591810099994,45.13916939000006],[-87.60080210299998,45.146850390000054],[-87.59982010299996,45.150482391000025],[-87.58607409999996,45.15865239300007],[-87.58840710099997,45.161148393000076],[-87.58565710099998,45.166402394000045],[-87.57825709899998,45.17111339600007],[-87.57347409799996,45.17170839600004],[-87.56342309699994,45.18407839900004],[-87.54897009299998,45.191599401000076],[-87.53975409099996,45.19415840200003],[-87.53292608999999,45.206342404000054],[-87.52080508699999,45.21427240600008],[-87.51703708699995,45.21847840700008],[-87.51250808499998,45.21993940700003],[-87.512342086,45.22426040800008],[-87.48309608099999,45.25394241400005],[-87.47568807899995,45.26053041600005],[-87.47271007799998,45.26137741600007],[-87.46520707799993,45.27335941800004],[-87.44283407299997,45.29121942300003],[-87.43655007099994,45.294054423000034],[-87.43726307299994,45.30550842500003],[-87.43169007299997,45.31639142700004],[-87.42196707099998,45.32594742900005],[-87.407995068,45.332895431000054],[-87.40995806899997,45.34234843300004],[-87.40322106799994,45.34834843400006],[-87.39573106599994,45.349535435000064],[-87.39335906599996,45.35534143600006],[-87.39478106699994,45.36450043700006],[-87.39214906699993,45.369402438000066],[-87.38601606599997,45.37289743900004],[-87.38058406399995,45.37348743900003],[-87.38186906499999,45.37566244000004],[-87.37377406299998,45.37962044100004],[-87.36894806199996,45.387258442000075],[-87.36437406099998,45.38854044300007],[-87.35871006099995,45.40429544500006],[-87.33615805599999,45.41536844800004],[-87.32775505499995,45.425315451000074],[-87.32584005499996,45.43004845100006],[-87.33324605799999,45.436905452000076],[-87.33315305899998,45.447216454000056],[-87.32828305799995,45.45270445500006],[-87.32519705699997,45.45320745500004],[-87.31970905699995,45.464937457000076],[-87.30697305399997,45.473372459000075],[-87.30492505499996,45.482952461000025],[-87.29224505299999,45.49852046400008],[-87.28824505199998,45.50090546500007],[-87.28479305199994,45.51265546700006],[-87.27887405099995,45.51898246800005],[-87.27261805099994,45.532794471000045],[-87.26575104999995,45.54012747200005],[-87.26349405099995,45.55204047400008],[-87.26052304999996,45.55697747500005],[-87.25222204899995,45.567711477000046],[-87.23932804599997,45.57613547900007],[-87.23461804599998,45.58882548200006],[-87.22752204499994,45.594362483000054],[-87.20535904199994,45.624064489000034],[-87.20070904099998,45.62723249000004],[-87.19602804099998,45.63962649200005],[-87.18677303899995,45.64417449300004],[-87.18548403899996,45.64700649400004],[-87.17991003699996,45.64824049400005],[-87.17083103399995,45.64473849400008],[-87.16824303299995,45.64156349400008],[-87.16940503399996,45.64523649400007],[-87.17661803599998,45.65002349500003],[-87.17451803699998,45.659442496000054],[-87.17224703699998,45.66179649700007],[-87.15248503099997,45.66965649900004],[-87.14667802999998,45.67349550000006],[-87.14266602899994,45.67339450000003],[-87.12941802599994,45.68171850200008],[-87.11164402099996,45.68591350400004],[-87.10114301799996,45.68628850500005],[-87.09928401799993,45.69129350600008],[-87.10043201899998,45.69760050700006],[-87.09546101799998,45.701047507000055],[-87.05953900799994,45.708505511000055],[-87.06106200899995,45.71149551100007],[-87.07044801199999,45.71878751200006],[-87.06538301199998,45.72557551300008],[-87.06263601099994,45.726786513000036],[-87.06172701199995,45.73282951400006],[-87.05745001099996,45.736830515000065],[-87.04833300799999,45.73774151600003],[-87.03820600499995,45.741527517000065],[-87.03733500499999,45.743594518000066],[-87.05520001199994,45.74882551700006],[-87.05555601199995,45.75154351800006],[-87.06241201399996,45.75330451800005],[-87.06430801599998,45.75883651800007],[-87.06280601699996,45.77262052100008],[-87.05841801599996,45.773038521000046],[-87.05638201499994,45.77586252100008],[-87.05967601699996,45.77996652200005],[-87.05937301799997,45.787822523000045],[-87.05449201599998,45.78885552400004],[-87.05861401799996,45.79416852400004],[-87.05744501999999,45.81249152700008],[-87.05225201999997,45.82226552900005],[-87.04567201799995,45.82701653000004],[-87.03984801799999,45.83425353100006],[-87.03144101499998,45.83724653200005],[-87.01890801199994,45.83889453300003],[-87.01693401099999,45.84096453400008],[-87.01042900999994,45.84236053400008],[-86.99898900699998,45.84775253600003],[-87.00267300799999,45.85023653600007],[-87.01182401099999,45.852222536000056],[-87.02061801499997,45.85818253600007],[-87.02287601499995,45.85727153600004],[-87.02204401499995,45.86008553600004],[-87.01396301399996,45.86695453800007],[-87.00897101199996,45.86803053800003],[-87.00267301099996,45.87332554000005],[-86.99994001099998,45.87704954000003],[-87.00148401099995,45.87779354000003],[-86.99090800999994,45.89020254300004],[-86.97913600699997,45.89405354400003],[-86.98650400899999,45.896782544000075],[-86.98412700899996,45.90133154500006],[-86.97794700799994,45.90563154600005],[-86.96440000299998,45.90447454700006],[-86.94990099799998,45.89893354700007],[-86.94740599599999,45.88652654500004],[-86.94823699499995,45.876764544000025],[-86.95287199599994,45.87138654200004],[-86.96511299799994,45.864104541000074],[-86.97093599899995,45.85475153900006],[-86.98377100199997,45.84738453700004],[-86.98769200199996,45.83653953500004],[-87.00508600699999,45.83172653300005],[-87.00552800599996,45.828806533000034],[-87.00308000499996,45.82363253200003],[-86.99984600399995,45.82147253200003],[-87.00067900299996,45.81770353100006],[-86.990864,45.81369753100006],[-86.98844399899997,45.810629531000075],[-86.98692599699996,45.79710052900003],[-86.98162999399995,45.79222952900005],[-86.98360099199994,45.769382525000026],[-86.98083798999994,45.760313524000026],[-86.97567398799998,45.75582852300005],[-86.97520698699998,45.748917522000056],[-86.97766098499994,45.728776519000064],[-86.97911798499996,45.72461051800008],[-86.981667986,45.72443051800008],[-86.98459398399996,45.70582051500003],[-86.98089098199995,45.69506551400008],[-86.97911198199995,45.69572551400006],[-86.96977097799999,45.691903514000046],[-86.96732097699999,45.68493151300004],[-86.96786097499995,45.66826951000007],[-86.96416997399996,45.66915251100005],[-86.96428097399996,45.67276951100007],[-86.96010897399998,45.679206512000064],[-86.95700097299994,45.68371751300003],[-86.95213797199995,45.68485851400004],[-86.94956797199995,45.691682515000025],[-86.94520397099996,45.693993516000035],[-86.94146397099996,45.70216451700003],[-86.93350096899997,45.70382451800003],[-86.92530096599995,45.70257951800005],[-86.91826796299995,45.69610951800007],[-86.90944696099996,45.70191951900006],[-86.90330795999995,45.70907452100005],[-86.88783195499997,45.71126452200008],[-86.86640594899995,45.71023952300004],[-86.86163094799997,45.715197524000075],[-86.84268294299994,45.719692526000074],[-86.83875194199999,45.722315527000035],[-86.84116194299997,45.725099527000054],[-86.84056794299994,45.72996152800005],[-86.84517594599998,45.73681852800007],[-86.84211294499994,45.74157352900005],[-86.83866394399996,45.74183953000005],[-86.83368494299998,45.746925531000045],[-86.83206394299998,45.75108853100005],[-86.82084093999998,45.75608653300003],[-86.819414941,45.76072953400006],[-86.82374894299994,45.76549453400003],[-86.82152894199999,45.770364535000056],[-86.80408893799995,45.776634537000064],[-86.79802393499995,45.77274953700004],[-86.78946693299997,45.77183753700007],[-86.79243793399996,45.77498753800006],[-86.79754793599994,45.774904537000054],[-86.799330936,45.776562537000075],[-86.80646093999997,45.787751539000055],[-86.80265893999996,45.79355154000007],[-86.78388093399997,45.794614541000044],[-86.76938292999995,45.79744554200005],[-86.77900893299994,45.79918554200003],[-86.77328493299996,45.811393544000055],[-86.77461793399993,45.821704546000035],[-86.77723093599997,45.82719154600005],[-86.78615793899996,45.83253754700007],[-86.78811493999996,45.83561654700003],[-86.78248393899997,45.84113954800006],[-86.78113093999997,45.848869550000074],[-86.78412494199995,45.85630755100004],[-86.78208594199998,45.86020355100004],[-86.75845493499997,45.86728255400004],[-86.74964393299996,45.86780455400003],[-86.74247192999997,45.86472755400007],[-86.74035392899998,45.86040755400006],[-86.73672492699995,45.859172554000054],[-86.73697692699994,45.85753755400003],[-86.73270592599994,45.85502455400007],[-86.73174392499999,45.84859955300004],[-86.72852592399994,45.84876755300007],[-86.72111892099997,45.84543955300006],[-86.71923291999997,45.83943755200005],[-86.71697191899995,45.84205755200003],[-86.70696791599994,45.84383055300003],[-86.69903691399998,45.84337755400003],[-86.67308990499998,45.83832455500004],[-86.66183290099997,45.834221555000056],[-86.65993190099994,45.83728455500005],[-86.65434589899996,45.83778155600004],[-86.64757289699998,45.83355855500008],[-86.64483189599997,45.834713556000054],[-86.64650289699995,45.83819555600007],[-86.64436389699995,45.84299755700005],[-86.63248389299997,45.84331755800008],[-86.63317389599996,45.86007656000004],[-86.62440889399994,45.86979056200005],[-86.61835189199996,45.87039256300005],[-86.61753989199997,45.87347156300007],[-86.61354189199994,45.87599056400006],[-86.59887988699995,45.87658456500003],[-86.59021588599995,45.88654256700005],[-86.58737788599996,45.89248956800003],[-86.58232888399993,45.89612156900006],[-86.56772487999996,45.900508571000046],[-86.55950387799999,45.89925757100008],[-86.53521186899997,45.88581357000004],[-86.52957886599995,45.87498256900005],[-86.52801986199995,45.85326256600007],[-86.53422386299997,45.847414564000076],[-86.54047586499996,45.84591256400006],[-86.53922786399994,45.838687563000065],[-86.55121386699994,45.83532756200003],[-86.55754786799997,45.828324560000055],[-86.56003286799995,45.82004255900006],[-86.55555286599997,45.813507558000026],[-86.55722086599997,45.80818055700007],[-86.56339786699994,45.80447755600005],[-86.57117786999999,45.80546055600007],[-86.57531087099994,45.80324455500005],[-86.57802687099996,45.800472555000056],[-86.57926987099995,45.794923554000036],[-86.58176487199995,45.79480555300006],[-86.57995286999994,45.78990555300004],[-86.56996986699994,45.785513553000044],[-86.55951186199997,45.774904552000066],[-86.55963086199995,45.772252551000065],[-86.56236386299997,45.770428551000066],[-86.56676086399995,45.77026255100003],[-86.58635087099998,45.778808551000054],[-86.59612687399994,45.77706355000004],[-86.598491874,45.77283254900004],[-86.60431487599999,45.771754549000036],[-86.60715287699998,45.777995549000025],[-86.61214287899998,45.779364549000036],[-86.61421587999996,45.77841254900005],[-86.61496487999995,45.78257355000005],[-86.61734188099996,45.78354655000004],[-86.63110188499996,45.78212454800007],[-86.62974688399999,45.77697754800005],[-86.62356688199998,45.77225254700005],[-86.62796388299995,45.77042854700005],[-86.63129088399995,45.771920547000036],[-86.63318188499994,45.771174547000044],[-86.63697088499998,45.76474654500004],[-86.63093488299995,45.762884546000066],[-86.62273487999994,45.76396254600007],[-86.62047687899997,45.762221546000035],[-86.62356687899995,45.75102754400007],[-86.62570587999994,45.75061354400003],[-86.62677587999997,45.75475954500007],[-86.63212288199998,45.75575454400007],[-86.63611788299994,45.74883154300005],[-86.63444088199998,45.749482543000056],[-86.63314388199996,45.74766254300005],[-86.64366488399997,45.739979541000025],[-86.64702688399996,45.729739539000036],[-86.65146588499994,45.72813153900006],[-86.65886988699998,45.72989453900004],[-86.66276788799996,45.72897253800005],[-86.66718088899995,45.72216253700003],[-86.67155888999997,45.720855537000034],[-86.66926888799998,45.71086853500003],[-86.66551688699997,45.70903853500005],[-86.66472888599998,45.705823535000036],[-86.66568288599996,45.702225534000036],[-86.67618988799995,45.69187053200005],[-86.68910789099994,45.687870530000055],[-86.70518989699997,45.690909530000056],[-86.71326389899997,45.68650752900004],[-86.71751789899997,45.680299527000045],[-86.71835489799997,45.668269526000074],[-86.70808789199998,45.648057523000034],[-86.70544789199994,45.654919524000036],[-86.69760388999998,45.65566752500007],[-86.69534588899995,45.65383952500008],[-86.69505088799997,45.64693452400007],[-86.68877788499998,45.63997752300003],[-86.68880988499996,45.635561522000046],[-86.67749687999998,45.627583522000066],[-86.66613287599995,45.621697521000044],[-86.65217187099995,45.61810852200006],[-86.65021387099995,45.616078522000066],[-86.63322986599997,45.61825752300007],[-86.62348686199994,45.612048523000055],[-86.62065485999995,45.60815252200007],[-86.61689885899995,45.60680452200006],[-86.61427185699995,45.60012952100004],[-86.60623285499997,45.603910522000035],[-86.60757185599994,45.60555852300007],[-86.60526585599996,45.60776452300007],[-86.60945585699994,45.609294523000074],[-86.61158585799996,45.61410852400007],[-86.61764586099997,45.61878852400008],[-86.61647986099996,45.62117352400003],[-86.61916986199998,45.62417652500005],[-86.62268986399994,45.635135526000056],[-86.62744586899998,45.659884530000056],[-86.62043586799996,45.66710653100006],[-86.61131186499995,45.669741532000046],[-86.59361885899995,45.66563353300006],[-86.58753385699998,45.66646453300007],[-86.59138185899997,45.669535533000044],[-86.58937185899998,45.67408353400003],[-86.59126085999998,45.679598535000025],[-86.58477685899999,45.68201553600005],[-86.58247885799994,45.68539753600004],[-86.58321885999999,45.69395753800006],[-86.58552486099995,45.69789753800006],[-86.58506286099998,45.70490353900004],[-86.58094186099999,45.71192854100008],[-86.57063285799995,45.71642054200004],[-86.55814385399998,45.712492542000064],[-86.54781385099994,45.71302654300007],[-86.54472884999996,45.71124354300008],[-86.54509484999994,45.70968954300008],[-86.54143584799994,45.70811854200008],[-86.53726384699996,45.70836954300006],[-86.53328584599996,45.71085754300003],[-86.53283884599995,45.71316054400006],[-86.53526884699994,45.71544254400004],[-86.532772847,45.71768254400007],[-86.52483284499993,45.719481545000065],[-86.52517184499999,45.720805545000076],[-86.53301084799995,45.72266054500005],[-86.53443684799998,45.725564546000044],[-86.53301084799995,45.729297546000055],[-86.52564284599998,45.73037654700005],[-86.52185484499995,45.733315548000064],[-86.52174784599998,45.73580054800004],[-86.52445384699996,45.73750954800005],[-86.53336684999994,45.73950054800008],[-86.53503085099999,45.741905548000034],[-86.53241684999995,45.746632549000026],[-86.52076984699994,45.74837455000005],[-86.51613584499995,45.74771055000008],[-86.51389784499997,45.751899551000065],[-86.50817784399999,45.75320755100006],[-86.50217484199999,45.752717552000036],[-86.49510083899997,45.74812555200003],[-86.486033836,45.746616552000035],[-86.48395083599996,45.752672553000025],[-86.47953283499999,45.75343255300004],[-86.48060283599995,45.75965155400007],[-86.47679983499995,45.76421155500003],[-86.47347183399995,45.76437755500007],[-86.45516282799997,45.75549855500003],[-86.44839682599996,45.76296755700008],[-86.44209782399997,45.76247055700003],[-86.43966682399997,45.760677557000065],[-86.43663782299996,45.76170555700003],[-86.43425482299995,45.76661555800007],[-86.43048182099994,45.76628655800005],[-86.43192682199998,45.76776455800007],[-86.42872182199994,45.774845560000074],[-86.42452182099998,45.776105560000076],[-86.42895182299998,45.78253256100004],[-86.428428823,45.78559556100004],[-86.42483382299997,45.78975556200004],[-86.41597681999997,45.793801563000045],[-86.40166181599994,45.79542056500003],[-86.39794981399996,45.791155564000064],[-86.393415813,45.789534564000064],[-86.39368881299998,45.79337356500008],[-86.39052181299996,45.795954565000045],[-86.37816280799996,45.790651565000076],[-86.37471580699997,45.79131456600004],[-86.37210180599999,45.78758556500003],[-86.36627880499998,45.79156256600004],[-86.36354480399996,45.78932556600006],[-86.36047080299994,45.79253556700007],[-86.35468380099996,45.791521567000075],[-86.35611580199998,45.79266856700008],[-86.35321880099997,45.797041568000054],[-86.35141480099998,45.79822956800007],[-86.34690879899995,45.79730656800007],[-86.34640779899996,45.79901256800008],[-86.35327780199998,45.802358569000035],[-86.35506780299994,45.805363569000065],[-86.35284980299997,45.81406057000004],[-86.34573280199999,45.82131957200005],[-86.34913980499994,45.834168574000046],[-86.34029680299994,45.84229357500004],[-86.34035980399995,45.84695557600003],[-86.33836280299994,45.84895957700007],[-86.32711379999995,45.85507357800003],[-86.32916680199997,45.85993357900003],[-86.33208680299998,45.86093157900007],[-86.335163804,45.86622157900007],[-86.33256480499995,45.87451658100008],[-86.32512380399999,45.88701958300004],[-86.32724180499997,45.88795758300006],[-86.32656980499996,45.89275258400005],[-86.32251580399998,45.89725958500003],[-86.32537580599995,45.90214358600008],[-86.32423780599999,45.90608858600007],[-86.31598680399998,45.915255588000036],[-86.30622980199996,45.92150959000003],[-86.29224879799995,45.92609759100003],[-86.28903379699995,45.92471559100005],[-86.28570579599995,45.92605759200006],[-86.27753079499996,45.933310593000044],[-86.28172279699999,45.93861659400005],[-86.27577379599995,45.94355959500007],[-86.25234178899996,45.94951259700008],[-86.24035078499998,45.94808059800005],[-86.23649678399994,45.945619598000064],[-86.23361878299994,45.94581059800004],[-86.22592878099994,45.95088859900005],[-86.22055177999994,45.95889160100006],[-86.20826077699996,45.96298660200006],[-86.19662377299994,45.963193603000036],[-86.17939676699996,45.95717760300005],[-86.17463576599994,45.95806360300003],[-86.16656376299994,45.95647960400004],[-86.16306076199999,45.954086604000054],[-86.15058175799999,45.953744604000065],[-86.14571975699994,45.957380605000026],[-86.13779275399997,45.95666060500008],[-86.13594775399997,45.957522606000055],[-86.13655875399996,45.96030860600007],[-86.12357275099998,45.96475660800007],[-86.09475874199995,45.96671261000006],[-86.09197474099994,45.96498960900004],[-86.08520673899994,45.96612661000006],[-86.07207273499995,45.965321611000036],[-86.05096172799995,45.96221361200003],[-85.99887371099999,45.95097661300008],[-85.95692769599998,45.938126613000065],[-85.94397469099994,45.929533613000046],[-85.93452068799996,45.928044613000054],[-85.92077668299999,45.92068861300004],[-85.91377467999996,45.919447613000045],[-85.91001167899998,45.92187261400005],[-85.91456768099994,45.92278861400007],[-85.91711368199998,45.92841261400008],[-85.92602268599995,45.93211261400006],[-85.92621868599997,45.93810161500005],[-85.92214568599996,45.94458261700004],[-85.92274268699998,45.94829561700004],[-85.91773368599996,45.952928618000044],[-85.91095568399999,45.95533061900005],[-85.90910568399994,45.95908262000006],[-85.89949768099996,45.96260262100003],[-85.89320167999995,45.96726162200008],[-85.88244767699996,45.96862862300003],[-85.87309267299997,45.96699862300005],[-85.86116266999994,45.968175624000025],[-85.84848866599998,45.96689062400003],[-85.84039466299998,45.96382462400004],[-85.83878366299996,45.966178625000055],[-85.83260866099994,45.967750626000054],[-85.82582465999997,45.97630062700006],[-85.81756365799998,45.97945562800004],[-85.81044765599995,45.98009562900006],[-85.79064464899994,45.977602630000035],[-85.76578263999994,45.96893963000008],[-85.76015463899995,45.968918630000076],[-85.74362363299997,45.965181630000075],[-85.74089863199998,45.96215463000004],[-85.73523862999997,45.962524631000065],[-85.73104162899995,45.96559563100004],[-85.72425162699994,45.965417632000026],[-85.71985762499997,45.96302263200005],[-85.71080762299994,45.96360263200006],[-85.70368361999994,45.96112163200007],[-85.69875261799996,45.961075633000064],[-85.69134261599999,45.95777663200005],[-85.68658861499995,45.964219634000074],[-85.68298561399996,45.96616563400005],[-85.66397160799994,45.96702163600003],[-85.65913660699994,45.96504563600007],[-85.65438260499997,45.96603763600007],[-85.65248160499993,45.96851563600006],[-85.65319460599994,45.974627637000026],[-85.64858660599998,45.983703639000055],[-85.63501160199996,45.98932664100005],[-85.62978360099999,45.993454642000074],[-85.62664060099996,46.00018464300007],[-85.61776459899994,46.00559464400004],[-85.60744559799997,46.022480648000055],[-85.59238659499994,46.03788365100007],[-85.57427158999997,46.046883653000066],[-85.56524058899998,46.06067565600006],[-85.54086358399996,46.07958966000007],[-85.52157557899994,46.09126566300006],[-85.50621557499994,46.09640166500003],[-85.480608567,46.096387667000045],[-85.46907056299995,46.092721667000035],[-85.46745156199995,46.09080166600006],[-85.46573092699998,46.09197858200008],[-85.45796355899995,46.09048166700006],[-85.448526556,46.08507866700006],[-85.44409255399995,46.08685666700006],[-85.44717655599999,46.08873866700003],[-85.44607355599999,46.090735668000036],[-85.43987455399997,46.09159966800007],[-85.44193755499998,46.095801669000025],[-85.43706955399995,46.09771066900004],[-85.43179555199998,46.09771567000007],[-85.43172555199999,46.09999867000005],[-85.42692155099996,46.101972671000055],[-85.41206954599994,46.10144567100008],[-85.40769654399998,46.097822671000074],[-85.40324654299997,46.098831672000074],[-85.39089853899998,46.093615671000066],[-85.38988753799998,46.08713667100005],[-85.38320353499995,46.083999670000026],[-85.38018753399996,46.07978667000003],[-85.38028653299995,46.07588466900006],[-85.37804553199999,46.07492966900003],[-85.37269853099997,46.080399671000066],[-85.37039153099994,46.079822671000045],[-85.36970953099996,46.08208667100007],[-85.36521652899995,46.082722671000056],[-85.36662752999996,46.08678667200007],[-85.36229552899994,46.09006667300008],[-85.34517452399996,46.093461674000025],[-85.33591652099994,46.09260367500008],[-85.32552751799994,46.09025367500004],[-85.311481513,46.08446467500005],[-85.30923051199994,46.081025674000045],[-85.30097150899996,46.07995667500006],[-85.29628750699999,46.07760667500003],[-85.29576650699994,46.075382674000025],[-85.29870250699997,46.07425567400003],[-85.28984150499997,46.07321967400003],[-85.28928150399997,46.07209667400008],[-85.29324550499996,46.07003767400005],[-85.28859650399994,46.06934667400003],[-85.28388650299996,46.07265767500007],[-85.28261450199994,46.070341674000076],[-85.26244949499994,46.064495675000046],[-85.26049749399994,46.06225067400004],[-85.25099349099997,46.06431467500005],[-85.23511548599998,46.057981675000065],[-85.23166948399995,46.05806367500003],[-85.22896448399996,46.06003667600004],[-85.21134747799994,46.05575467600005],[-85.20920847699995,46.05468267600003],[-85.21095347699998,46.05301867600008],[-85.20940147699997,46.05239967600005],[-85.20619547599995,46.05365767600006],[-85.19863247299998,46.050393676000056],[-85.19542347199996,46.050806676000036],[-85.19459147199996,46.04907467600003],[-85.19752847199999,46.04488667500004],[-85.19063546999996,46.04763067600004],[-85.18734246999998,46.05377567700003],[-85.19055047099994,46.055672677000075],[-85.18781747099996,46.05814667800007],[-85.18282646999995,46.06053767900005],[-85.17712146799994,46.05996067900003],[-85.17272446599998,46.05715667900006],[-85.16583346299996,46.047762678000026],[-85.15203245899994,46.050733679000075],[-85.14084045499999,46.04960967900007],[-85.13043845099997,46.046084680000035],[-85.10480644199998,46.03347867900004],[-85.10156243999995,46.029277679000074],[-85.10251043999995,46.027637678000076],[-85.09829643899997,46.029101679000064],[-85.09412543799994,46.02721867900004],[-85.08882343599998,46.02838667900005],[-85.07525343099996,46.02494167900005],[-85.05483942499995,46.02281368000007],[-85.03477541799998,46.015356680000025],[-85.01399541099994,46.01078268100008],[-85.00360240699996,46.00613868100004],[-84.973561395,45.98614267900007],[-84.94230538199997,45.961308677000034],[-84.91358936899996,45.92587667400005],[-84.90575236599994,45.92289767300008],[-84.89890536399997,45.92299567400005],[-84.89547136299996,45.92521567400007],[-84.88822236099998,45.92447167500006],[-84.88037835799997,45.91835467400006],[-84.87817635599998,45.91362167400007],[-84.87442635499997,45.91271367400003],[-84.874823355,45.90911967300008],[-84.86471635099997,45.90735067300005],[-84.85868234899993,45.90221167300007],[-84.85292134699995,45.90011967300006],[-84.83937934199997,45.89759867300006],[-84.83807134199998,45.89577967300005],[-84.84103634199994,45.89346067300005],[-84.83762934099997,45.88906267200008],[-84.83847733999994,45.88152067100003],[-84.83140133699999,45.87204667000003],[-84.82123533299995,45.86822567000007],[-84.80350332799998,45.87044467100003],[-84.79998132599997,45.86829467100006],[-84.79687732499997,45.86169467000008],[-84.79276832299996,45.85869967000008],[-84.75833030999996,45.84224166900003],[-84.75815330999995,45.840314669000065],[-84.75199230799996,45.83961366900007],[-84.74846630699994,45.83975767000004],[-84.73670130399995,45.84712567100007],[-84.72276929999998,45.84662967200006],[-84.72084129899997,45.84811567300005],[-84.70638829499995,45.848666673000025],[-84.70172729399997,45.85162567400005],[-84.70118829399996,45.853100674000075],[-84.70608029599998,45.85901667500008],[-84.71721129999997,45.864154675000066],[-84.71529829999997,45.86593867600004],[-84.72814430399995,45.869554675000074],[-84.72980830499995,45.87129267600005],[-84.72921430499997,45.87311267600006],[-84.72038630199995,45.87454967700006],[-84.72567930599996,45.89203267900007],[-84.73354430899997,45.89707367900007],[-84.73373030999994,45.90851568100004],[-84.73586931099999,45.909755681000036],[-84.73206631099998,45.91554368200008],[-84.72612430899994,45.918106683000076],[-84.71325630499996,45.91605568400007],[-84.71361930499995,45.92037468400008],[-84.71896030799996,45.927457685000036],[-84.72503830999995,45.92894468500003],[-84.73355431299996,45.934042685000065],[-84.73937531599995,45.941824686000075],[-84.73885431599996,45.94580068700003],[-84.73018431599996,45.96120669000004],[-84.72304431399994,45.96728769100008],[-84.71018331,45.967086692000066],[-84.71196431099997,45.971548692000056],[-84.70782330999998,45.97314069300006],[-84.69605830599994,45.97108469300008],[-84.68771730299994,45.97126869400006],[-84.68525930299995,45.973462694000034],[-84.68437330299997,45.97750769500004],[-84.69401830699996,45.98561469600003],[-84.69294930699994,45.988782696000044],[-84.68710130599999,45.99244269700006],[-84.68765430599996,45.99560169800003],[-84.68446330599994,45.99956669800008],[-84.68548930699995,46.00311969900008],[-84.68394330599995,46.00542569900006],[-84.69250530999994,46.01697670100003],[-84.69047231099995,46.02795570300003],[-84.687327311,46.034888704000025],[-84.67584030899997,46.04601770600004],[-84.66671530599996,46.05049470700004],[-84.65657230299996,46.05266270800007],[-84.64761429999999,46.04971270800007],[-84.63277929399999,46.03987470800007],[-84.62156529099997,46.03829470800008],[-84.61578028899999,46.03575870800006],[-84.61191928599999,46.02721270700005],[-84.60906828499998,46.02642670700004],[-84.60455128399997,46.029605708000076],[-84.60152128299995,46.02800970800007],[-84.58830427899994,46.02712570800003],[-84.58204227599998,46.02202170800007],[-84.58176827699998,46.03049870900003],[-84.57933227699993,46.03119470900003],[-84.57501127499995,46.02945470900005],[-84.57412027499998,46.031624710000074],[-84.56389627199997,46.03246771100004],[-84.54441026499995,46.02286871000007],[-84.54100026299994,46.01950971000008],[-84.53961326199999,46.01440670900007],[-84.54196726199996,46.01134570900007],[-84.53516625999998,46.00888770900008],[-84.53343125899994,46.00572870800005],[-84.53226325799994,45.997261707000064],[-84.53362825799996,45.99453170600003],[-84.53044925599994,45.99139370600005],[-84.53211025599995,45.983007705000034],[-84.53490525599994,45.97891870400008],[-84.53239725399999,45.96945670300005],[-84.52278525099996,45.96842170300005],[-84.51407624899997,45.97130070400004],[-84.51367424899996,45.97419870400006],[-84.51657424999996,45.977104705000045],[-84.50975024899998,45.98273170600004],[-84.51348924999996,45.98436570600006],[-84.51637225199994,45.99073070700007],[-84.51352025099999,45.99271170700007],[-84.50720624899998,45.99117770700008],[-84.50912324999996,45.99444570800006],[-84.50579524899996,45.997995709000065],[-84.49545624599995,45.994693709000046],[-84.49272324499998,45.99593170900005],[-84.48416624199996,45.993785709000065],[-84.48153223899999,45.977587707000055],[-84.47673323799995,45.97652770700006],[-84.47202723599997,45.97156070600005],[-84.46313323299995,45.96893370600003],[-84.46149723199994,45.969609707000075],[-84.46432023399996,45.97660970800007],[-84.45921023299996,45.98189470900007],[-84.46503323499996,45.98643670900003],[-84.46027923399998,45.98759271000006],[-84.46550823599995,45.991638710000075],[-84.46527123599998,45.99304171000006],[-84.46158723499997,45.993785710000054],[-84.46515223599994,45.994858710000074],[-84.46883623799994,45.998490711000045],[-84.46907423799996,46.00063771100008],[-84.46503323699994,46.00550771200005],[-84.45790323499995,46.00550771200005],[-84.44815823199997,46.00220571300008],[-84.44732623199997,46.00550771300004],[-84.44114622999996,46.00724171400003],[-84.42272622399997,46.00204071400003],[-84.40822821799998,45.99180371300008],[-84.40050321499996,45.99097771400005],[-84.39277821199994,45.984785713000065],[-84.40347421499996,45.98239071200004],[-84.40917821699998,45.98272071200006],[-84.41749722099996,45.989409712000054],[-84.42391422299994,45.99238171200005],[-84.43033222499997,45.99337271200005],[-84.41357521799995,45.979334711000035],[-84.41821021899995,45.97470971000007],[-84.42296422099997,45.97504071000003],[-84.44007722699996,45.98263771000006],[-84.42141921999996,45.972066709000046],[-84.41761621799998,45.96925870900003],[-84.41678421799998,45.96636770900005],[-84.42106221799997,45.95959370700007],[-84.424271219,45.95835470700007],[-84.43389722299997,45.96322870700004],[-84.43594922299997,45.96302970700003],[-84.43500022299997,45.96109570700003],[-84.43213022199996,45.95859770700008],[-84.41712621599999,45.95379170700005],[-84.40095220999996,45.94333370600003],[-84.37643420099994,45.93197070600007],[-84.39016420599995,45.94273770700005],[-84.39230320799999,45.94629170700006],[-84.39123320699997,45.94786170700007],[-84.37709220199997,45.941167707000034],[-84.35511719499993,45.93976170800005],[-84.34522419299998,45.94535471000006],[-84.35581919699996,45.958602711000026],[-84.34346019299994,45.95562871100003],[-84.33870619199996,45.957528712000055],[-84.33325018999994,45.95512171200005],[-84.33002618899997,45.95625571200003],[-84.33050618999994,45.958684712000036],[-84.32824818899996,45.95876771300004],[-84.32252818699999,45.95566571200004],[-84.31949918599997,45.95634371300008],[-84.31785118599998,45.96046271300003],[-84.31083818299999,45.96004871400004],[-84.31083818399998,45.96318771400007],[-84.30917518299998,45.96318771400007],[-84.29442417799999,45.953823714000066],[-84.28271617399997,45.95517271500006],[-84.28201317399999,45.957426715000054],[-84.27670717299998,45.959362716000044],[-84.26556516899996,45.955339716000026],[-84.25843016699997,45.95723971600006],[-84.25495716499995,45.95607671600004],[-84.25997516699994,45.95946971700005],[-84.25878616799997,45.96715271800008],[-84.27316617499997,45.98623072000004],[-84.27352317499998,45.98821172000004],[-84.27114617399997,45.989450721000026],[-84.26940717399998,45.98854472100004],[-84.26722417299999,45.990771721000044],[-84.25819216999997,45.98267972000008],[-84.24654616599997,45.98218372100007],[-84.24440716499998,45.979788721000034],[-84.23276116099998,45.97673372100007],[-84.23216616099995,45.98028472200008],[-84.22361015799999,45.97805472200008],[-84.22230315699994,45.97309972100004],[-84.21383715399998,45.968962721000025],[-84.21445915399994,45.97119972100006],[-84.22075815699998,45.97458572100004],[-84.22004515699996,45.976485722000064],[-84.22313415799994,45.98086272200004],[-84.22182715799994,45.98523972300006],[-84.21612315699997,45.985486723000065],[-84.21208215499996,45.98111072300003],[-84.19794014899998,45.97243872200005],[-84.19354314799995,45.97227372200007],[-84.19592014899996,45.975411723000036],[-84.19425614899995,45.97673372300005],[-84.18831414699997,45.976237723000054],[-84.18593814599996,45.973512723000056],[-84.18427414599995,45.97648572400004],[-84.18142214499994,45.97623772400004],[-84.17806514299997,45.96918372300007],[-84.17032813999998,45.965565723000054],[-84.16912113999996,45.96672272300003],[-84.17393514199995,45.97293472400003],[-84.18154114499998,45.97805472400006],[-84.17952014399998,45.98044972500003],[-84.17274614199994,45.97681572400006],[-84.17048814099996,45.97830272500005],[-84.16157513799999,45.974172725000074],[-84.14956713399994,45.97340872500007],[-84.14538413299994,45.97475972600006],[-84.14672013399996,45.97813772600006],[-84.14458113299997,45.979458726000075],[-84.14220513299995,45.979871727000045],[-84.13216912899998,45.97588972700004],[-84.13231713,45.98091272700003],[-84.12860912899998,45.98157272800006],[-84.12556712699995,45.98005372800003],[-84.12243012699997,45.98309272800003],[-84.11701012499998,45.983356729000036],[-84.11165612299999,45.978549728000075],[-84.10550712099996,45.976617728000065],[-84.10436611999995,45.97523072800004],[-84.10616811999995,45.97170572700003],[-84.10075311799994,45.967631727000025],[-84.10313011899996,45.97265372800007],[-84.09837611799998,45.97410672800004],[-84.09333811599998,45.97166272800007],[-84.09419311599999,45.96782972700004],[-84.09175711499995,45.96688172700004],[-84.08885411499995,45.969938728000045],[-84.08040811199999,45.96981172900007],[-84.06931710799995,45.965431729000045],[-84.06012310499995,45.96743372900005],[-84.03460509699994,45.961501730000066],[-84.02734709399994,45.96154973000006],[-84.01757009099998,45.95905473000005],[-84.00756108699994,45.95350073000003],[-84.00306508499995,45.94805573000008],[-84.00135308499995,45.948748730000034],[-83.99529708199998,45.94581873000004],[-84.00047008499996,45.95152573000007],[-83.99647608399994,45.96146973200007],[-83.98514608199997,45.96714173400005],[-83.98251608099997,45.965545734000045],[-83.98114507999998,45.96809573400003],[-83.97865707999995,45.96868873400007],[-83.96939407599996,45.96530673400008],[-83.96181007399997,45.96632073500007],[-83.95928107399999,45.96957273500004],[-83.95726607299997,45.969762736000064],[-83.95263107099998,45.96769773600005],[-83.95218807099997,45.965506735000076],[-83.94962906999996,45.96460073500003],[-83.94744106899998,45.96564673600005],[-83.94507406799994,45.96298873500007],[-83.94359906799997,45.963980735000064],[-83.94455006899994,45.969019736000064],[-83.93124006499994,45.968358737000074],[-83.92922006399994,45.96579773700006],[-83.92232706199997,45.967367737000075],[-83.91686005999998,45.96464173700008],[-83.91377105899994,45.96645873800003],[-83.91353305799998,45.96075873700005],[-83.91911805999996,45.96026273600006],[-83.92126205999995,45.95808373600005],[-83.91617305799997,45.955334736000054],[-83.91382205799994,45.955702736000035],[-83.90973405699998,45.95968573700003],[-83.91139405799998,45.966871738000066],[-83.90545205599994,45.967119738000065],[-83.91139405899997,45.97108373800006],[-83.90996805899994,45.973314739000045],[-83.90509505699998,45.973809739000046],[-83.90771005799996,45.97859974000005],[-83.89546905499998,45.98644474200006],[-83.90054005899998,45.99892674300003],[-83.90858806299997,46.01147974500003],[-83.92460106799996,46.01601574500006],[-83.92719906899998,46.01896974500005],[-83.92905506999995,46.01727774500006],[-83.93547507199997,46.020393745000035],[-83.93611207299995,46.02903674600003],[-83.93682507399996,46.03019174600007],[-83.94124607499998,46.03024874600004],[-83.941936076,46.032171746000074],[-83.94823407699994,46.02854174500004],[-83.95881108099996,46.029778745000044],[-83.96381308199994,46.02784174400006],[-83.96415908199998,46.024663744000065],[-83.96213808099998,46.023672744000066],[-83.96641708199996,46.019051743000034],[-83.97426008399998,46.01822674200008],[-83.97770608499997,46.019381742000064],[-83.98186608699996,46.02449774300004],[-83.98127208699998,46.02730374300006],[-83.98471808899995,46.02779874300006],[-83.98166308799995,46.03074874400005],[-83.98471808899995,46.030273744000056],[-83.98887708999996,46.03192374400004],[-83.99113509199998,46.036131744000045],[-83.99957309499996,46.04091674400007],[-84.00159309599997,46.04471074500003],[-84.00373209699995,46.04553574500005],[-84.00967409799995,46.04372074400004],[-84.01240809899997,46.04446374400004],[-84.01466609999994,46.047597745000076],[-84.01989510199996,46.04801074400007],[-84.03284810799994,46.06079374600006],[-84.03225410799996,46.06598874600007],[-84.03782410999997,46.06586174600005],[-84.04580211299998,46.074727747000054],[-84.07174612399996,46.092449748000035],[-84.06915212399997,46.10398675000005],[-84.06208312299998,46.11131975200004],[-84.05923112199997,46.111731752000026],[-84.05756712099998,46.110413752000056],[-84.05792312199998,46.11420375300003],[-84.05364511999994,46.11362675300006],[-84.05190512099995,46.11981875400005],[-84.03870111699996,46.12562875500004],[-84.03104111399995,46.12319475600003],[-84.03035211499997,46.128206756000054],[-84.02654111399994,46.13165675700003],[-84.02963911499995,46.134547757000064],[-84.06038812599996,46.146146757000054],[-84.07147112999996,46.143935756000076],[-84.08097813299997,46.14961675700005],[-84.08931413599998,46.14644075600006],[-84.09582313799996,46.14774175600007],[-84.10013113999997,46.15077875600008],[-84.10046813999998,46.15529675700003],[-84.10890614299996,46.15817775700003],[-84.10790514299998,46.161486757000034],[-84.11175814499995,46.161470757000075],[-84.11437214599994,46.163445757000034],[-84.11326414599995,46.16886875800003],[-84.11494614699996,46.174122759000056],[-84.12283014999997,46.17888975900007],[-84.12768215099999,46.175132758000075],[-84.13314915299998,46.17694275800005],[-84.13029715099998,46.17011275700003],[-84.13279215199998,46.16920775700004],[-84.13754615399995,46.16978375700006],[-84.14301315599994,46.172663757000066],[-84.14562715699998,46.17916475800007],[-84.15204415999995,46.181879758000036],[-84.15513415999999,46.17686075700004],[-84.16535516299996,46.173568756000066],[-84.16808816399998,46.17521475600006],[-84.16963016499994,46.181673757000056],[-84.17914016899994,46.18566475700004],[-84.17933816799996,46.18212675600006],[-84.18182316899998,46.17983875600004],[-84.17842716699994,46.17570875500007],[-84.18139816799999,46.17381575500008],[-84.18579516899996,46.17406275500008],[-84.18888517099998,46.17891775500004],[-84.19233117199997,46.174721754000075],[-84.19102117099999,46.17136575400008],[-84.19667417199997,46.16615875300005],[-84.22100617899997,46.16307075100008],[-84.23000318299995,46.16871375100004],[-84.23525018399994,46.16907575100004],[-84.25142918999995,46.17589675100004],[-84.24769218999995,46.17989875200004],[-84.24462118899999,46.18048175200005],[-84.24319518999994,46.191506754000045],[-84.24523818999995,46.192579754000064],[-84.25270219199996,46.186981753000055],[-84.26244719599998,46.190272753000045],[-84.27302319999995,46.20145975400004],[-84.26803219899995,46.20474975500008],[-84.26957719999996,46.208203755000056],[-84.26327919799996,46.210424756000066],[-84.26351619899998,46.21437175600005],[-84.25793119799994,46.218154757000036],[-84.24224419299998,46.22341675900003],[-84.23962919199994,46.22062075900004],[-84.23658119099997,46.22025775900005],[-84.22382418799998,46.23163776100006],[-84.21324718499994,46.23163776200005],[-84.21110818499994,46.23467976300003],[-84.21217718599996,46.24388576400003],[-84.20801818499996,46.24602176500008],[-84.18936017899995,46.24191276500005],[-84.18918917799994,46.23485176400004],[-84.18722117699997,46.23196676400005],[-84.16678117099997,46.238953766000066],[-84.159490168,46.23324176500006],[-84.15739216699995,46.228924765000045],[-84.15485816599994,46.22968876500005],[-84.15250416499998,46.22788376500006],[-84.15287616499995,46.22127876400003],[-84.15537216499996,46.21889476300004],[-84.15941316599998,46.21831876300007],[-84.14871716299996,46.21519376300006],[-84.14586516199995,46.21716776400007],[-84.14595516299994,46.225003765000054],[-84.14400616199998,46.22623676500007],[-84.14645916399996,46.22859576500008],[-84.14039816199994,46.23015776600005],[-84.13730816099996,46.22818476600003],[-84.13465715999996,46.23214876700007],[-84.12792015799994,46.22908976700006],[-84.12958415799994,46.22654076600003],[-84.12685015699998,46.22543876600008],[-84.12209715599994,46.228645767000046],[-84.11639315499997,46.23916776900006],[-84.10809415299997,46.24124677000003],[-84.09777115099996,46.256520773000034],[-84.11556815899996,46.26823377300008],[-84.11963416499998,46.31502178000005],[-84.10625216199998,46.32197178200005],[-84.11912716799998,46.337022784000055],[-84.13891117799994,46.37222978800003],[-84.14617718599999,46.41852879500004],[-84.11123018599994,46.50412781000006],[-84.11793018899994,46.51762781200006],[-84.12333019199997,46.520927812000025],[-84.12893019399996,46.530127813000036],[-84.13943119799995,46.53222781300008],[-84.16603320599995,46.52622881100007],[-84.17743320899996,46.52692881000007],[-84.19402521599994,46.54015781100003],[-84.22613622599994,46.53392880800004],[-84.25443923099994,46.500829801000066],[-84.265396233,46.49440180000005],[-84.27581923599996,46.49282979900005],[-84.29302124199995,46.49281179800005],[-84.32537625299994,46.50002979700008],[-84.34143225899999,46.50769779700005],[-84.37397326999996,46.509106796000026],[-84.39473027499997,46.499250793000044],[-84.42027928299996,46.501085792000026],[-84.44515428999995,46.48902478900004],[-84.46332729299996,46.46744378400007],[-84.45526128999995,46.46279378400004],[-84.45553228899996,46.45390578200005],[-84.46260228899996,46.44094878000004],[-84.47185329099995,46.43429777800003],[-84.47951829399994,46.43258177800004],[-84.48295029499997,46.433593778000045],[-84.49015329799994,46.43927577800008],[-84.49279829899996,46.43933277800005],[-84.497122301,46.44684377900006],[-84.50028630199995,46.44673077900006],[-84.50399730299995,46.44545177800006],[-84.50539630299994,46.442674778000026],[-84.50299530199999,46.44063777800005],[-84.50372430199997,46.43919877700006],[-84.51078230399997,46.43317377600005],[-84.51576930499994,46.43312777600005],[-84.51782230599997,46.43476177600007],[-84.52320830799994,46.43355277500007],[-84.53068430899998,46.42769877400008],[-84.55150131499994,46.418530771000064],[-84.58331432399996,46.413513769000076],[-84.59626832799995,46.41515276800004],[-84.59935832999997,46.41818376900005],[-84.60423033299998,46.43178277000004],[-84.60244833299998,46.43792477100004],[-84.598645332,46.44152877200003],[-84.59496133099998,46.44259277300006],[-84.59187132999995,46.44160977300004],[-84.58735532799994,46.43751577200004],[-84.58664232699994,46.43129077100008],[-84.57986832499995,46.432928772000025],[-84.57487732299995,46.42760477100006],[-84.57352732299995,46.427903772000036],[-84.58029732599994,46.436920773000054],[-84.59917433399994,46.451805774000036],[-84.60795033699998,46.456755774000044],[-84.62155334399995,46.47820177600005],[-84.63102534799998,46.48487677700007],[-84.65388535499994,46.48225877500005],[-84.67842836299997,46.48770277500006],[-84.68503536499998,46.483911774000035],[-84.68967736599996,46.48393177300005],[-84.72334337499996,46.46827476900006],[-84.76915638799994,46.45353176400005],[-84.80010639699998,46.446227761000046],[-84.81731240199997,46.44432776000008],[-84.82937740599994,46.44449675900006],[-84.83926740899994,46.44630075900005],[-84.84391241099996,46.44866975900004],[-84.849202414,46.45893876000008],[-84.86145341899999,46.46993876100004],[-84.87507542299994,46.46678976000004],[-84.89342842799994,46.465414758000065],[-84.91518943599993,46.46752375700004],[-84.92193643799999,46.469970757000056],[-84.93443744299998,46.480323758000054],[-84.93546144499999,46.48907576000005],[-84.93715044499999,46.489260760000036],[-84.93995344599995,46.48532275900004],[-84.94328044699995,46.485159759000055],[-84.94727444799997,46.487407759000064],[-84.95125844899997,46.485910758000045],[-84.94988244899997,46.48509475800006],[-84.95531244999995,46.48027775700007],[-84.96431745199999,46.47679575600006],[-85.01521646899994,46.47972075300004],[-85.02560347199994,46.48303675300008],[-85.03377147499998,46.48767875400006],[-85.04194947899998,46.498343755000064],[-85.04985248299994,46.503971755000066],[-85.05494848499995,46.51475875600005],[-85.05613848699994,46.52652875800004],[-85.05295948699995,46.53283575900008],[-85.04553948499995,46.53770276100005],[-85.02708847999997,46.543046762000074],[-85.02549647999996,46.54640576300005],[-85.02737948199996,46.55376476400005],[-85.02959948199998,46.55442776400008],[-85.02902648299994,46.56330776500005],[-85.03548148799996,46.581555768000044],[-85.03706149099997,46.60100377100008],[-85.02829649699999,46.675133783000035],[-85.03008349899994,46.68477778400006],[-85.02751849999999,46.69745978600008],[-85.02016449899997,46.71247178900006],[-85.00762149699995,46.72834779200008],[-84.98754449299997,46.74549179600007],[-84.96440348799996,46.762080800000035],[-84.95330248499994,46.76792380100005],[-84.95029248399999,46.76802980100007],[-84.95625348699997,46.77190280200006],[-84.97222149199996,46.77332380100006],[-84.99740949999995,46.77132579900007],[-85.03629151099994,46.76044379500007],[-85.06356151899996,46.75786479300007],[-85.09635852899999,46.758876791000034],[-85.15782254999993,46.76515578900006],[-85.21728556699998,46.75675778400006],[-85.25686557899996,46.75338878100007],[-85.31093459399995,46.73753477500003],[-85.36319260799996,46.71653876900007],[-85.36447660899995,46.717905769000026],[-85.37079560999996,46.714420768000025],[-85.40827962099996,46.70261676400003],[-85.42647162599997,46.69847676200004],[-85.48210164099999,46.68044075600005],[-85.50951564899998,46.67579475400004],[-85.54252265899999,46.67427175100005],[-85.58735067299995,46.67463574900006],[-85.62457868599995,46.678870747000076],[-85.66875869999996,46.68041274500007],[-85.71442071299998,46.67716474100007],[-85.75061172499994,46.67737673900007],[-85.79492873899994,46.68109173700003],[-85.84106275499994,46.68890473500005],[-85.87791376699994,46.690922734000026],[-85.90917577599998,46.686893731000055],[-85.97255279399997,46.670587725000075],[-85.98206079699997,46.67124072400003],[-85.98360479699994,46.67352372400006],[-85.97148379399994,46.67678472600005],[-85.97167379499996,46.679942726000036],[-85.99504980099994,46.673684724000054],[-86.03697481299997,46.66763572000008],[-86.05816281899996,46.661420718000045],[-86.087944828,46.65532871500005],[-86.10577283299995,46.65436871400004],[-86.11986783799995,46.657264714000064],[-86.12545684099996,46.664319714000044],[-86.13830084599994,46.67294371500003],[-86.16168685299994,46.669483713000034],[-86.18802985899998,46.654016709000075],[-86.34989589899999,46.57804368700005],[-86.39041490999995,46.56320268300004],[-86.40691091499997,46.55946168100007],[-86.44387192499994,46.54731167700004],[-86.45326292799996,46.552025677000074],[-86.45522192899995,46.55059967700004],[-86.46160393099996,46.553482677000034],[-86.467750933,46.552464676000056],[-86.47090693299998,46.54775467500008],[-86.48196193599995,46.54271767400007],[-86.48400893599995,46.53597367300006],[-86.48955693699997,46.53283167200004],[-86.49505993799994,46.52488267000007],[-86.50553493999996,46.51886066900005],[-86.51639294299997,46.516449668000064],[-86.52418494399996,46.506172666000055],[-86.53133194599997,46.50254966500006],[-86.53193294599998,46.50013066400004],[-86.54816394999995,46.495160663000036],[-86.55135795099994,46.49557266200003],[-86.56836895399994,46.477244659000064],[-86.58244195799995,46.467943656000045],[-86.59574995999998,46.45290965300006],[-86.60516096299995,46.454207653000026],[-86.60836996399996,46.45266465200007],[-86.60753896199998,46.443329651000056],[-86.62940496599998,46.424082647000034],[-86.63011796599994,46.42006864600006],[-86.63499096699996,46.41392364500007],[-86.63812796799994,46.41169464400008],[-86.64471196899996,46.41080964400004],[-86.65124797199996,46.41212064400003],[-86.66218097599995,46.418675644000075],[-86.66253797599995,46.421952644000044],[-86.65279297499995,46.43153664600004],[-86.65531197699994,46.44251064800005],[-86.66921598199997,46.44562264800004],[-86.68335798499999,46.43915364600008],[-86.70323599099999,46.43938664400008],[-86.71057899399995,46.444916645000035],[-86.721704,46.45873564600004],[-86.72759500199999,46.46108264600008],[-86.732358004,46.46560664700007],[-86.73110200399998,46.47176864800008],[-86.73738500699994,46.475861648000034],[-86.74175200799993,46.47557364800008],[-86.75016301099998,46.479117648000056],[-86.76608801599997,46.47828064600003],[-86.76674501599996,46.479445647000034],[-86.78187202099997,46.47756464500003],[-86.78923002299996,46.478450645000066],[-86.78993602299994,46.47630664500008],[-86.80356302599995,46.466677642000036],[-86.80544002599999,46.46205564200005],[-86.80882302699996,46.46061964100005],[-86.80972602599996,46.454501640000046],[-86.81223902699998,46.452760640000065],[-86.81156702599998,46.44621863900005],[-86.81603202599996,46.43790063700004],[-86.83745403199998,46.43419463500004],[-86.85011703599997,46.43412263500005],[-86.875157044,46.43728863300004],[-86.88003804599998,46.43898963300006],[-86.88621804899998,46.444230634000064],[-86.88398204899994,46.450984635000054],[-86.88936105099998,46.45490863500004],[-86.88940405199997,46.45891563600003],[-86.90374805699997,46.466146636000076],[-86.92773106399994,46.46457463400003],[-86.94266706899998,46.46928263400008],[-86.94708307099995,46.47207263400003],[-86.94932207299996,46.47828563500008],[-86.94320807099996,46.48156563600003],[-86.94698607299995,46.484575636000045],[-86.95425107699998,46.49607363700005],[-86.95535707799996,46.50153263800007],[-86.96284808099995,46.509654639000075],[-86.96454008199998,46.51655764000003],[-86.97070708499996,46.51979264000005],[-86.97696408799999,46.526589640000054],[-86.98249608999998,46.528404640000076],[-86.99424309299997,46.52695663900005],[-86.99959109499997,46.52867363900003],[-87.00232509599994,46.53104464000006],[-87.00186209599997,46.53306464000008],[-87.00531409699994,46.53396164000003],[-87.00873009799994,46.532731639000076],[-87.01758510099995,46.53368863900005],[-87.01972510199994,46.53545963900007],[-87.02163610299993,46.53422263900006],[-87.01991310099999,46.52810063800007],[-87.03346110499996,46.52507563700004],[-87.03785410599994,46.52641163700008],[-87.04602810799997,46.519964635000065],[-87.07283811599996,46.51579863300003],[-87.07493611699994,46.517143633000046],[-87.07728511699997,46.515347632000044],[-87.08032211899996,46.51800763300008],[-87.08493711899996,46.51103463100003],[-87.09099112099994,46.50925463100003],[-87.09238112099996,46.50694163000003],[-87.10241312299996,46.50222662900006],[-87.10469512299994,46.49789962800003],[-87.11664012699998,46.494816627000034],[-87.13457713199995,46.493926626000075],[-87.15199513799996,46.49671862500003],[-87.15842613999996,46.49856962500007],[-87.16257514199998,46.50536062600003],[-87.16607414299995,46.506171626000025],[-87.17127014499994,46.50404962500005],[-87.17507114499995,46.497556624000026],[-87.20241015299996,46.49083562100003],[-87.25873816999996,46.48826361700003],[-87.31076118599998,46.492025614000056],[-87.33371819399997,46.496209613000076],[-87.35941620299997,46.50346061300007],[-87.38552921299998,46.52048561400005],[-87.39145421599994,46.52824661500006],[-87.39095921699999,46.532713615000034],[-87.39344821699996,46.532183615000065],[-87.39399121799994,46.53319161500008],[-87.39030621799998,46.54258561700004],[-87.38415721599995,46.543061617000035],[-87.37492921299997,46.54661561800003],[-87.38131321599997,46.55022561800007],[-87.38101921599997,46.55561761900003],[-87.38761321899995,46.56139762000004],[-87.39298022199995,46.57253162100005],[-87.39247622299996,46.577299622000055],[-87.38974222299998,46.58048462200003],[-87.38605822199997,46.58228162300003],[-87.38165521999997,46.58006762300005],[-87.37954521999995,46.58160962300008],[-87.37701621999997,46.590345625000054],[-87.38003622099995,46.59351662500006],[-87.38396722199997,46.59307862500003],[-87.38629622299999,46.59110262400003],[-87.38641522199998,46.585467623000056],[-87.39532822499996,46.584405623000066],[-87.40792522899994,46.58783562200006],[-87.40887622999998,46.59412462300003],[-87.41196623099995,46.59363462300007],[-87.41089623099998,46.59249062300006],[-87.41267923099997,46.591674623000074],[-87.43121823699994,46.59044962100006],[-87.43442623799996,46.59175562100006],[-87.43466423799998,46.59494062200008],[-87.43953623999994,46.59477762100005],[-87.44322024099995,46.598860622000075],[-87.441200241,46.59959562200004],[-87.44261824199998,46.60278462200006],[-87.45137424499995,46.60593162200007],[-87.45243024599995,46.60913362300005],[-87.45653324699998,46.609221622000064],[-87.46411424999997,46.61481962300007],[-87.46264524999998,46.617652623000026],[-87.46756925299997,46.62623662400006],[-87.46654325299994,46.63156362500007],[-87.46255125199997,46.63571662600003],[-87.46797125399996,46.63563162600008],[-87.49286626299994,46.64256962500008],[-87.50303126699998,46.647505625000065],[-87.51137327099997,46.66197062700007],[-87.52487927699997,46.67632162800004],[-87.52245227699996,46.68102162900004],[-87.52461727799994,46.686645630000044],[-87.52002927799998,46.69004963000003],[-87.52067327799995,46.69107763100004],[-87.52540327899999,46.69054463000003],[-87.52941928099995,46.69400663000005],[-87.54061128499995,46.696956630000045],[-87.54378928599994,46.70007063000003],[-87.54363528699997,46.70329163100007],[-87.55669129099994,46.70935163100006],[-87.56214329399995,46.71492463100003],[-87.56162429399996,46.716704632000074],[-87.56521029499999,46.715440631000035],[-87.57349929799994,46.72024763200005],[-87.58275130199996,46.730535632000056],[-87.58483630399996,46.73637963300007],[-87.58287830299997,46.737912634000054],[-87.59077330799994,46.75301763500005],[-87.59548531199994,46.77434063800007],[-87.59039531199994,46.78245664000008],[-87.59531331299996,46.78295863900007],[-87.60799431799995,46.78841663900005],[-87.62808732699995,46.80516564100003],[-87.63330632899994,46.81211564100005],[-87.64189333199994,46.813741641000036],[-87.65151633499994,46.81241964000003],[-87.66787933999996,46.81710364000003],[-87.67435134299996,46.82405864000003],[-87.67454734499995,46.836972642000035],[-87.68067434799997,46.84250464300004],[-87.68717034999997,46.84175064200008],[-87.68570434799994,46.83253864100004],[-87.69459634999998,46.827190640000026],[-87.71374335599995,46.82554263800006],[-87.72736435999997,46.827664637000055],[-87.73152836199995,46.83120463800003],[-87.73433136399996,46.83696363800004],[-87.73673836599994,46.847224640000036],[-87.73487636599998,46.85012864000004],[-87.73713536699995,46.85182764000007],[-87.74102036999994,46.86525564200008],[-87.74665237099998,46.86543564200008],[-87.75587437399997,46.86046164000004],[-87.77161837899996,46.863179640000055],[-87.77681038099996,46.86683164000004],[-87.77875838199998,46.87043064000005],[-87.77631938199994,46.87259964100008],[-87.77693638199997,46.87673464200003],[-87.78003838399997,46.87889364200004],[-87.79504138899995,46.88149264100008],[-87.80373239099998,46.88139164000006],[-87.81322839499995,46.88616564100005],[-87.81680039699995,46.89116264100005],[-87.82716839999995,46.88972164000006],[-87.84123440299999,46.88437163800006],[-87.84620140499999,46.88391363800008],[-87.87454441499995,46.89258663800007],[-87.89765942399998,46.90891563800005],[-87.90145442499994,46.90982763800008],[-87.92177443099996,46.90854663700003],[-87.95600644199999,46.90905963500006],[-87.98971645199998,46.90490763200006],[-87.99872145499995,46.90535963100007],[-88.012153459,46.910047631000054],[-88.03241446599998,46.90889863000007],[-88.06519847699997,46.91857162900004],[-88.08187648199998,46.92046662800004],[-88.10132148799994,46.91721562600003],[-88.12693349499995,46.90984862400006],[-88.14012849899996,46.90897862300005],[-88.16191950499996,46.90494962100007],[-88.18479251199994,46.904656619000036],[-88.18859451299994,46.90165261800007],[-88.21533351899996,46.89133961500005],[-88.21141251799997,46.88752261500008],[-88.21129351699994,46.884110614000065],[-88.23235852199997,46.872670611000046],[-88.24266752399996,46.86136360900008],[-88.24195452299995,46.860063609000065],[-88.25455152399996,46.83917560500004],[-88.26215652599996,46.83641060400004],[-88.26489052599999,46.829581603000065],[-88.27297152799997,46.82421560100005],[-88.28342953099997,46.82299560100006],[-88.28283553199998,46.83202060200006],[-88.27147152899994,46.83788360400007],[-88.26037452799994,46.85299260700003],[-88.25466952799997,46.86599460900004],[-88.24979752599995,46.865669609000065],[-88.25122352799997,46.87119461000003],[-88.24266752699998,46.88508561200007],[-88.23411052599994,46.89475061400003],[-88.21200652099998,46.90904061800006],[-88.20737151899993,46.908147618000044],[-88.20059751799994,46.91456161900004],[-88.18752851499994,46.91900762100005],[-88.15012050699994,46.94363862700004],[-88.14703450599995,46.94724662800007],[-88.14708150699994,46.95391062900006],[-88.14475050699997,46.95621962900003],[-88.12914950299995,46.962685631000056],[-88.13669750499997,46.962581631000035],[-88.14296050799999,46.96691163100007],[-88.15061650999996,46.96387163000003],[-88.15538051099998,46.96507763000005],[-88.16723351399997,46.958863628000074],[-88.18982651999994,46.95232462600006],[-88.19873452199994,46.94392062400004],[-88.21698752699996,46.93967362200004],[-88.24444353399997,46.92962061900005],[-88.26159953699994,46.91552461600003],[-88.28125054199995,46.906640613000036],[-88.31029654799994,46.889756609000074],[-88.31466954899997,46.884507608000035],[-88.34247655499996,46.86565860300004],[-88.35194655699996,46.85703660100006],[-88.35508955699999,46.856097601000045],[-88.36877356199994,46.857321600000034],[-88.375767565,46.86170460000005],[-88.37268756499998,46.872285602000034],[-88.37996556699994,46.872033601000055],[-88.38973356999998,46.86710860000005],[-88.39953157099995,46.85744959800007],[-88.40399457199999,46.85142959700005],[-88.40405057099997,46.847806596000055],[-88.390141568,46.851603598000054],[-88.38205856399998,46.84544559700004],[-88.38141656299996,46.838474596000026],[-88.41523156999995,46.81172359000004],[-88.43384157299994,46.793510586000025],[-88.43967957299998,46.781979584000055],[-88.44906857399997,46.77074858200007],[-88.45144557499998,46.766190581000046],[-88.45061357399999,46.763178581000034],[-88.46748857699998,46.75194257800007],[-88.47640157999996,46.74949957700005],[-88.49733658699995,46.755115577000026],[-88.49958158799996,46.75909157700005],[-88.49853758799998,46.76239957800004],[-88.48210558599999,46.78263058200008],[-88.47739358499996,46.78416958200006],[-88.46998958199998,46.78031158200008],[-88.46235558099994,46.786719584000025],[-88.46225958099996,46.789710584000034],[-88.47279758599996,46.80432558500007],[-88.47324358799995,46.81275758700008],[-88.48258559199996,46.82620558800005],[-88.48430559399998,46.832511589000035],[-88.47794159399996,46.85056859200006],[-88.47895859599998,46.86173759300004],[-88.47432759699996,46.87672859600008],[-88.47586559899997,46.886050597000064],[-88.46958959799997,46.89481059900004],[-88.45541059799996,46.92332960400006],[-88.44857659899998,46.94677760800005],[-88.44533960099994,46.96997161100006],[-88.44390760099998,46.97225961200007],[-88.42720059699997,46.97708761400003],[-88.41115159199995,46.97799261500006],[-88.38561258799996,47.004530620000025],[-88.373972585,47.012270622000074],[-88.36763058399998,47.01922162400007],[-88.36721358499994,47.02722462500003],[-88.35906058399996,47.039747627000054],[-88.35373158499993,47.05484763000004],[-88.35319758699995,47.06907163200003],[-88.34995858699995,47.07638563300003],[-88.34671558599996,47.079380634000074],[-88.34215258499995,47.079725634000056],[-88.33520658299994,47.083372635000046],[-88.32179857999995,47.08688663700008],[-88.31381157799996,47.09187263800004],[-88.29763157399998,47.09851364000008],[-88.28835357299994,47.114555643000074],[-88.28717957399994,47.12042864400007],[-88.28904657599998,47.12969764500008],[-88.28170757499998,47.138220647000026],[-88.27202357199997,47.14351964800005],[-88.26297856999997,47.14518264900005],[-88.25530956699998,47.143648649000056],[-88.25079156499999,47.14021764900008],[-88.24957756399994,47.13623964900006],[-88.24763456399995,47.13598964900007],[-88.23990156199994,47.13944465000003],[-88.23217055999999,47.14598365100005],[-88.23180356099994,47.149617652000074],[-88.23672756199994,47.149295651000045],[-88.23947656299998,47.151145651000036],[-88.24266656499998,47.15843465200004],[-88.24201256799995,47.174775655000076],[-88.23901856799995,47.18624665600004],[-88.22899356699997,47.19905065900008],[-88.22002156499997,47.20257166000005],[-88.21236756299999,47.20943166200004],[-88.19422455799997,47.209250663000034],[-88.17971755399998,47.21297266400006],[-88.17448855199996,47.21192366400004],[-88.16636154999998,47.21554266600003],[-88.15725654899995,47.22596766800007],[-88.13281954299998,47.23772167100003],[-88.11746254099995,47.255182674000025],[-88.10883953799998,47.259139676000075],[-88.10155553599998,47.25937367600005],[-88.09685753499997,47.26135967700003],[-88.08910053399995,47.270467679000035],[-88.06009652899996,47.295804684000075],[-88.05485552699997,47.29824868500003],[-88.03681052199994,47.30025068600003],[-88.01648451699998,47.306283689000054],[-87.98913950999997,47.32264169300004],[-87.98528550899994,47.32327469300003],[-87.96861050499996,47.33259069600007],[-87.95839250299997,47.33444369600005],[-87.94635849899998,47.33426269700004],[-87.94336649799999,47.33590769800003],[-87.93825649699994,47.34230769900006],[-87.93879349799994,47.346785700000055],[-87.94698050199997,47.35311870000004],[-87.94740350199999,47.35546970000007],[-87.95480250499998,47.35681770000008],[-87.96257350799993,47.36255170000004],[-87.96560450999993,47.36865370100003],[-87.96506950999998,47.37443870200008],[-87.95706450999995,47.387268704000064],[-87.94161950499995,47.390081706000046],[-87.91017149599998,47.39300270800004],[-87.89653449199994,47.39170370900007],[-87.88225148799995,47.39559671000006],[-87.86641648299997,47.39384071100005],[-87.85670647999996,47.39539571200004],[-87.84333547499995,47.39343271300004],[-87.83847547299996,47.39002771200006],[-87.830636471,47.389962713000045],[-87.82712146899996,47.386168713000075],[-87.81537746499998,47.384798713000066],[-87.80030046199994,47.392156715000056],[-87.78909145899996,47.393822716000045],[-87.77327045299995,47.39232271700007],[-87.76738645199998,47.393971718000046],[-87.76469845099996,47.39607971800007],[-87.76502545199997,47.39866071800003],[-87.75906345099997,47.40302171900004],[-87.75138644799995,47.40507472000007],[-87.74731344699995,47.40404872000005],[-87.74242344599998,47.40583172100003],[-87.73217244199998,47.40260972100003],[-87.72128043799995,47.40104072200006],[-87.71242743599998,47.40140872200004],[-87.71047743599996,47.40620872300008],[-87.71683743999995,47.421807725000065],[-87.71562343999994,47.42657372600007],[-87.71303343999995,47.42642472600005],[-87.71594844199996,47.439824728000076],[-87.73081044799994,47.449120728000025],[-87.75674545799995,47.46072572800006],[-87.79477847099997,47.47149472700005],[-87.80085647299995,47.471627727000055],[-87.80119047399995,47.47330972700007],[-87.80923447599997,47.47392572600006],[-87.80987347599995,47.47259272600007],[-87.81696447799999,47.472006726000075],[-87.84718748799997,47.47384472400006],[-87.85630349099995,47.47617072400004],[-87.86083849199997,47.47428172300005],[-87.85630349099995,47.47254972300004],[-87.85473648999994,47.47353872300005],[-87.84982648899995,47.472867724000025],[-87.84752848699998,47.46937272300005],[-87.86387549199998,47.46774872200007],[-87.86768849399994,47.46937272200006],[-87.87557449599996,47.46764272100006],[-87.90226250499995,47.47216172000003],[-87.89677850299995,47.473926721000055],[-87.88560249999995,47.47353872100007],[-87.87846549799997,47.47534672200004],[-87.89804250399999,47.474880721000034],[-87.90242250599994,47.47705372100006],[-87.93831151699999,47.47976171900007],[-87.97585352899995,47.480195716000026],[-88.04029754799996,47.47600771100008],[-88.048083551,47.474981711000055],[-88.04933254999997,47.46979371000003],[-88.07639455799995,47.46776070800007],[-88.07908855899996,47.468051708000075],[-88.08058755999997,47.470472708000045],[-88.08332856099997,47.470311708000054],[-88.10952356799999,47.46526770500003],[-88.14770857899998,47.461236702000065],[-88.15057757999995,47.46010170200003],[-88.14924057999997,47.45867470200005],[-88.14397057799994,47.460253702000045],[-88.14088057699996,47.45781770200006],[-88.15072957999996,47.45532270100006],[-88.15928958199999,47.45518770100006],[-88.16055758299996,47.458268701000065],[-88.15826758199995,47.45885570100006],[-88.16045158299994,47.46016570100005],[-88.17622258799997,47.45711170000004],[-88.18182658899997,47.457665699000074],[-88.19598759299998,47.454164698000056],[-88.19578159299994,47.452356698000074],[-88.19853059399998,47.45118469700003],[-88.20036159399996,47.452093697000066],[-88.21577059899994,47.450161696000066],[-88.21938959999994,47.44901969600005],[-88.21677659899996,47.448116696000056],[-88.21843059899999,47.44159369500005],[-88.22745259999994,47.435101693000036],[-88.23916760299994,47.42997769200008],[-88.25299960699994,47.42667969000007],[-88.28520161599994,47.42240068700005],[-88.30345362099996,47.41221268500004],[-88.32408962599999,47.40355068200006],[-88.35511063399997,47.39374567900006],[-88.37288363899995,47.39199167700008],[-88.38111564099995,47.38635467600005],[-88.38946564299994,47.38443967500007],[-88.41418464899994,47.371770672000025],[-88.42006565099996,47.37161167100004],[-88.42587365199995,47.368330670000034],[-88.44556465499994,47.34900066600005],[-88.45926865799998,47.339911664000056],[-88.47049065999994,47.327661662000025],[-88.47773965999994,47.31346865900008],[-88.50078666399997,47.29351165500003],[-88.55187267599996,47.26210664700005],[-88.57400367999998,47.24599764300007],[-88.58491868299996,47.24236964200003],[-88.61181969099994,47.23902663900003],[-88.61894969199994,47.233392638000055],[-88.64032969799996,47.22679263600003],[-88.65636570199996,47.22563263400008],[-88.67240170599996,47.21914563200005],[-88.69966671299994,47.20483962900005],[-88.72969471899995,47.18584262400003],[-88.76131972499996,47.156758618000026],[-88.77522472799996,47.15037461600008],[-88.78981973299994,47.15093361500004],[-88.80069773499997,47.14676961300006],[-88.805053736,47.14334261300007],[-88.81484073899998,47.14140761200008],[-88.82190174099998,47.137215611000045],[-88.83559474299994,47.12179060700004],[-88.84583074499994,47.11466260600008],[-88.85537874699997,47.114271605000056],[-88.86161874899994,47.11052260400004],[-88.87233775199996,47.10779060300007],[-88.88914675599995,47.10058360100004],[-88.89213975599995,47.09594960000004],[-88.90371275799998,47.086169598000026],[-88.90251575699995,47.08280459700006],[-88.90558675799997,47.07764959600007],[-88.908460758,47.074293596000075],[-88.91171475899995,47.07379759500003],[-88.91419575799995,47.05925459300005],[-88.93362375899994,47.03080158800003],[-88.95081776199999,47.014111584000034],[-88.97280876699995,47.002104581000026],[-88.98720377099994,46.99724757900003],[-89.01639977999997,46.99404857700006],[-89.02300078199994,46.99512857700006],[-89.02893678399994,47.00114857700004],[-89.03949678699996,46.99942757600007],[-89.06310979299997,46.98853057300005],[-89.07812679699998,46.98576057200006],[-89.10047280399993,46.98539957000003],[-89.11316480799996,46.98936457000008],[-89.11834581099998,46.994228570000075],[-89.12870481399995,46.99260756900003],[-89.14260181699996,46.98486756700004],[-89.14828281799998,46.979633566000075],[-89.14873681699999,46.97666856600006],[-89.15764281899999,46.96930656400008],[-89.17323682299997,46.96389356200007],[-89.18186882399993,46.95147156000007],[-89.20151782699998,46.93115755500003],[-89.22792083199994,46.91296255100008],[-89.28355784599995,46.889874544000065],[-89.29481284899998,46.887871543000074],[-89.31200085299997,46.879278541000076],[-89.32580985699997,46.87617453900003],[-89.32878885799994,46.87671853900008],[-89.35229686299994,46.862981535000074],[-89.42533788199995,46.84146052700004],[-89.47154689599995,46.83736752400006],[-89.48078389899996,46.83890952300004],[-89.49125890199997,46.83845652300005],[-89.49908690499996,46.84162952200006],[-89.50266890599994,46.84005152200007],[-89.51394490899997,46.841843521000044],[-89.53568991499998,46.83588651900004],[-89.54445391699994,46.83503551800004],[-89.55150191999996,46.836722518000045],[-89.55616492099995,46.83461151800003],[-89.59518393199994,46.826404514000046],[-89.60088993299996,46.82292151300004],[-89.61933593799995,46.81889851100004],[-89.63494494299994,46.81949651000008],[-89.64226194599996,46.825348510000026],[-89.66063195199996,46.83106451000003],[-89.67338195599996,46.83323750900007],[-89.68693995999996,46.83074350800007],[-89.72028396999997,46.83042150600005],[-89.79066998999997,46.81847749900004],[-89.831963,46.80406149400005],[-89.84865900399996,46.795719492000046],[-89.91847301699994,46.740332479000074],[-89.93236801999996,46.73341547700005],[-89.95710802499997,46.71693747300003],[-89.98038003099998,46.70726347000004],[-89.99604103399997,46.69323346700003],[-90.02839904099994,46.674398462000056],[-90.04542704499994,46.66828046000006],[-90.10070205999995,46.65514045500004],[-90.16403307699994,46.64552344900005],[-90.23761609599995,46.62449344100003],[-90.26530110399995,46.618524438000065],[-90.30661611399995,46.60274943300004],[-90.33297712299998,46.608737432000055],[-90.41814314199996,46.56610242000005]]]]}},{"type":"Feature","properties":{"shapeName":"Wisconsin","shapeISO":"US-WI","shapeID":"66186276B91272823970344","shapeGroup":"USA","shapeType":"ADM1"},"geometry":{"type":"MultiPolygon","coordinates":[[[[-86.95617293199996,45.35549746200007],[-86.95613493099995,45.34227546000005],[-86.94809292699995,45.33530446000003],[-86.93175392199998,45.33239146000005],[-86.92717491999997,45.329703460000076],[-86.91820791599997,45.317029459000025],[-86.91059891299994,45.314019459000065],[-86.90671091199994,45.31046445800007],[-86.90304390999995,45.302061457000036],[-86.90490390999997,45.29684745600008],[-86.89989690799996,45.29519345600005],[-86.89707990699998,45.296069457000044],[-86.90038590999995,45.31150345900005],[-86.90867291299998,45.31663245900006],[-86.90914091399998,45.32279246000007],[-86.90317491299999,45.33312046200007],[-86.900448913,45.33602646300005],[-86.89148990999996,45.33819946400007],[-86.87512290499996,45.33087846400008],[-86.86646090299996,45.33569246500008],[-86.86550490299999,45.34098946600005],[-86.86859990499994,45.34955746700007],[-86.86774890499998,45.35307346700006],[-86.86360890399999,45.35590446800006],[-86.86356890499997,45.364896470000076],[-86.85310890299996,45.37086947100005],[-86.84940990099994,45.37014447100006],[-86.84112090099995,45.38661947400004],[-86.82438889799994,45.40614347800005],[-86.81807889699996,45.40815547900007],[-86.80830889299995,45.40607547900004],[-86.80542089299996,45.407332480000036],[-86.81006089599998,45.42262748200005],[-86.81707489899998,45.426971482000056],[-86.82866690199995,45.428547482000056],[-86.83090590299997,45.42603148100005],[-86.82914890099994,45.41649848000003],[-86.83035890099995,45.410860479000064],[-86.85315090699999,45.405555476000075],[-86.86147790999996,45.41207547700003],[-86.87750791499997,45.41398947600004],[-86.89289891999994,45.40898847500006],[-86.91427392599996,45.40823547300005],[-86.91898792699999,45.404652472000066],[-86.92350392799995,45.397310471000026],[-86.92920792899997,45.39897847100008],[-86.92706892999996,45.40915847300005],[-86.93051693199999,45.41754447400007],[-86.93428193399996,45.42115747400004],[-86.93739893499998,45.42097447400005],[-86.94304693599997,45.41525847300005],[-86.95520993599996,45.38372946700008],[-86.94751593099994,45.366442465000034],[-86.94630292999994,45.35869846400004],[-86.94827792999996,45.35569046300003],[-86.95463993199996,45.358577463000074],[-86.95617293199996,45.35549746200007]]],[[[-86.95791492799998,45.315075456000045],[-86.96051692799995,45.311068455000054],[-86.95722792699996,45.304764454000065],[-86.94416592199997,45.300640455000064],[-86.94317092199998,45.304628455000056],[-86.94760692399996,45.31232945600004],[-86.95791492799998,45.315075456000045]]],[[[-87.21192798899995,45.18135342000005],[-87.21385898899996,45.17865141900006],[-87.21168998899998,45.176327419000074],[-87.20788798699994,45.176159419000044],[-87.20669898799997,45.18051542000006],[-87.21192798899995,45.18135342000005]]],[[[-87.27054700499997,45.16603541400008],[-87.26802100299994,45.15672041200003],[-87.26326700199996,45.15672041300007],[-87.26279200199997,45.161245413000074],[-87.26588100399994,45.16526741400003],[-87.26398000399996,45.17230541500004],[-87.25589900199998,45.176159416000075],[-87.25780000299994,45.17984541700008],[-87.26778300499996,45.17398141500007],[-87.27054700499997,45.16603541400008]]],[[[-87.37755403999995,45.18393241000007],[-87.37678403899997,45.177307409000036],[-87.32729202099995,45.15737240900006],[-87.33798402599996,45.17001841000007],[-87.33861102699996,45.175824411000065],[-87.33580002699995,45.18017441200004],[-87.33480902899998,45.19642941500007],[-87.33725302999994,45.20103741500003],[-87.33235002899994,45.20639241600003],[-87.33416602999995,45.21167841700003],[-87.33704503099995,45.21168141700008],[-87.34393403299998,45.20756941600007],[-87.34634803299997,45.20202541500004],[-87.35446103499999,45.197781414000076],[-87.36071503699998,45.19836241300004],[-87.36325903799997,45.20226141400008],[-87.36558403899994,45.20285641400005],[-87.36900503899994,45.198488413000064],[-87.37661804099997,45.198181412000054],[-87.37438003999995,45.189374411000074],[-87.37755403999995,45.18393241000007]]],[[[-87.50619006399995,45.05957338300004],[-87.49015705799997,45.055047383000044],[-87.49642106099998,45.061080383000046],[-87.50619006399995,45.05957338300004]]],[[[-90.46547221999998,47.00260147900008],[-90.46724521999994,46.99428747800005],[-90.44867721499998,46.99944948000007],[-90.44108821199995,46.99835348000005],[-90.43140420999998,47.00145848200003],[-90.42070820799995,47.01231748400005],[-90.41343520599997,47.013178484000036],[-90.40882420499997,47.01734148500003],[-90.40350620499999,47.02537448700008],[-90.40603620699994,47.036471488000075],[-90.40069420699996,47.044684490000066],[-90.39886920799995,47.053037491000055],[-90.39432620699995,47.057836492000035],[-90.39325420799997,47.06885549400005],[-90.39596420999999,47.072116494000056],[-90.393513209,47.07532249500008],[-90.39537420999994,47.07718349500004],[-90.40193921199995,47.07689149400005],[-90.40982221399997,47.07407749300006],[-90.41727921699999,47.07757849300003],[-90.43727822199997,47.07349149100003],[-90.44908222499998,47.066021489000036],[-90.45713522399996,47.04406648600008],[-90.45525821999996,47.024008483000046],[-90.45746021899998,47.01279148100008],[-90.46547221999998,47.00260147900008]]],[[[-90.51706421699998,46.87598045800007],[-90.49445320899997,46.87003745800007],[-90.47442420399994,46.87503846100003],[-90.47205120399997,46.88157446200006],[-90.46744520299995,46.881801462000055],[-90.458411201,46.888971464000065],[-90.44977519899999,46.892723465000074],[-90.44773819899996,46.89621846500006],[-90.45046219999995,46.89891146600007],[-90.45854220299998,46.89733046500004],[-90.48585120899997,46.88748546200003],[-90.49701521199995,46.88602846100008],[-90.50508821399995,46.88085945900008],[-90.51706421699998,46.87598045800007]]],[[[-90.57551325799994,47.033872476000056],[-90.57506325699995,47.02930947500005],[-90.56985225499994,47.02714347600005],[-90.56795825199998,47.00957247300005],[-90.56332324899995,46.99657147200003],[-90.55868124699998,46.99619047200008],[-90.54649124499997,47.00533547400005],[-90.54488324599998,47.017392476000055],[-90.56628525499997,47.03096347600007],[-90.56220725499998,47.03993447800008],[-90.56451425599994,47.04058947800007],[-90.56985225699998,47.038807477000034],[-90.57551325799994,47.033872476000056]]],[[[-90.59086026699998,47.06524647900005],[-90.58943826599995,47.05895347900008],[-90.58473926499994,47.06260048000007],[-90.58295426499996,47.069146481000075],[-90.58652426799995,47.07568848100004],[-90.58958726799995,47.07240948100008],[-90.59086026699998,47.06524647900005]]],[[[-90.62499426799997,47.003970468000034],[-90.62721726899997,47.00262246800003],[-90.62204726599998,46.99334446700004],[-90.61745426399995,46.98943446700008],[-90.60972526199998,46.991215468000064],[-90.60667626099996,46.99438846800007],[-90.60317926099998,46.99538146900005],[-90.60258426099995,47.00251847000004],[-90.60597926299994,47.00705047000008],[-90.618212267,47.00800546900007],[-90.62499426799997,47.003970468000034]]],[[[-90.65254928099995,47.034047471000065],[-90.65183727999994,47.02997347000007],[-90.64638527799997,47.02568547000004],[-90.64184527699996,47.02512447000004],[-90.63973027599997,47.026333471000044],[-90.63806627599996,47.02827747100008],[-90.63979727699996,47.032231471000046],[-90.63648927699995,47.03642747200007],[-90.63708427699999,47.038212472000055],[-90.64363027999997,47.041184472000054],[-90.64876227999997,47.035567471000036],[-90.65254928099995,47.034047471000065]]],[[[-90.65427026499998,46.922348455000076],[-90.65481626499997,46.91954345400006],[-90.65075426299995,46.91422745400007],[-90.64415125999994,46.908387454000035],[-90.63909425799994,46.90649545400004],[-90.61762625199998,46.91101545600003],[-90.61443125199997,46.91261245600003],[-90.61096425199997,46.91968545700007],[-90.60708425099995,46.921233458000074],[-90.60166524899995,46.920183458000054],[-90.59544424599994,46.915135458000066],[-90.58530124299995,46.91572345900005],[-90.58054824199996,46.91750945900003],[-90.576485242,46.92136246000007],[-90.56890123999995,46.923191461000044],[-90.56200923699998,46.92221746100006],[-90.55083823299998,46.91523646100006],[-90.54917423199998,46.91296346100006],[-90.55250123199994,46.90776746000006],[-90.54452222999998,46.908601461000046],[-90.53746822799997,46.91196846100007],[-90.54358623099995,46.91442746100006],[-90.54583623199994,46.91873146200004],[-90.54717923299995,46.92409646300007],[-90.54441523299994,46.93148846400004],[-90.53947523199997,46.93357846400005],[-90.52540622799995,46.93260546500005],[-90.52012622799998,46.945031467000035],[-90.50900622599994,46.954025469000044],[-90.50710522599996,46.95775647000005],[-90.52330523199998,46.96761247000006],[-90.52881123399999,46.968505470000025],[-90.55801224199996,46.95966846700003],[-90.57647224699997,46.95847246500006],[-90.60116025399998,46.95246546300007],[-90.61786325699995,46.94461446100007],[-90.62879026099995,46.94438646000003],[-90.63713226299996,46.94194745900006],[-90.65427026499998,46.922348455000076]]],[[[-90.67845027699997,46.956435458000044],[-90.67159227399998,46.948983457000054],[-90.66120927199995,46.95324945900006],[-90.65327826999999,46.95759446000005],[-90.64851626899997,46.96320846100008],[-90.64082126699998,46.96567046200005],[-90.63410926599994,46.97099046300008],[-90.63412926799998,46.979637464000064],[-90.63696526899997,46.98114446400007],[-90.64296626999999,46.98103446400006],[-90.65492927299994,46.97694146300006],[-90.65837027399994,46.97258946200003],[-90.66872727599997,46.96700246000006],[-90.67270727599998,46.96014845900004],[-90.67845027699997,46.956435458000044]]],[[[-90.69300029299995,47.03107146800005],[-90.69272929099998,47.02208846600007],[-90.67932128699994,47.018582467000044],[-90.678913288,47.024086468000064],[-90.67157928699999,47.034919470000034],[-90.66991528699998,47.04091347100007],[-90.65042528299995,47.04965947300008],[-90.646787282,47.05450747400005],[-90.65705828499995,47.05294147300003],[-90.66445128699996,47.047135472000036],[-90.67753528999998,47.04475447100003],[-90.68340829199997,47.04528847000006],[-90.68868629299999,47.043230470000026],[-90.69300029299995,47.03107146800005]]],[[[-90.70271527399996,46.886979446000055],[-90.70263827399998,46.88396844600004],[-90.69677327199997,46.879831446000026],[-90.68968126899995,46.87897544600003],[-90.67320126499999,46.88328744800003],[-90.66744826399997,46.89136345000003],[-90.67107926599994,46.89449345000003],[-90.67791326799994,46.89586644900004],[-90.70271527399996,46.886979446000055]]],[[[-90.71178014699996,46.987599904000035],[-90.71203629199994,46.98526846000004],[-90.70728228999997,46.98288846000003],[-90.69478528599996,46.98288846100007],[-90.69225728599997,46.98613846100005],[-90.66921228099994,47.00013846500008],[-90.68051128599996,47.00727946500007],[-90.69657129099994,47.00846946400003],[-90.70549729199996,47.00073346200003],[-90.71178014699996,46.987599904000035]]],[[[-90.73087231199997,47.08001447200007],[-90.73004630899999,47.06562247000005],[-90.72674530799998,47.062138470000036],[-90.72198030599998,47.06321747000004],[-90.72077930799998,47.07329847200003],[-90.72399830899997,47.077950472000055],[-90.72871631099997,47.080629472000055],[-90.73087231199997,47.08001447200007]]],[[[-90.76325710299994,46.83330054800007],[-90.75991028299995,46.83091243500007],[-90.75167028099997,46.833179435000034],[-90.73277627799996,46.84757043900004],[-90.72256227599996,46.860222441000076],[-90.72051727699994,46.86568544200003],[-90.72663727899999,46.87236344300004],[-90.73023928099997,46.87347444300008],[-90.73599028199999,46.87284544200003],[-90.74948828499998,46.86247744000008],[-90.75785728499994,46.85041843700003],[-90.76325710299994,46.83330054800007]]],[[[-90.76529630199997,46.94702945100005],[-90.76261029999995,46.94169345000006],[-90.75530329799994,46.93697945000008],[-90.75420329599996,46.92989844900006],[-90.74852929399998,46.92734044900004],[-90.73670328799994,46.91345044800005],[-90.69325527599995,46.91616145100005],[-90.68899527499997,46.917469452000034],[-90.69083127699997,46.92903445300004],[-90.69449627899996,46.93671845400007],[-90.70549628399993,46.94451045400007],[-90.715652289,46.958371456000066],[-90.72760929199995,46.95825745500008],[-90.73425029499998,46.959761455000034],[-90.74055429699996,46.964215455000044],[-90.76529630199997,46.94702945100005]]],[[[-90.77693131699994,47.02433146100003],[-90.77401431599998,47.02150146100007],[-90.77354431399993,47.01175045900004],[-90.76798931099995,47.00233545800006],[-90.76021030899994,47.002082459000064],[-90.75545130699999,46.99933745900006],[-90.75053030599997,47.00026845900004],[-90.74874130499995,46.99889845900003],[-90.74763630499996,47.002836460000026],[-90.74003130399996,47.00915746100003],[-90.73843330399995,47.01401946200008],[-90.74026830499997,47.01904246300006],[-90.744305307,47.02139646300003],[-90.74565830799997,47.02641746300003],[-90.74978730899994,47.02608946300006],[-90.75891731299998,47.03472746300008],[-90.77069131599995,47.03006046200005],[-90.77345731599996,47.02574646100004],[-90.77693131699994,47.02433146100003]]],[[[-90.79156928599997,46.78499142600003],[-90.79097228499995,46.78138142500006],[-90.78309328199998,46.77294742500004],[-90.78214228099995,46.76796342400007],[-90.78929728099996,46.758987422000075],[-90.78790127999997,46.752781421000066],[-90.77123527499998,46.75304242300007],[-90.76365427299999,46.75493542300006],[-90.75287427099994,46.76076342500005],[-90.74861426999996,46.76595242600007],[-90.73943226799997,46.768029427000045],[-90.72394526499994,46.78174543000006],[-90.71646326399997,46.785426431000076],[-90.69647225699998,46.78204843200007],[-90.65718624599998,46.78880843600007],[-90.65222624599994,46.794519437000076],[-90.65292324599994,46.79776343700007],[-90.65531724699997,46.79918143700007],[-90.67005625199994,46.79950443600006],[-90.67532825399996,46.80539543700007],[-90.67681225599995,46.812610438000036],[-90.67385425599997,46.81967843900003],[-90.64263224799998,46.827783442000054],[-90.61382923999997,46.837950446000036],[-90.58449623199994,46.839833448000036],[-90.57827022999999,46.84166144900007],[-90.57487522999998,46.84534344900004],[-90.57015122899998,46.846346450000055],[-90.57001322899998,46.84970445000005],[-90.58034323299995,46.85354545000007],[-90.58739923599995,46.85806445000003],[-90.60255924199998,46.872714451000036],[-90.61645924699997,46.874474451000026],[-90.62205524799998,46.872880450000025],[-90.63405524999996,46.86440444800007],[-90.64322525199998,46.853852446000076],[-90.65695325399997,46.84348444300008],[-90.67537125799998,46.833937441000046],[-90.71238826699994,46.82075143600008],[-90.72093926899998,46.81590543500005],[-90.72782527099997,46.81044243400004],[-90.72855326999996,46.804364433000046],[-90.73300827099996,46.80022743200004],[-90.75245127599999,46.798110430000065],[-90.76708027999996,46.79148242800005],[-90.78626128499997,46.78825242700003],[-90.79156928599997,46.78499142600003]]],[[[-90.80495431799994,46.97331345200007],[-90.80590831799998,46.970456451000075],[-90.80161631599998,46.96885545100008],[-90.78972631299996,46.969979452000075],[-90.79097431399998,46.97253345200005],[-90.78897231299999,46.975783453000076],[-90.78450331199997,46.97824245400005],[-90.78878031399995,46.98092745400004],[-90.79723031699996,46.979965453000034],[-90.79829331599996,46.97568945200004],[-90.80495431799994,46.97331345200007]]],[[[-90.87859834299996,46.99132644900004],[-90.87634234099994,46.98497044800007],[-90.87027933899998,46.983381448000046],[-90.859687335,46.97640344800004],[-90.85635333399995,46.97640344800004],[-90.851027333,46.98305745000005],[-90.85127433399998,46.98539645000005],[-90.85650733499995,46.98674945000005],[-90.86338733699995,46.98532744900007],[-90.87123033999995,46.986949449000065],[-90.87586134199995,46.99210844900006],[-90.87859834299996,46.99132644900004]]],[[[-90.98210837299996,46.98586344100005],[-90.98389437199995,46.979321440000035],[-90.98032336999995,46.97158543900008],[-90.97381736799997,46.97221444000007],[-90.97083036699996,46.97034744000007],[-90.96583436399999,46.962199439000074],[-90.96188336299997,46.96147243900003],[-90.95299836099997,46.964142440000046],[-90.94641835899995,46.96266244000003],[-90.93196335399995,46.963125441000045],[-90.93035835499995,46.96742344200004],[-90.93447435799999,46.98247644400004],[-90.92380035599996,46.987919445000045],[-90.93090335999995,47.002105447000076],[-90.93749236199994,47.00311344600004],[-90.93790936099998,46.99646144500008],[-90.950298364,46.990320444000076],[-90.95593236599996,46.991215443000044],[-90.98210837299996,46.98586344100005]]],[[[-91.03784338299994,46.94461443100005],[-91.03641738199997,46.940882431000034],[-91.03427838199997,46.94429043100007],[-91.03570438299994,46.94623743200003],[-91.03784338299994,46.94461443100005]]],[[[-90.41814314199996,46.56610242000005],[-90.43760314699995,46.56150041800004],[-90.47376715999997,46.57418641800007],[-90.50591617199996,46.58962241800003],[-90.51281017399998,46.59000341700005],[-90.52550517699996,46.58693441600008],[-90.53796917999995,46.581089414000076],[-90.55814818699997,46.586392414000045],[-90.58625619699995,46.59987141400006],[-90.69472823899997,46.66441041500008],[-90.76213626599997,46.71024941700006],[-90.77572627199999,46.72404141800007],[-90.78443227599996,46.729383418000054],[-90.80111528099997,46.73159441800004],[-90.80777028299997,46.73175741700004],[-90.80869228299997,46.72939441700004],[-90.78828127599996,46.72621841800003],[-90.77663427199997,46.719863418000045],[-90.76702226699996,46.70784641700004],[-90.74787525999994,46.697046416000035],[-90.71127224499998,46.67147941500008],[-90.71222324499996,46.66593441400005],[-90.74400725499999,46.670532413000046],[-90.74809725599994,46.66982541200008],[-90.76166125899994,46.661693410000055],[-90.76094825899997,46.66038841000005],[-90.746211255,46.663977412000065],[-90.73955625199994,46.65973641200003],[-90.73765525099998,46.65533141100008],[-90.74787525299996,46.65157941000007],[-90.770199258,46.63613540600005],[-90.79478226299995,46.62494940300007],[-90.82246327099995,46.619479400000046],[-90.86180727999994,46.60366039500008],[-90.87316128299994,46.60123139400008],[-90.87527128399995,46.601958394000064],[-90.90559029099995,46.58639339000007],[-90.90557929,46.58353238900003],[-90.91827329399996,46.58307838800005],[-90.94156230199997,46.58924338700007],[-90.94507030299997,46.588982387000044],[-90.94792130399998,46.59152438700005],[-90.94681330399999,46.59346638800008],[-90.94962830599997,46.60298338900003],[-90.93868730399998,46.60833039000005],[-90.92898130199995,46.618087392000064],[-90.92185730199998,46.62852039400008],[-90.92084230299997,46.63735939600008],[-90.91550530199999,46.64542239700006],[-90.91515930399999,46.65841839900003],[-90.91128830399998,46.66309140000004],[-90.90002030099998,46.666879401000074],[-90.88786929699995,46.667190402000074],[-90.87816129599997,46.67673240400006],[-90.86847529399995,46.68038340600003],[-90.85383629099994,46.693465408000066],[-90.85271129199998,46.69959040900005],[-90.87040329999996,46.72330141200007],[-90.88340330799997,46.746995414000025],[-90.88502830999994,46.756349415000045],[-90.86659330499998,46.76441641800005],[-90.86234030499998,46.76814341800008],[-90.859452305,46.77399342000007],[-90.86354930699997,46.78057342000005],[-90.85702930599996,46.78587642100007],[-90.85653830599995,46.78889342200006],[-90.85073730399995,46.790253422000035],[-90.84406730199998,46.788953423000066],[-90.83561429999997,46.78976742300006],[-90.82806429899995,46.797423425000034],[-90.82570329899994,46.80386642600007],[-90.82136629799999,46.80699242700007],[-90.81380129599995,46.808416428000044],[-90.81222429599995,46.81358142800008],[-90.79894329399997,46.82315143100004],[-90.79327029299998,46.832350432000055],[-90.79364129399994,46.83544843300007],[-90.78530729299996,46.84263743400004],[-90.78828129399994,46.845494435000035],[-90.788281295,46.85280943600003],[-90.78097929399996,46.85899743700003],[-90.77259429299994,46.871173439000074],[-90.77017729299996,46.87630444000007],[-90.77116829399995,46.882546441000045],[-90.76831629399999,46.88449544200006],[-90.76157429099999,46.88317844200003],[-90.75474128999997,46.88488844300008],[-90.75103828899995,46.887971443000026],[-90.75086528999998,46.89304344400006],[-90.75455929199995,46.89827844400003],[-90.76786129699997,46.90814844500005],[-90.78043730099995,46.90901944400008],[-90.78322630199995,46.91205344400004],[-90.78303430299997,46.92057244600005],[-90.79211530799995,46.93379144700003],[-90.799831311,46.93738644700005],[-90.80556131299994,46.93784144600005],[-90.81498231499995,46.93101644500007],[-90.824883318,46.93255844400005],[-90.83011231999996,46.935967445000074],[-90.82926532099998,46.94856144600004],[-90.83172632299994,46.95387944700008],[-90.83772332499996,46.95744644700005],[-90.84675032799998,46.958683447000055],[-90.85588133099998,46.96224044600007],[-90.86390633399998,46.96267044600006],[-90.87962833799997,46.958096444000034],[-90.88097933699999,46.95168944300008],[-90.88333633799994,46.94984644300007],[-90.90860534399997,46.941313440000044],[-90.91384534499997,46.93340843800007],[-90.92181834699994,46.93133043700004],[-90.93097434999999,46.93238943700004],[-90.94854135599996,46.93820943700007],[-90.95454435699997,46.93843743600007],[-90.96487236099995,46.943788436000034],[-90.96842636199995,46.94391843600005],[-90.97376236399998,46.94131243500004],[-90.98462436499995,46.92561043200004],[-90.99515636599995,46.91758543000003],[-90.99885536699998,46.91598343000004],[-91.00520636899995,46.91621142900004],[-91.01914837299995,46.91151042800004],[-91.03452537599998,46.90306142600008],[-91.03662937499996,46.89360242400005],[-91.03989737599994,46.88923842300005],[-91.05299837799998,46.88133342100008],[-91.06822738199998,46.87831742000003],[-91.08095838699995,46.883617420000064],[-91.09092338999994,46.88267841900006],[-91.09372138999998,46.87989041800006],[-91.09657238799997,46.86153841500004],[-91.10549739099997,46.85762841400003],[-91.12311639599994,46.85618141300006],[-91.13495539999997,46.85899441200007],[-91.13651939999994,46.86098341200005],[-91.13334440099999,46.87034941400003],[-91.13467540099998,46.87249841400006],[-91.14017240299995,46.87320941400003],[-91.14427340399999,46.87030941300003],[-91.14971940399994,46.858082411000055],[-91.15390140499994,46.85587341100006],[-91.16461340799998,46.85495041000007],[-91.16760840699999,46.84476840800005],[-91.17829940999997,46.844267407000075],[-91.19026641399995,46.848418407000054],[-91.20011441799994,46.85402540700005],[-91.20444641999995,46.85882440700004],[-91.19386441899996,46.87369041000005],[-91.18175741699997,46.88024141200003],[-91.17969441699995,46.885740413000065],[-91.18656841899997,46.885740412000075],[-91.20198242099997,46.871100409000064],[-91.21111942299996,46.86670440800003],[-91.22680342799998,46.86361840600006],[-91.23274042899999,46.860043406000045],[-91.25671243299996,46.83689540100005],[-91.27528443699998,46.83264739900005],[-91.288678442,46.83344839800003],[-91.29034744199998,46.83054739700003],[-91.30230244499995,46.830351396000026],[-91.31482244799997,46.82683339500005],[-91.33825745399997,46.81771239200003],[-91.35219845699999,46.80742539000005],[-91.36081145799994,46.798144388000026],[-91.368826459,46.793844387000036],[-91.39147646599997,46.79021338500007],[-91.40170846899997,46.792205384000056],[-91.40326046999996,46.79414338400005],[-91.40940747199994,46.79381438400003],[-91.41180647199997,46.78964838300004],[-91.41887147299997,46.787182382000026],[-91.42372047399994,46.78217838100005],[-91.43385647699995,46.78041338000003],[-91.43866847799995,46.77634437900008],[-91.47018848599998,46.76891937600004],[-91.49243649199997,46.766671374000055],[-91.49970349299997,46.76125137300005],[-91.51108449599997,46.75746137100003],[-91.53712250399997,46.754796369000076],[-91.57429851499995,46.757496367000044],[-91.59069151899996,46.75433936500008],[-91.64550953299994,46.734741359000054],[-91.69632554599997,46.72324735400008],[-91.74965755999995,46.70913734800007],[-91.79013956999995,46.694683343000065],[-91.820034578,46.69018434000003],[-91.84029558399999,46.68970133900007],[-91.85746958899995,46.692370338000046],[-91.88681659699995,46.68962033500003],[-91.94299561299994,46.67994733000006],[-91.96189661799997,46.682547329000045],[-91.97339662199994,46.68644732900003],[-91.98789662799999,46.69274732900004],[-92.00813063599998,46.705913329000055],[-92.01529763799994,46.70647732900005],[-92.02029663899998,46.70404732800006],[-92.03399764399995,46.70894732800008],[-92.08949766599994,46.74924832900007],[-92.116597674,46.74864832700007],[-92.137897679,46.739548324000054],[-92.14329767999999,46.734648323000044],[-92.14339867899997,46.72814832200004],[-92.14129867799994,46.72524832200003],[-92.14629867799994,46.71594832100004],[-92.15519868099994,46.71594832000005],[-92.167298685,46.71994932000007],[-92.17429868599999,46.717249319000075],[-92.18909869099997,46.71754931800007],[-92.19739869199998,46.70764931600007],[-92.20469869299995,46.70404931500008],[-92.20519969299994,46.69834931400004],[-92.19849868999995,46.69614931400008],[-92.18309868599994,46.69524931500007],[-92.17649868299998,46.690249315000074],[-92.17609868199997,46.68634931400004],[-92.18139868299994,46.68024931300005],[-92.19249968599996,46.67674931200003],[-92.20409968799999,46.666949310000064],[-92.20549968799997,46.66474930900006],[-92.20159968499996,46.656649308000055],[-92.20709968599994,46.65194930700005],[-92.21639968899996,46.64984930600008],[-92.22349969099997,46.65264930600006],[-92.22849969299995,46.65294930600004],[-92.23559969399997,46.65004930500004],[-92.24250069599998,46.64924930400008],[-92.25659970199996,46.65874930500007],[-92.26600070299997,46.651049303000036],[-92.27059970499994,46.650749303000055],[-92.27439970699999,46.65744930300008],[-92.28619971099994,46.66035030300003],[-92.28739971199997,46.66735030400008],[-92.29129971299994,46.66815030300006],[-92.29404062599997,46.07438521900008],[-92.31933663299998,46.06929721700004],[-92.33291963599999,46.06270521500005],[-92.34346663599996,46.042998211000054],[-92.34375263399994,46.028533209000045],[-92.34928863499994,46.02363220800004],[-92.34998463399995,46.01699020700005],[-92.35176763399994,46.01569320700003],[-92.36214863699996,46.013111206000076],[-92.37272463999994,46.01420620500005],[-92.39268864699994,46.019548205000035],[-92.410656653,46.027267205000044],[-92.42070365599994,46.02677720400004],[-92.42856265799998,46.02424920300007],[-92.44226666099996,46.01618520100004],[-92.44430165999995,46.00916920000003],[-92.45295966099997,45.99779019700003],[-92.45338066099998,45.992921197000044],[-92.46248466299994,45.98785819500006],[-92.46451966299998,45.98504619500005],[-92.46126766099997,45.979435194000075],[-92.46936166299997,45.973819193000054],[-92.47276866299995,45.97296019200007],[-92.48464066699995,45.975880192000034],[-92.49100366899995,45.975568191000036],[-92.50254267299994,45.98000319100004],[-92.51949567899999,45.983925191000026],[-92.52705968099997,45.98325319000003],[-92.53771668299999,45.97782618800005],[-92.54981368499995,45.967994186000055],[-92.54986568399994,45.95704718500008],[-92.55194068299994,45.95165918400005],[-92.57489968999994,45.94811118200005],[-92.59014569299995,45.94178118000008],[-92.60246769699995,45.94082317900006],[-92.61432169899996,45.93453717700004],[-92.62272770199996,45.93519417600004],[-92.62926770299998,45.93241217600007],[-92.63632370599998,45.93464217500008],[-92.63883170599996,45.93417417500007],[-92.63912370499997,45.92456317400007],[-92.65613270999995,45.924450173000025],[-92.67617471399996,45.912080169000035],[-92.67661471299994,45.90637816800006],[-92.69899071799995,45.89645916600006],[-92.70770971999997,45.89490916500006],[-92.72113572299997,45.88381316200008],[-92.73404672399994,45.86811615900007],[-92.73999872299999,45.846291155000074],[-92.74556472399996,45.84146315400005],[-92.75946572699996,45.83534915300004],[-92.76515372799997,45.830191151000065],[-92.76568872699994,45.827260151000075],[-92.75795472299995,45.811224149000054],[-92.75782272199996,45.806582149000064],[-92.76184072299998,45.801266147000035],[-92.77207272499999,45.79523814600003],[-92.77650372499994,45.79002214500008],[-92.78462872399996,45.76420414100005],[-92.802637727,45.75189613800006],[-92.80984472799997,45.74418013600007],[-92.81656672999998,45.74204513500007],[-92.82898873199997,45.73372213300007],[-92.83592473399995,45.732810132000054],[-92.84308673599998,45.729171131000044],[-92.84885873699994,45.72875913100006],[-92.85094073699997,45.723839130000044],[-92.86260573999994,45.72224912900003],[-92.86920074199998,45.717576128000076],[-92.87178273999996,45.69978212500007],[-92.870152739,45.69676512500007],[-92.87549573899997,45.68902212300003],[-92.87893973699994,45.66561412000004],[-92.88251173699996,45.659479119000025],[-92.88793673599997,45.639014115000066],[-92.88804273399995,45.624967113000025],[-92.88253672999997,45.610224112000026],[-92.88644972999998,45.59868711000007],[-92.88642872899999,45.594889109000064],[-92.88328472699999,45.58983910900008],[-92.88496172599997,45.578826107000054],[-92.88375672499996,45.57549110700006],[-92.87108972099998,45.56758910600007],[-92.84645471299996,45.56652310800007],[-92.82331670599996,45.56094210900005],[-92.80151069999994,45.562862110000026],[-92.78574869599998,45.56789611200003],[-92.77599569299997,45.56848611300006],[-92.77023069099994,45.566947113000026],[-92.75691368599996,45.55750711300004],[-92.74559868199998,45.55302411300005],[-92.72608967499997,45.541120113000034],[-92.72465767399996,45.536752112000045],[-92.72803067299998,45.52566011000005],[-92.72668467099999,45.51447010900006],[-92.71189766599997,45.50328910800005],[-92.70223166099998,45.493054107000034],[-92.69162665599998,45.476281106000044],[-92.68024165099996,45.464352105000046],[-92.65355664199996,45.455354105000026],[-92.64660963799997,45.441643104000036],[-92.65027663599994,45.41917610000007],[-92.64668363399994,45.413235100000065],[-92.65057763399994,45.40331609800006],[-92.65042963299999,45.39851509700003],[-92.66410963599998,45.39331709600003],[-92.67696863799995,45.38014509300007],[-92.67920063799994,45.37271809200007],[-92.69650664199997,45.36353708900003],[-92.70272764299995,45.35848008800008],[-92.70406164199994,45.353668087000074],[-92.69897463799998,45.336382085000025],[-92.70997563899994,45.321310082000025],[-92.72774464299994,45.309296079000035],[-92.73712964399994,45.300467077000064],[-92.75082664699994,45.29298807500004],[-92.75871764899995,45.29097307400008],[-92.76187564999998,45.28702107300006],[-92.76062264799998,45.27883507200005],[-92.75267364499996,45.269573071000025],[-92.75166664399995,45.265918071000044],[-92.75171664299995,45.261674070000026],[-92.76025664399998,45.24960806800004],[-92.75746364099996,45.23053406500003],[-92.75171563699996,45.21867406400003],[-92.75401563699995,45.21277406300004],[-92.76391563899995,45.204874061000055],[-92.76693963799994,45.19511906000008],[-92.76681563699998,45.18547405800007],[-92.75241163099997,45.17392405800007],[-92.75691463099997,45.16517405600007],[-92.75771462999995,45.15547405400008],[-92.74943462499994,45.13812505300007],[-92.74570162199996,45.12312005100006],[-92.73959161899995,45.11560605000005],[-92.74675661999999,45.10705904800005],[-92.77401762599999,45.089146044000074],[-92.79153562899995,45.07965504100008],[-92.80217063099997,45.06756303900005],[-92.80308662999994,45.06098603800007],[-92.80206362899997,45.05743103700007],[-92.79328962499994,45.04718603600003],[-92.77036961699997,45.03381103600003],[-92.76206761299994,45.02432803500005],[-92.77123861299998,45.00138603100004],[-92.76905660999995,44.98820302900003],[-92.76945260799994,44.972158027000035],[-92.76722560699994,44.96809202600008],[-92.760708605,44.964987026000074],[-92.75461060199996,44.95577502500004],[-92.75065259799999,44.93730702300007],[-92.75870859699995,44.90898701800006],[-92.77311059999994,44.90137501600003],[-92.77457859999998,44.89809201600008],[-92.773953598,44.89000501400005],[-92.76340959299995,44.87417501300007],[-92.76910959299994,44.86217501100003],[-92.76528558899997,44.83719400700005],[-92.77227358999994,44.82805400500007],[-92.77267058899997,44.82143200400003],[-92.78043758999996,44.812597003000064],[-92.78521358799998,44.79231099900005],[-92.80032059099995,44.777386996000075],[-92.80529459099995,44.76836899400007],[-92.80799558899997,44.75147799200005],[-92.80240958699994,44.745174991000056],[-92.78791358199999,44.73743999100003],[-92.76606157499998,44.72961199100007],[-92.75699757099994,44.72383699100004],[-92.73726656499997,44.717162991000066],[-92.70095555099994,44.69375899000005],[-92.66099553499998,44.66089198800006],[-92.63211252499997,44.64903498900003],[-92.62174052099994,44.638990988000046],[-92.61978652,44.63420298700004],[-92.61978151899996,44.62922198600006],[-92.62335551899997,44.62072098500005],[-92.62146351799998,44.61502498400006],[-92.61457651499995,44.61173798400006],[-92.60152351199997,44.61205998500003],[-92.59047450799994,44.60594398500007],[-92.58622350599995,44.60009598400006],[-92.58159850399994,44.60087098500003],[-92.57715550399996,44.60506198600007],[-92.56944150099997,44.603546986000026],[-92.54978449299995,44.581137984000065],[-92.55151749199996,44.57161498200003],[-92.54806748999994,44.567799982000054],[-92.54055848799999,44.56726598300003],[-92.52734448499996,44.57356198400004],[-92.51836548299997,44.57519098500006],[-92.50876647899997,44.57033298500005],[-92.49381547499996,44.56607098600006],[-92.48100847099994,44.56828398700003],[-92.45511246299998,44.561893988000065],[-92.44075245899995,44.56284098900005],[-92.43110845699994,44.56579399000003],[-92.41509645099995,44.560366990000034],[-92.39928844599996,44.55829999100007],[-92.36152543599997,44.55894299300007],[-92.33612142799996,44.554011994000064],[-92.31994542199999,44.54494799400004],[-92.31407841899994,44.53802199300003],[-92.31083441699997,44.52876399200005],[-92.30305341399998,44.518653991000065],[-92.30222241099995,44.500305989000026],[-92.29101240599994,44.48547198700004],[-92.27679139999998,44.47365698600004],[-92.24489138899997,44.456849986000066],[-92.23247938399999,44.44544198500006],[-92.21517037799998,44.43851098500005],[-92.19538537199998,44.433799986000054],[-92.16246136099994,44.42721598700007],[-92.12452034999995,44.42212298900006],[-92.11109234499997,44.413955988000055],[-92.08724833699995,44.408855989000074],[-92.07861233399996,44.40487698900006],[-92.05649332799999,44.40273699000005],[-92.03815432,44.388738990000036],[-92.01932031399997,44.38122499000008],[-92.00618630999998,44.378832990000035],[-91.98729630299994,44.36912699000004],[-91.97027329799994,44.36584999100006],[-91.959530294,44.35941199000007],[-91.94131828599996,44.340985989000046],[-91.92559728099997,44.33355598900005],[-91.91863227699997,44.322678987000074],[-91.91358127399997,44.31039998600005],[-91.92410927599997,44.29710298300006],[-91.92462027499994,44.29182298200004],[-91.92028927299998,44.286503982000056],[-91.90579626899995,44.28162198200005],[-91.89639526499997,44.27469798200008],[-91.89601526299998,44.26287898000004],[-91.88704725899998,44.25177997900005],[-91.89297025899998,44.23515697600004],[-91.89270525799998,44.23111297500003],[-91.87743625199994,44.21292897400008],[-91.87516524899996,44.20058297200006],[-91.86439424599996,44.19658197200005],[-91.84476123899998,44.18488597100003],[-91.82917423299995,44.178357971000025],[-91.81730922799994,44.16424297000003],[-91.80807122499994,44.159269970000025],[-91.77449321399996,44.147546970000064],[-91.75175420499994,44.13479397000003],[-91.73065519899995,44.132907971000066],[-91.72155919599999,44.130349971000044],[-91.71060419199995,44.120487970000056],[-91.70749818899998,44.10391396800003],[-91.69531718499996,44.09857796800003],[-91.68153717999996,44.09740796900007],[-91.66701317499997,44.08697196800006],[-91.65951817099995,44.074210967000056],[-91.64788016699998,44.06411696600003],[-91.64472416499996,44.062789966000025],[-91.63812216399998,44.06329296600006],[-91.62790715999995,44.05581496600007],[-91.61049415399998,44.04931796600005],[-91.60355715099996,44.04368896600005],[-91.59762414799997,44.034972965000065],[-91.59207714599995,44.03137996400005],[-91.58002614199995,44.02693296500007],[-91.55901113599998,44.02532296600003],[-91.54703513199996,44.022233966000044],[-91.52432212599996,44.021440967000046],[-91.50712811999995,44.01898796800003],[-91.49499511599998,44.012543968000045],[-91.48087711099998,44.00815296800005],[-91.46352210599997,44.00904896900005],[-91.44054309899997,44.00150897000003],[-91.43252909599994,43.996834970000066],[-91.42414109199996,43.98263896800006],[-91.41249808699996,43.97341896700004],[-91.40740208499994,43.965155966000054],[-91.38579207699996,43.95424696600003],[-91.36664906999994,43.937470965000045],[-91.36324906699997,43.926570963000074],[-91.35743306399996,43.917238962000056],[-91.34774806099995,43.91197196200005],[-91.33814805599997,43.897671960000025],[-91.32061204999997,43.88849896000005],[-91.31531704799994,43.88181595900005],[-91.31099804499996,43.86738895700006],[-91.29882203999995,43.85656295700005],[-91.29100903699998,43.85274095600005],[-91.28414503499994,43.847072956000034],[-91.27770203199998,43.83774895500005],[-91.27204402699994,43.813773952000076],[-91.26444302299996,43.80037395000005],[-91.26244302199996,43.79217394900007],[-91.24414201399998,43.77467494700005],[-91.25543801399994,43.74488394200006],[-91.25593901199994,43.72985694000005],[-91.26846201299998,43.70983193600006],[-91.26779901099997,43.69565993400005],[-91.27274800999999,43.67661693000008],[-91.27325900899996,43.666630929000064],[-91.27175600799995,43.65493692700005],[-91.26386300399997,43.64766992600005],[-91.26240400299997,43.64176792500007],[-91.26846400299996,43.62735992300003],[-91.26875500199998,43.61535592100006],[-91.26163799899996,43.60618292000004],[-91.23911598999996,43.58976791900005],[-91.23187198699998,43.58182991800004],[-91.23281898499994,43.564849915000025],[-91.24322098699997,43.550729912000065],[-91.24318998499996,43.54031691100005],[-91.23673198299997,43.532937910000044],[-91.23294798099994,43.52397490900006],[-91.21829897499998,43.51444190800004],[-91.21771297299995,43.50055790600004],[-91.21604197099998,43.48114990300007],[-91.220405971,43.47131390100003],[-91.22459297099994,43.46553290000003],[-91.23224797299997,43.46002589900007],[-91.23337397199998,43.45517589800005],[-91.22875696999995,43.44554489700005],[-91.20715196099997,43.42503889500006],[-91.20036595799996,43.41270889400005],[-91.19767695499996,43.395341891000044],[-91.19895995499996,43.38984289000007],[-91.20607895499995,43.37498388700004],[-91.21499695699998,43.36801388600003],[-91.20662695199997,43.35253188400003],[-91.20185395099998,43.34911088300004],[-91.18112194399998,43.34593388400003],[-91.15481293499994,43.334833884000034],[-91.13281992799995,43.328037884000025],[-91.10724391899998,43.31365288400008],[-91.08565890999995,43.29187788200005],[-91.07371690499997,43.27475388000005],[-91.07173090399993,43.27139987900006],[-91.07265590299994,43.262136878000035],[-91.06994390199998,43.26027987800006],[-91.05975689899998,43.259081878000075],[-91.05792489799995,43.25537387800006],[-91.05969089799999,43.24857387700007],[-91.06640489899996,43.239300875000026],[-91.08746290299996,43.221898871000064],[-91.12217690999995,43.19726286400004],[-91.12443490899994,43.187893863000056],[-91.13865591099994,43.17000085900003],[-91.14620691099998,43.15241285600007],[-91.15620691299995,43.14295285400004],[-91.17525991799994,43.13467285100006],[-91.17825791699994,43.12498984900003],[-91.17519991399996,43.10377884600007],[-91.17727091099994,43.072990841000035],[-91.17946391099997,43.06743484000003],[-91.17469890599995,43.03872083600004],[-91.15749689599994,42.99148283000005],[-91.15656889399997,42.97823382800004],[-91.14800788999997,42.96616282600007],[-91.14543688899994,42.958218825000074],[-91.14988688799997,42.94196282200005],[-91.14380688399996,42.922884819000046],[-91.14556688299996,42.90798781700005],[-91.14338188199997,42.90467781700005],[-91.11741787299997,42.89584481700007],[-91.10057186699999,42.88308581600006],[-91.09824486599996,42.875805815000035],[-91.09766286399997,42.859878812000034],[-91.091408861,42.84986781100008],[-91.09512085999995,42.83497380800003],[-91.09406685899995,42.830820808000055],[-91.09014285799998,42.829244808000055],[-91.08277685599995,42.82998480800006],[-91.07867185399994,42.82768580800007],[-91.07810385199997,42.80653380500007],[-91.07114484699997,42.78301180200003],[-91.06955584499997,42.76963580000006],[-91.06026784199997,42.76185479900005],[-91.06143884199997,42.75798179800006],[-91.06549884299994,42.75708879800004],[-91.06468684199996,42.750921797000046],[-91.06017883999994,42.75048879700006],[-91.05630383899995,42.74734879700003],[-91.05373983699997,42.73824579500007],[-91.04997883599998,42.73691279600007],[-91.04414583399995,42.73861279600004],[-91.035424832,42.73734779600005],[-91.03201982999997,42.73449179600004],[-91.02969882899998,42.72678179500008],[-91.02679282799994,42.72423579500003],[-91.01724582399999,42.71957379500003],[-91.00958382199997,42.720130795000046],[-91.00013481899998,42.71619679500003],[-90.98878281499998,42.70873179500006],[-90.97774181099999,42.69682379400007],[-90.96505480699994,42.693240794000076],[-90.94921980099997,42.68558079300004],[-90.93705179699998,42.683406794000064],[-90.92116179299995,42.685413795000045],[-90.90026778599997,42.67626179500007],[-90.88743678199995,42.67247779500008],[-90.84391676799999,42.663078796000036],[-90.76950174599995,42.65145079900003],[-90.72021572999995,42.640765800000054],[-90.70921072699997,42.636085800000046],[-90.70267772399995,42.63076380000007],[-90.70010172199994,42.622468799000046],[-90.69400571999995,42.61451679800007],[-90.68549371499995,42.58962179400004],[-90.67706171099996,42.57922279300004],[-90.66153370499995,42.56800679200006],[-90.65913370299995,42.55790779100005],[-90.65413370099998,42.54990779000008],[-90.64563369799998,42.544107789000066],[-90.63673369299994,42.518709786000045],[-90.63693369199996,42.51320978500007],[-90.64284969299996,42.508488784000065],[-90.40593362499999,42.506898798000066],[-90.07367652899995,42.508282818000055],[-89.95529749499997,42.505633825000075],[-89.69009441799994,42.50519884000005],[-89.25076528899996,42.49800186500005],[-88.99266521399994,42.49603288000003],[-88.78668715299995,42.49199089100006],[-88.63865910999994,42.49505090100007],[-88.30263937199999,42.49478344700003],[-88.11529095599997,42.49622693100008],[-87.80209686299997,42.49258394800006],[-87.81067986799997,42.51534795200007],[-87.81282786999998,42.53001995400007],[-87.81327887599997,42.57922796200006],[-87.80754587499996,42.58582196400005],[-87.80763587499996,42.587934964000056],[-87.81182087599996,42.58885296400007],[-87.81507987799995,42.59412796500004],[-87.81636787899998,42.601832966000075],[-87.81937987999999,42.606627966000076],[-87.81713088299995,42.635459971000046],[-87.80307988299995,42.675426979000065],[-87.79487988199998,42.68992698200003],[-87.78849188099997,42.69652598300007],[-87.78677987999998,42.70072698400003],[-87.78507987999996,42.70082698400006],[-87.78082288099995,42.71805598700007],[-87.77802387999998,42.718917988000044],[-87.77784188099997,42.73491499000005],[-87.78161188299998,42.74362999200008],[-87.78174188399998,42.750060993000034],[-87.77817988399994,42.76282699500007],[-87.77368288399998,42.769964996000056],[-87.76459288199999,42.77744499800008],[-87.75843487999998,42.779704999000046],[-87.75791888099997,42.78214399900003],[-87.76717388399999,42.790387],[-87.79398189399996,42.80622600100003],[-87.82448690599995,42.83475200400005],[-87.82845190799998,42.845924006000075],[-87.84348991599995,42.873297010000044],[-87.84649591799996,42.88415101100003],[-87.84370491699997,42.88529001200004],[-87.84347591699998,42.89031901200008],[-87.84667891799995,42.89045301200008],[-87.84783991899997,42.896358013000054],[-87.83966991899996,42.91460601700004],[-87.84399092099994,42.92184301800006],[-87.84594992299998,42.93208301900006],[-87.84331292299998,42.944044021000025],[-87.84502392499996,42.96114002400003],[-87.84997892799998,42.97066202500008],[-87.85718793099994,42.97802302600007],[-87.87868893899997,42.99242302700003],[-87.88802094299996,43.00222002800007],[-87.88455394199997,43.00482602900007],[-87.88777394299996,43.008060029000035],[-87.89161894399996,43.00705102900008],[-87.89748594699995,43.02009903100003],[-87.89866894799997,43.02575703200006],[-87.89589194699994,43.02586403200007],[-87.89372294699996,43.03025203300007],[-87.89425794799996,43.03416103300003],[-87.89574294799996,43.034096033000026],[-87.89583194799997,43.03016503300006],[-87.89693194799997,43.02901403200008],[-87.89829794899998,43.02994803200005],[-87.89696794899999,43.03658403400004],[-87.89485694799998,43.03664403400006],[-87.89493894899994,43.037908034000054],[-87.89670494899997,43.03782403400004],[-87.89500594899994,43.04254303500005],[-87.886032947,43.044230035000055],[-87.88407294599995,43.04631903600006],[-87.88797594699997,43.044830035000075],[-87.889900948,43.04586803600006],[-87.88674694799994,43.05203203700006],[-87.88283194599995,43.051043037000056],[-87.88234494599999,43.053107037000075],[-87.86381194299997,43.07063004100007],[-87.86406794299995,43.07433604200003],[-87.86648994399997,43.07442004200004],[-87.87022294599996,43.08056804200004],[-87.86991994599998,43.08430004300004],[-87.87608994999994,43.099019045000034],[-87.89319095599996,43.114019047000056],[-87.90049095999996,43.125918048000074],[-87.90029096099994,43.13731805000003],[-87.89229095999997,43.14871805200005],[-87.88109095899995,43.17061705700007],[-87.88759196199999,43.18661605900007],[-87.89629196599998,43.19711606000004],[-87.89674996799994,43.21431006300003],[-87.91009297499994,43.235915066000075],[-87.91179297699995,43.250414068000055],[-87.90185297699998,43.28412507400003],[-87.88921297599995,43.30766007900007],[-87.88239797899996,43.352107086000046],[-87.87250997899997,43.38018609200003],[-87.86989597899998,43.38314909200005],[-87.86403797699995,43.385752093000065],[-87.86505397799993,43.39357809400008],[-87.85561397699996,43.40544909700003],[-87.82732497199999,43.43485710300007],[-87.81670396999993,43.448265106000065],[-87.81255396899996,43.450430107000045],[-87.81195096899995,43.45464910700008],[-87.80401796799998,43.463382109000065],[-87.80093996799997,43.474402111000074],[-87.79169596799994,43.49225211500004],[-87.79353796899994,43.50001711600004],[-87.79410697199995,43.52469412000005],[-87.79177897299996,43.54400712300003],[-87.79267397499996,43.552720125000064],[-87.79014097499999,43.563062126000034],[-87.78126097399996,43.578501129000074],[-87.73431796699998,43.639198142000055],[-87.70620996299994,43.67955015000007],[-87.70269096299995,43.68760415200006],[-87.70428196399996,43.69485815300004],[-87.70299096499997,43.70640315500003],[-87.70819096799994,43.722903157000076],[-87.70989096999995,43.735803159000056],[-87.70829097099994,43.742903160000026],[-87.70299096999997,43.74970316200006],[-87.69833996899996,43.752744163000045],[-87.69952796899997,43.75463216300005],[-87.70356197099994,43.75500816300007],[-87.70301497099996,43.758760163000034],[-87.69601896899997,43.76275216400006],[-87.69588696899996,43.76539616500003],[-87.69754496999997,43.76497916500006],[-87.70549997299997,43.77344016600006],[-87.72641298399998,43.81045317000007],[-87.72960598699996,43.83179017400005],[-87.72870398899994,43.85253217700006],[-87.73602299399994,43.873729180000055],[-87.73618399499998,43.88042918100007],[-87.72680899399995,43.90314118500004],[-87.71904699599997,43.937789191000036],[-87.71188699499999,43.949169194000035],[-87.70395699399995,43.95665919500004],[-87.69892599299999,43.965944197000056],[-87.69550899499995,43.989590201000055],[-87.68336699499997,44.020147207000036],[-87.67132199299994,44.037358210000036],[-87.65608898999994,44.05180221400008],[-87.65348899099996,44.067202216000055],[-87.65600199299996,44.075176217000035],[-87.65518899299997,44.08190221800004],[-87.64985299199998,44.08880922000003],[-87.65122099399997,44.096262221000075],[-87.64658899299997,44.10470222300006],[-87.62108798799994,44.121903227000075],[-87.60088798299995,44.13170323000003],[-87.56318697299997,44.14420323400003],[-87.53994596799998,44.15969823800003],[-87.51966596399996,44.17987824200003],[-87.51290896299997,44.192816245000074],[-87.50742496399994,44.21081124800003],[-87.50842496599995,44.229677251000055],[-87.52176097399996,44.259965255000054],[-87.54116098299994,44.29315125900007],[-87.54472198599996,44.30687226100008],[-87.54538798799996,44.32139326300006],[-87.54088198799997,44.33274726600007],[-87.53336998699996,44.34142326700004],[-87.53508798799999,44.34640826800006],[-87.53358898799996,44.35111926900004],[-87.52105298599997,44.36753427200006],[-87.51760298599999,44.37570427400004],[-87.51797098799995,44.39436427700008],[-87.51164098899994,44.41405128000008],[-87.50188898799996,44.43549528400007],[-87.50247798899994,44.44484628600003],[-87.50037498999995,44.45621428800007],[-87.49773798999996,44.45827328800004],[-87.49866798999994,44.46069428800007],[-87.49662798999998,44.46398828900004],[-87.49274698899995,44.465059290000056],[-87.49411098999997,44.46998129000008],[-87.49002998899994,44.47723229200005],[-87.48751798999996,44.49117529400007],[-87.48375798999996,44.499530296000046],[-87.48370199099998,44.51136229700006],[-87.47372699099998,44.53151930100006],[-87.47324399199994,44.539520303000074],[-87.46809899199997,44.551933305000034],[-87.45217998899994,44.57290530900008],[-87.43749898899995,44.60507931500007],[-87.42088498499999,44.614956318000054],[-87.41803398499997,44.62087831900004],[-87.40541598099998,44.627199321000035],[-87.40163498099997,44.631199321000054],[-87.38220597799994,44.658641327000055],[-87.37857997799995,44.66516932800005],[-87.37843397799998,44.670287329000075],[-87.37382997799995,44.67731033000007],[-87.35379497499997,44.70192333600005],[-87.34351397399996,44.719236339000076],[-87.33519897499997,44.74974434400008],[-87.31898797199995,44.77134334900006],[-87.32107097399995,44.78129535000005],[-87.31854497399996,44.788512351000065],[-87.30596197199998,44.799483354000074],[-87.30731097299997,44.80210035400006],[-87.30482997199994,44.80461135500008],[-87.29188696899996,44.81161135700006],[-87.28256696699998,44.81473735800006],[-87.27603596699998,44.833188361000055],[-87.26744696599997,44.84685936400007],[-87.26148396399998,44.85103236500004],[-87.22536095499999,44.86526136900005],[-87.22425395499994,44.868453370000054],[-87.21433295299994,44.872419371000035],[-87.20994295099996,44.871991371000036],[-87.20455094999994,44.87560137200006],[-87.20629095199996,44.88593637400004],[-87.21720095699999,44.897847375000026],[-87.21598295699994,44.90660537600007],[-87.20424395499998,44.91682737900004],[-87.18673795099994,44.92547138100008],[-87.17492594699996,44.92775738200004],[-87.17170594699996,44.931484383000054],[-87.17524594899999,44.939761384000064],[-87.18838095399997,44.94808538400008],[-87.18941295699994,44.96864038800004],[-87.18190695599998,44.98089539000006],[-87.17516895399996,44.98589339100005],[-87.16353495299995,45.004898395000055],[-87.15408995099995,45.00912539600006],[-87.13938994699998,45.01257339800003],[-87.13019394599996,45.03125040100008],[-87.13052294699997,45.03658940200006],[-87.12481394599996,45.042175403000044],[-87.12485794799994,45.05609340500007],[-87.12116194699996,45.05831940600007],[-87.12339194799995,45.059930406000035],[-87.12315494799998,45.065974407000056],[-87.11935194699998,45.06933140800004],[-87.10960694499994,45.07117840900003],[-87.10057494199998,45.06983540900006],[-87.09724793999999,45.06631040900004],[-87.09677893899999,45.055704407000064],[-87.09164493699996,45.055153407000034],[-87.07894593399999,45.057748408000066],[-87.07988493599998,45.07354441100006],[-87.08417493699994,45.07487141100006],[-87.08488793799995,45.07923441100007],[-87.09204093999995,45.079210411000076],[-87.09605894199996,45.081920411000056],[-87.09629694299997,45.08712241200004],[-87.09273194199994,45.092659413000035],[-87.08583893999997,45.09484141400003],[-87.08108493899994,45.09249241400005],[-87.07591393599995,45.08738041300006],[-87.06967693399997,45.08477341300005],[-87.06801293299998,45.079570412000066],[-87.06527993199995,45.07822241200006],[-87.05744993099995,45.08747541400004],[-87.05232592899995,45.08963941500008],[-87.05029892899995,45.08755041500007],[-87.04803292799994,45.08776641500003],[-87.04709692799997,45.09400241600008],[-87.05133092999995,45.09748941600003],[-87.05279193099994,45.10141441700006],[-87.04884492999997,45.10574441800003],[-87.05105493199994,45.116180419000045],[-87.05731693499996,45.12453142000004],[-87.07062793999995,45.12671142000005],[-87.07561894099996,45.12905942000003],[-87.07728294299994,45.13576642100003],[-87.08132294499995,45.14180242100008],[-87.07086494299995,45.15303342400006],[-87.06516094099999,45.153368424000064],[-87.05636693799994,45.14766942400007],[-87.05589093699996,45.142640423000046],[-87.05137493499996,45.140460423000036],[-87.05089993499996,45.13643742200003],[-87.04575393299996,45.13499542200003],[-87.04067993199999,45.136437423000075],[-87.02885292899998,45.14637842500008],[-87.04523093599994,45.15840942600005],[-87.04297693499996,45.16037742700007],[-87.04590493799998,45.173910429000045],[-87.03837493799995,45.199012433000064],[-87.04091494099998,45.21154343500007],[-87.03188593799996,45.21347043600008],[-87.03521294099994,45.22958243800008],[-87.03117293999998,45.23209243900004],[-87.02427993799995,45.232762439000055],[-87.01073193299999,45.226736439000035],[-87.00536492999998,45.21370243700005],[-87.00281192899996,45.21178143700007],[-86.99601692699997,45.212661438000055],[-86.99338192699997,45.21635643800005],[-86.98601392399996,45.21535243900007],[-86.98138492299995,45.21775743900008],[-86.97876492399996,45.22734144100008],[-86.98607292699995,45.23300644100004],[-86.98510092699996,45.23801144200007],[-86.98212492599998,45.24012344300007],[-86.97608792499994,45.24123844300004],[-86.97340992399995,45.24331344400008],[-86.97302792399995,45.246407444000056],[-86.97671692499995,45.24615444400007],[-86.98267492799994,45.24912544400007],[-86.98440392999998,45.26437444600003],[-86.97453392799997,45.27183144800006],[-86.97036092699994,45.27846345000006],[-86.97246592899995,45.28412545000003],[-86.98336093299997,45.29537645100004],[-86.99088393599999,45.29608545100007],[-86.99411793699994,45.29806945100006],[-86.99766893799995,45.29825445100005],[-87.00242893899997,45.29507645000007],[-87.00753294099997,45.29451645000006],[-87.01704194399997,45.29926245000007],[-87.02236394499994,45.29492144900007],[-87.02356694499997,45.29215144800003],[-87.02214094399994,45.28746944800008],[-87.02546794499995,45.285630447000074],[-87.02998394699995,45.28763644700007],[-87.03830594899995,45.28795144700007],[-87.04390095099996,45.284775446000026],[-87.05170595299995,45.28589644600004],[-87.05763295599996,45.292846446000055],[-87.05971995699997,45.29881144700005],[-87.06744895899999,45.29582844600003],[-87.07371695799998,45.27208344200005],[-87.07832195899994,45.26573144100007],[-87.07466795599998,45.25552144000005],[-87.07751995699994,45.25267743900008],[-87.09201896199994,45.25585643900007],[-87.09966896499998,45.25961343900008],[-87.10874896699994,45.25701143800006],[-87.10984496599997,45.24832643600007],[-87.11643796699997,45.24152843500008],[-87.12282496699999,45.223005432000036],[-87.12161496499994,45.20979143000005],[-87.11941096399994,45.20544842900006],[-87.11997796199995,45.19111142700007],[-87.12369496299993,45.18989842600007],[-87.13303596699996,45.19285142600006],[-87.14157596899997,45.19111742500007],[-87.14629897099996,45.191920425000035],[-87.14906197099998,45.188891425000065],[-87.14811096999995,45.186044424000045],[-87.15167597099997,45.18470342400008],[-87.15736997299996,45.18672542400003],[-87.16718497599999,45.183602423000025],[-87.17507397699995,45.173058421000064],[-87.17282997499996,45.16342441900008],[-87.17354297499998,45.15739141800003],[-87.17116597399996,45.15537941800005],[-87.17259197399994,45.15135741700004],[-87.18067297599998,45.14901041600007],[-87.18732797799998,45.15135741600005],[-87.19521898199997,45.16311841800007],[-87.21157198699996,45.16593841700006],[-87.22012798999998,45.16593841700006],[-87.22197699199995,45.17504741800008],[-87.23121999399996,45.17289541700006],[-87.23700299499995,45.16945741600006],[-87.23795399499994,45.16610541600005],[-87.23462699399994,45.16510041600003],[-87.23391399399998,45.16275441500005],[-87.23937999499998,45.15923441500007],[-87.23890499399994,45.156217414000025],[-87.24292999499994,45.14938541300006],[-87.24031399299997,45.13789441100005],[-87.24151899199995,45.13207741000008],[-87.24413399299993,45.13056841000008],[-87.24823199399998,45.132762410000055],[-87.25049299499995,45.13129740900007],[-87.25745499599998,45.121652408000045],[-87.26010299599994,45.11324640600003],[-87.26172199299998,45.08628340200005],[-87.26998899399996,45.07725540000007],[-87.27706899599997,45.07729839900003],[-87.28040799699994,45.07544439900005],[-87.28428599699998,45.06370239700004],[-87.28239999599998,45.05758039600005],[-87.28406399499994,45.046498394000025],[-87.29285799699994,45.04633039400005],[-87.29666099899998,45.049184394000065],[-87.2988,45.05371839400004],[-87.30165200099998,45.05422239400008],[-87.30711900199998,45.05086439300004],[-87.30854500199996,45.04451939200004],[-87.32135700499998,45.03822339100003],[-87.32177300499995,45.03174339000003],[-87.33216500599997,45.01561038600005],[-87.34253200799998,45.01230038500006],[-87.34498000799994,45.003323384000055],[-87.35482200999996,44.99488738200006],[-87.36029401099995,44.987651380000045],[-87.37481101199995,44.956639374000076],[-87.38725901299995,44.939429371000074],[-87.39341101499997,44.934401370000046],[-87.39837401499994,44.925234368000076],[-87.39523701299998,44.920713368000065],[-87.40501101499996,44.911814366000044],[-87.40620501499995,44.90449836400006],[-87.39340500999998,44.89820736400003],[-87.38540200699998,44.88997236300003],[-87.38363700599996,44.88512336300005],[-87.38626600499998,44.87377536100007],[-87.38341400199994,44.853054358000065],[-87.38745500199997,44.849347357000056],[-87.38222599899996,44.83434835500003],[-87.385553,44.83114535400006],[-87.39006900099997,44.83114535400006],[-87.39334400299998,44.83821735500004],[-87.39743700499997,44.84193235500004],[-87.40554700899997,44.86005535700008],[-87.41002101099997,44.86199835700006],[-87.41995701599996,44.87594835900006],[-87.42762301899995,44.88236536000005],[-87.43261401999996,44.88034435900005],[-87.43855602199994,44.881017359000055],[-87.43903102199994,44.88505935900008],[-87.43641702199994,44.88758536000006],[-87.41911201599999,44.88538636100003],[-87.42033301699996,44.88760436100006],[-87.433134022,44.89274936100003],[-87.43709002299994,44.89272636100003],[-87.44235902399998,44.889943360000075],[-87.44332502399999,44.885587359000056],[-87.46140502799994,44.87691635700003],[-87.47849503199996,44.86358035400008],[-87.48133803199994,44.85726635200007],[-87.48561603299999,44.85457035200005],[-87.49346003499994,44.854739351000035],[-87.50059003799998,44.85844535100006],[-87.49911903799995,44.864363352000055],[-87.50382303999999,44.865125352000064],[-87.51502104399998,44.87199835300004],[-87.51884804499997,44.87203935200006],[-87.52127204499999,44.86967435200006],[-87.50772103999998,44.859625351000034],[-87.50344203899994,44.85928835100003],[-87.50415503899995,44.85625535100007],[-87.51461304099996,44.85052634900006],[-87.52982504599998,44.85170634900004],[-87.53100504699995,44.857445349000045],[-87.53395904799999,44.857261349000055],[-87.53339004699995,44.84951534800007],[-87.53600404699995,44.84547134700006],[-87.54004504799997,44.843112347000044],[-87.54194604699995,44.83232534500007],[-87.55668305099994,44.82490834300006],[-87.55929705199998,44.82507734300003],[-87.55739605199994,44.82962834300008],[-87.55858405199996,44.830977344000075],[-87.56214905299998,44.82962834300008],[-87.56571405399995,44.830134343000054],[-87.55977205399995,44.84412334600006],[-87.54955205099998,44.84732534700004],[-87.55029405199997,44.85129834700007],[-87.57831106099997,44.85339134600008],[-87.589392063,44.847056344000066],[-87.59344606399998,44.84301334300005],[-87.61006906899996,44.83839234200008],[-87.61491406999994,44.83502234100007],[-87.62498507099997,44.82319633800006],[-87.63711007399996,44.81358333600008],[-87.64630607499998,44.79874733300005],[-87.66113007799999,44.788555331000055],[-87.66292507799994,44.77988032900004],[-87.68628808199998,44.76151932500005],[-87.70585808599998,44.73823332000006],[-87.70737208499997,44.73380431900006],[-87.71379708699999,44.73101231800007],[-87.72089508799996,44.724556317000065],[-87.72182208799995,44.718977316000064],[-87.71759208399999,44.69799831300003],[-87.71978608399996,44.69325431200008],[-87.72984208599996,44.682023310000034],[-87.74841508999998,44.66713030600005],[-87.75090508899996,44.65620030400004],[-87.75603708999995,44.64913730300003],[-87.76578009199994,44.64203130100003],[-87.77516609499997,44.63928930000003],[-87.80283610299995,44.637809298000036],[-87.80882510399994,44.636346298000035],[-87.84071011199995,44.61870729300006],[-87.85656111699996,44.61971929200007],[-87.86400211899996,44.615493291000064],[-87.86689011899995,44.60844229000003],[-87.86962311899998,44.60630228900004],[-87.88040212199996,44.603310288000046],[-87.88169212199995,44.597821287000045],[-87.88800812299996,44.59434028600003],[-87.88750712299998,44.59229328600003],[-87.89172312399995,44.58899028500008],[-87.91363812899993,44.57759128200007],[-87.90892412699998,44.57673628200007],[-87.90417012599994,44.57825928300008],[-87.89889412399998,44.57414328200008],[-87.90118312399994,44.56893328100006],[-87.917006126,44.54810127700006],[-87.92315112799997,44.543615276000025],[-87.92900712899996,44.53600127400006],[-87.94380713199996,44.52970127300006],[-87.95514613599994,44.528910272000076],[-87.97070813999994,44.530300271000044],[-87.98129514399994,44.533249271000045],[-87.98165414499994,44.53913827200006],[-87.98569514599996,44.540494272000046],[-87.99353814799997,44.537275271000055],[-88.00012915099995,44.54031427100006],[-88.00870815299999,44.54172227000004],[-88.03132916199996,44.55946427200007],[-88.04226216599994,44.56234327200008],[-88.04345116699994,44.56979427300007],[-88.03610916599996,44.57680027400005],[-88.02710916299998,44.579000275000055],[-88.02502216199997,44.57772327500004],[-88.01492915999995,44.585539277000066],[-88.01641016199994,44.59210027800003],[-88.01240116199995,44.60244628000004],[-88.01350316299994,44.61447828200005],[-88.00851216199999,44.61566228200007],[-88.00375815999996,44.60990928200005],[-87.99829215799997,44.607879282000056],[-87.98545715299997,44.59671028100007],[-87.98046614999998,44.58638527900007],[-87.97880214999998,44.59197128000005],[-87.98310915299999,44.60010028100004],[-88.00387016099995,44.617789283000036],[-88.00946916399994,44.63040628400006],[-88.00977216499996,44.63708928500006],[-88.00432016399998,44.64582128700005],[-88.00451216599998,44.65554828900008],[-88.00209116599996,44.66404329000005],[-87.99543916499994,44.67332729200007],[-87.992112164,44.67265129200007],[-87.98236715899998,44.65202628900005],[-87.97703915699998,44.65332729000005],[-87.98730816299997,44.67422229300007],[-87.98972316499999,44.68659029400004],[-87.98350016699999,44.720204300000034],[-87.97595016599996,44.72755730200004],[-87.97533816599997,44.73123030200003],[-87.96472016399997,44.74357830500003],[-87.95156616099996,44.75311530700003],[-87.93887215799998,44.75912530900007],[-87.94124815899994,44.761319309000044],[-87.93982215899996,44.764188310000065],[-87.93435315799996,44.765697310000064],[-87.92855715699994,44.77353331200004],[-87.91943615599996,44.790292315000045],[-87.91715315699997,44.79952831700007],[-87.91358815599995,44.80147631700004],[-87.90182415499999,44.82222432100008],[-87.90114315499994,44.82737332200003],[-87.87822414999994,44.839024325000025],[-87.86624314599999,44.84048932600007],[-87.86328914599994,44.84799932800007],[-87.85468714499996,44.85777933000003],[-87.85279514499996,44.864868331000025],[-87.84833014499998,44.87044833200008],[-87.84403714299998,44.870743332000075],[-87.83836514199999,44.87399533300004],[-87.83659614199996,44.87669533400003],[-87.83828214299996,44.87903133400005],[-87.83277014099997,44.88094733500003],[-87.82775714099995,44.891237337000064],[-87.82836814099994,44.894573337000054],[-87.83956714599998,44.905615338000075],[-87.84430514899998,44.91853234000007],[-87.84343914999994,44.92436334100006],[-87.83903414899999,44.93172634200005],[-87.83193014799997,44.936162343000035],[-87.81953114599997,44.951117346000046],[-87.81299514399996,44.95402134700004],[-87.76687813099994,44.965262352000025],[-87.69649811099998,44.97424135800003],[-87.67185210399998,44.974711359000025],[-87.65576609899995,44.97150436000004],[-87.65409109799998,44.97428336000007],[-87.63030409099997,44.97687336200005],[-87.62469909399994,45.01418436800003],[-87.62575409799996,45.04516537300003],[-87.61040109699996,45.07562537900003],[-87.59718709499998,45.084162381000056],[-87.59007009099997,45.076047380000034],[-87.57698408699997,45.06893338000003],[-87.57528908599994,45.07046238000004],[-87.59204709399995,45.09426038300006],[-87.62764610599999,45.103336382000066],[-87.63154110799996,45.10623238200003],[-87.64819711299998,45.106376381000075],[-87.65141811399997,45.10856638100006],[-87.65995811599998,45.10752038100003],[-87.661302117,45.11257438100006],[-87.67245312199998,45.12130238200007],[-87.67450512299996,45.12657438300005],[-87.67821512499995,45.13009238300003],[-87.67582212499997,45.13506738400008],[-87.68390812799998,45.14414338500006],[-87.692381131,45.149513385000034],[-87.70349813499996,45.152214385000036],[-87.71011413799994,45.15902138600006],[-87.71795114099996,45.16116438500006],[-87.72777414499996,45.16960438600006],[-87.73514114699998,45.171546386000045],[-87.73651514799997,45.17339738600003],[-87.73521614799995,45.17765038700003],[-87.74173815199998,45.198209390000045],[-87.73634515199996,45.20466139100006],[-87.72620414899995,45.20939939200008],[-87.72695814999997,45.21895739400003],[-87.72136014999995,45.22685539500003],[-87.72521115199999,45.23154739600005],[-87.71827014999997,45.238341397000056],[-87.71134514799996,45.239973398000075],[-87.71113714999996,45.25293640000007],[-87.70778514999995,45.25835140100003],[-87.71045614999997,45.25933240100005],[-87.70584314999996,45.26588340200004],[-87.69878614799995,45.26942840300006],[-87.69825414999997,45.28152040500004],[-87.69037014799994,45.29027840700007],[-87.68750414799996,45.298063409000065],[-87.68033614699993,45.30280841000007],[-87.67909114699995,45.305849410000064],[-87.67194114499995,45.308212411000056],[-87.67267514499997,45.31022141100004],[-87.66150614299994,45.32139441400005],[-87.66160914399995,45.32761641500008],[-87.65578114299996,45.33085541600008],[-87.64813214099996,45.339404417000026],[-87.64773514299998,45.35072941900006],[-87.65066714399995,45.35380642000007],[-87.65357414499994,45.35421241900008],[-87.65663814599998,45.35862542000007],[-87.65735514799997,45.36876042100005],[-87.67351915399996,45.37695442200004],[-87.67502315499996,45.38246242200006],[-87.68287215799995,45.38495842200007],[-87.68594015899998,45.388719423000055],[-87.693962162,45.38990142200004],[-87.70434316399997,45.385470421000036],[-87.70833516499994,45.381226420000075],[-87.71889716799996,45.377470419000076],[-87.733415171,45.364440416000036],[-87.73846317099998,45.35716441500006],[-87.75093417499994,45.355045414000074],[-87.75411017499994,45.34945041200007],[-87.76213417699995,45.34840941200008],[-87.76917817999998,45.351203412000075],[-87.78308218399997,45.349733411000045],[-87.79033018599995,45.353452411000035],[-87.80047018999994,45.35361641000003],[-87.81008219199998,45.35127740900003],[-87.82303419599998,45.35265840900007],[-87.82692419699998,45.35054640800007],[-87.83261819899997,45.35225740800007],[-87.83530919999998,45.350988408000035],[-87.83814719999998,45.34510940700005],[-87.85013920299997,45.34044340500003],[-87.85042420399998,45.34750040600005],[-87.86349520899995,45.35302840600008],[-87.86576920999994,45.35628840700008],[-87.86600521099996,45.36320240800006],[-87.87024421199999,45.36644440800006],[-87.87580321399997,45.365322407000065],[-87.870090211,45.359030407000034],[-87.87037321099996,45.356275406000066],[-87.88112021399996,45.35128640500005],[-87.88517621499994,45.351744405000034],[-87.888058216,45.35470540500006],[-87.884861216,45.362800406000076],[-87.87127421299994,45.37147540900003],[-87.87569821499994,45.37706040900008],[-87.87543021599998,45.379381410000065],[-87.87091121499998,45.38312441000005],[-87.85942421199996,45.38823541200003],[-87.85683621199996,45.393114413000035],[-87.85960921299994,45.39641741300005],[-87.85913721299994,45.39897541400006],[-87.850975211,45.40193341500003],[-87.84932821099994,45.40388041500006],[-87.85053921199994,45.41169341600005],[-87.85622221399996,45.41610941600004],[-87.85713021499998,45.420200417000046],[-87.86043821699997,45.42351241700004],[-87.86170321799995,45.434481419000065],[-87.85530421699997,45.44138742000007],[-87.84743521499996,45.44418542100004],[-87.84482121499997,45.44841942200003],[-87.83601421299994,45.450885423000045],[-87.83122321199994,45.45719342400008],[-87.82551520999993,45.45803442500005],[-87.81984020899995,45.460599426000044],[-87.82027020899994,45.46232242600007],[-87.81298220699995,45.464167426000074],[-87.81147520699994,45.46799942700005],[-87.80577920599995,45.47314742800006],[-87.80689720699996,45.47910042900003],[-87.79896620599999,45.48515543100007],[-87.79794920599994,45.494052432000046],[-87.79277520599999,45.49997543300003],[-87.79322120599994,45.50503643400003],[-87.79880020799999,45.50629543400004],[-87.80224720999996,45.51306743500004],[-87.80472621299998,45.531252437000035],[-87.80339621399997,45.53828043800007],[-87.81374321799996,45.54862443900004],[-87.83230222499998,45.55877544000003],[-87.83359722599994,45.56253744000003],[-87.83169522599997,45.56804344100004],[-87.82935222499998,45.56878444200004],[-87.81042621899996,45.56531644200004],[-87.80611021799996,45.56287144200007],[-87.79237821299995,45.56306344300003],[-87.78880421299993,45.56595544400005],[-87.78677321399994,45.58283844600004],[-87.77720521199996,45.58850744800003],[-87.774688213,45.60203245000008],[-87.77757221399997,45.60401945000007],[-87.77767721499998,45.609212451000076],[-87.78085121599997,45.61460745200003],[-87.79202221999998,45.61676445100005],[-87.79588622199998,45.61885445100006],[-87.79698922299997,45.623621452000066],[-87.80448722599994,45.62894145200005],[-87.81020022799999,45.638740453000025],[-87.82410823399994,45.64714645400005],[-87.82468223499995,45.653219455000055],[-87.82269923499996,45.65608545500004],[-87.82317023599995,45.66274045600005],[-87.80329622999994,45.666502458000025],[-87.795361228,45.67134245900007],[-87.78162922399997,45.67328846100003],[-87.78223222599996,45.68306146200007],[-87.80188623299995,45.69387046200006],[-87.80908123599994,45.69972546300005],[-87.80508723499997,45.70498246400007],[-87.81015023799995,45.71023846400004],[-87.82418624199994,45.71266346400006],[-87.83734924699996,45.71692746400004],[-87.85548625399997,45.72695146400008],[-87.86432625799995,45.73714746500008],[-87.86221725799999,45.74502646600007],[-87.86599825899998,45.74654546600004],[-87.86811725999996,45.749485467000056],[-87.87334526199999,45.75044746700007],[-87.87581926299998,45.75389646700006],[-87.88226726499994,45.75478746700003],[-87.89836926999999,45.752511465000055],[-87.90587927299998,45.75937246600006],[-87.91134227399994,45.75654746500004],[-87.91728427699996,45.75949146500005],[-87.92200527799997,45.75699746500004],[-87.92913627999997,45.760372465000046],[-87.93459128199999,45.758102464000046],[-87.94548428499996,45.75669546300003],[-87.95446528799994,45.758422463000045],[-87.95928328899998,45.75737546200003],[-87.96345828999995,45.758228462000034],[-87.96697629199997,45.76402946300004],[-87.98643529899994,45.769604462000075],[-87.98966229999996,45.77203346300007],[-87.985603299,45.77493446300008],[-87.98179529799995,45.77508946300003],[-87.98087629799994,45.77698546400006],[-87.98794830199995,45.79308346600004],[-87.99145330399995,45.795401466000044],[-87.99588230499995,45.79544346600005],[-88.00704930799998,45.792200464000075],[-88.01759431099998,45.792463464000036],[-88.02723431399994,45.78919846300005],[-88.03973531799994,45.78963446200004],[-88.04175031799997,45.78374246100003],[-88.05064031999996,45.78098046000008],[-88.07209732599995,45.78026945900007],[-88.07638132799997,45.781614458000035],[-88.07977032899998,45.78495845900005],[-88.09405333399997,45.78566645800004],[-88.10325333699996,45.79136945800008],[-88.10635733899994,45.79758145900007],[-88.10536133899996,45.80011245900005],[-88.10833733999993,45.80347346000008],[-88.11603034299998,45.80408745900007],[-88.12946734799993,45.80929645900005],[-88.13559634999996,45.81731546000003],[-88.13507335099996,45.82170246100003],[-88.11173234599994,45.83920446500008],[-88.106628345,45.84108046600005],[-88.09833234299998,45.85015046800004],[-88.08883134099995,45.85586846900003],[-88.08259634099994,45.86495247100004],[-88.07754033899994,45.86383347100008],[-88.07483433799996,45.86491347100008],[-88.07557233899996,45.869943472000045],[-88.069891338,45.87272547300006],[-88.08182634199994,45.880209473000036],[-88.09650234699996,45.87986947200005],[-88.10182034899998,45.883512472000064],[-88.10253334999999,45.89223047400003],[-88.10598735199994,45.89709947400007],[-88.10663035299996,45.90222147500003],[-88.10197935199994,45.91055847600006],[-88.09497435099996,45.914677477000055],[-88.10291435399995,45.921877478000056],[-88.12638836099995,45.921507477000034],[-88.12642536199996,45.92561647700006],[-88.14100736699999,45.93061647700006],[-88.14642536899999,45.93420247700004],[-88.14616936899995,45.93680247800006],[-88.15611737199998,45.93752247700007],[-88.16118137399997,45.940609477000066],[-88.16396537499998,45.938348477000034],[-88.17010237699998,45.93947847600003],[-88.17801437999998,45.94711947700006],[-88.18617238299998,45.949312477000035],[-88.19199738499998,45.95274847700006],[-88.19763338699994,45.953090477000046],[-88.20380338799998,45.947949476000076],[-88.21914539299996,45.947511475000056],[-88.22377939399996,45.94872047400003],[-88.23019939599999,45.94725947400008],[-88.23994739899996,45.949370473000045],[-88.24575840199998,45.95415547400006],[-88.24635240299995,45.96339747500008],[-88.25482240599996,45.963546475000044],[-88.25934940699995,45.95950247400003],[-88.26895040899996,45.956421473000034],[-88.28498041399996,45.95533747200005],[-88.29238741599994,45.95112347000003],[-88.29527041699998,45.95126147000008],[-88.30097141899995,45.95617647100005],[-88.31690042399998,45.960977470000046],[-88.31970442599999,45.963634471000034],[-88.32053742499994,45.95997147000003],[-88.32695942699996,45.955079469000054],[-88.33030242799998,45.95663346900005],[-88.32787842699997,45.95894246900008],[-88.33014342899997,45.96595947000003],[-88.33474643099999,45.96863547000004],[-88.34144343299994,45.96872747000003],[-88.34542343499999,45.97399347000004],[-88.35928543999995,45.98151647100008],[-88.37145544399993,45.985364471000025],[-88.37371144499997,45.988564471000075],[-88.38018944799995,45.99166247100004],[-88.38524044899998,45.99024747000004],[-88.38432444899996,45.98812147000007],[-88.38794544899997,45.98317546900006],[-88.395314451,45.98039946800003],[-88.40285445299997,45.98120246800005],[-88.40987045499998,45.97969646700005],[-88.41692045699995,45.97533146600006],[-88.42305045899997,45.978555466000046],[-88.42232845899997,45.98017846600004],[-88.42613146099995,45.98411046700005],[-88.43388146299998,45.985609467000074],[-88.43476846399994,45.98834846700004],[-88.43881046499996,45.98874946700005],[-88.44075546599998,45.990858467000066],[-88.450331469,45.99018946600006],[-88.45426747,45.99343446600005],[-88.45377447099997,45.997027467000066],[-88.45866447299994,45.999399467000046],[-88.47086147699997,46.00101246600008],[-88.47470147699994,45.99877846600003],[-88.47400247699994,45.994447465000064],[-88.47600847699994,45.992834465000044],[-88.48043847799994,45.99164746400004],[-88.48380847899995,45.99241346400004],[-88.48676147999998,45.990957464000076],[-88.49250148199997,45.99216546400004],[-88.49380948299995,45.99427046400007],[-88.49742348399997,45.995157464000044],[-88.49690448399997,45.99902046400007],[-88.50013948499998,46.00046546400006],[-88.50648248899995,46.011122466000074],[-88.50621148899995,46.01714246700004],[-88.51460749199998,46.01993446600005],[-88.53420249799996,46.020894465000026],[-88.53290349799994,46.018105465000076],[-88.53627449899994,46.01769646500003],[-88.54108449999995,46.01377146400006],[-88.55076250199994,46.01290446300004],[-88.55499350399998,46.01498546300007],[-88.56068750599997,46.01428546300008],[-88.565491507,46.01571646300005],[-88.57155950899994,46.01381946200007],[-88.58067651099998,46.00698346000007],[-88.58900651299996,46.00508545900004],[-88.59386651599993,46.015140461000044],[-88.59809951699998,46.017631461000065],[-88.60144651799999,46.01760746100007],[-88.60744451899996,46.01099945900006],[-88.60694551899996,46.00846245900004],[-88.61271851999999,46.00447045800007],[-88.61156951899994,45.99881845700003],[-88.61592851999995,45.99334345600005],[-88.61306951799997,45.990635456000064],[-88.61641151899994,45.987708455000075],[-88.63406152399995,45.98800745400007],[-88.63483952399997,45.985667454000065],[-88.63750652499994,45.98496845300008],[-88.64647652799994,45.98711845300005],[-88.64788952899994,45.98867545300004],[-88.65142352999999,45.987574453000036],[-88.65776653199998,45.98929545300007],[-88.66337453299997,45.98767745200007],[-88.66370353299999,45.98909245200008],[-88.67083353599998,45.98855545200007],[-88.67060753599998,45.98983845200007],[-88.66361553399997,45.99240545300006],[-88.66719553499996,45.994043453000074],[-88.66704253599994,45.99724245300007],[-88.671273537,45.999034453000036],[-88.67121353799996,46.00469145400007],[-88.67592253999999,46.008554454000034],[-88.67461253999994,46.01057545500004],[-88.67913854099999,46.01354645500004],[-88.68682154399994,46.015026455000054],[-88.68990854499998,46.01411645400003],[-88.69872254799998,46.01791145400006],[-88.70469354999994,46.01816245400005],[-88.70772154999997,46.01540445300003],[-88.71226655199996,46.01619245300003],[-88.71305555199996,46.01267645300004],[-88.71840355299997,46.01329245200003],[-88.71803055299995,46.015619453000056],[-88.72212155499994,46.01735845300004],[-88.72113155499994,46.022021453000036],[-88.72480755699996,46.02451145400005],[-88.73068155899995,46.026543454000034],[-88.73350555899998,46.02555145300005],[-88.74000056199998,46.027316453000026],[-88.75218256499994,46.02359245200006],[-88.75862456599998,46.01955045100004],[-88.77005257099995,46.02573645100006],[-88.76971856999995,46.018976450000025],[-88.78016257199994,46.015403449000075],[-88.78401357399997,46.02299245000006],[-88.77874057399998,46.02888345100007],[-88.77863457399997,46.031279451000046],[-88.78441757599995,46.03271745100005],[-88.78835757599995,46.02862145000006],[-88.79618857999998,46.03372045000003],[-88.80067657999996,46.03004444900006],[-88.79624857899995,46.02686144900008],[-88.79646657799998,46.02361344900004],[-88.80176757999999,46.02374544800006],[-88.80577758099997,46.021562448000054],[-88.81603258399997,46.020594447000065],[-88.81543358399995,46.022962447000054],[-88.81909058499997,46.02632244800003],[-88.83860759199996,46.03013244700003],[-88.84390959399997,46.03305844700003],[-88.85027659699995,46.04028244800003],[-89.091636683,46.13851344700004],[-89.63842286299996,46.243812426000034],[-90.12049601999996,46.336860407000074],[-90.12138702099998,46.33813940700003],[-90.11799901999996,46.341381408000075],[-90.12020502099995,46.34507440900006],[-90.12189802199998,46.34447940800004],[-90.12355602299994,46.346514409000065],[-90.11674802099998,46.350660410000046],[-90.11883402299998,46.359249411000064],[-90.12248802399995,46.360607411000046],[-90.12293002499996,46.36361141100008],[-90.13387802899996,46.37183641100006],[-90.13283002999998,46.37826041200003],[-90.13425702999996,46.379139413000075],[-90.13225702999995,46.38125741300007],[-90.13941703299997,46.38500741300004],[-90.14080003399994,46.388431413000035],[-90.14436603499996,46.39026341300007],[-90.14747103699995,46.39560241400005],[-90.14677703699994,46.39914041500003],[-90.15294303899998,46.401301414000045],[-90.15401303999994,46.40667941500004],[-90.15785804199999,46.40929941500008],[-90.15861004399994,46.42266441700008],[-90.16059804499997,46.423007417000065],[-90.15964204499994,46.42529341800008],[-90.16235604599996,46.427499418000025],[-90.16342904699997,46.43461341900007],[-90.16777704899994,46.44213041900008],[-90.17041104999998,46.439446419000035],[-90.17793705199995,46.44023741800004],[-90.17677005299998,46.44768342000003],[-90.17893105399997,46.450275420000025],[-90.17833205499994,46.45741642100006],[-90.18028605599994,46.45874442100006],[-90.18034305499998,46.45675442100003],[-90.18769405799998,46.45821442000005],[-90.19075605899997,46.460181420000026],[-90.19330105999995,46.46315142100008],[-90.18900305999995,46.46902342200008],[-90.19266406099996,46.46858442200005],[-90.19340106099997,46.472495422000065],[-90.20401606499996,46.47818342200003],[-90.20570306699994,46.484454423000045],[-90.21176006899998,46.49035942300003],[-90.21119906999996,46.49311942400004],[-90.21660107299994,46.501767425000025],[-90.22053907399999,46.50341142500008],[-90.23033107699996,46.50174042400005],[-90.22940907699996,46.508000425000034],[-90.23159407799994,46.50985042500008],[-90.24340208099994,46.505253423000056],[-90.25716708499994,46.50472442200004],[-90.26051108599995,46.502830422000045],[-90.26527608699996,46.50383742200006],[-90.26432808799996,46.50664042200003],[-90.26657408799997,46.50786342200007],[-90.27298308999997,46.50514742100006],[-90.27042908999994,46.51169842200005],[-90.27472809199998,46.51542442300007],[-90.27758409299997,46.51503042200005],[-90.27506709199997,46.518406423000044],[-90.27180309199997,46.51927342300007],[-90.27713809399995,46.524495424000065],[-90.27892709399998,46.52227942300004],[-90.28227309499994,46.52158342300004],[-90.28343009499997,46.51887642300005],[-90.29475709899998,46.52165442200004],[-90.29441809799994,46.518856422000056],[-90.29829109899998,46.51782842100005],[-90.30772310199995,46.51840042100008],[-90.30854410199998,46.516820421000034],[-90.31384610399994,46.51620742000006],[-90.31699010499995,46.51732742000007],[-90.31778410599998,46.52164542100007],[-90.31444110499996,46.52379242100005],[-90.31189310499997,46.528703422000035],[-90.31294310599998,46.53044942200006],[-90.31061210499996,46.53256242300006],[-90.31086610599993,46.539373424000075],[-90.31633810799997,46.540882424000074],[-90.31520310799993,46.544455424000034],[-90.31845510899996,46.54425142400004],[-90.32067010999998,46.54661442400004],[-90.32669311199999,46.546158424000055],[-90.32735311299996,46.55113342400006],[-90.33257711499994,46.551873424000064],[-90.33189411499995,46.55328642400008],[-90.33692811599997,46.55408442400005],[-90.34434511799998,46.552095423000026],[-90.33941111599995,46.549296423000044],[-90.34234311699998,46.54783942300003],[-90.34681311799994,46.54935842300006],[-90.34580611799998,46.54515142200006],[-90.35032511799994,46.540501421000045],[-90.35734911999998,46.53900242000003],[-90.35973112099998,46.53937642000005],[-90.36069212099994,46.54138842100008],[-90.36474312199994,46.53959442000007],[-90.36709012299997,46.54117142000007],[-90.37620812599994,46.53816741900005],[-90.37685712599995,46.536183419000054],[-90.38026512699997,46.53670141900005],[-90.38596212799996,46.53379941800006],[-90.39332712999999,46.53262341700008],[-90.39527913099994,46.53394941700003],[-90.39214912999995,46.53484941800008],[-90.39242613,46.53621841800003],[-90.39557513099999,46.53632541700006],[-90.40004813399997,46.54439241800003],[-90.40560013599998,46.54759241800008],[-90.40785013699997,46.554513419000045],[-90.41460313999994,46.557328419000044],[-90.41814314199996,46.56610242000005]]]]}}]}